Name,S-BERT_Similarity,Jaccard_Similarity,Combined_Score,ML_Prediction,ML_Probability,target,web_keyword_count,programming_lang_count,framework_count,database_count,has_web_exp,skills_keyword_count,experience_score,work_exp_length,skills_length
ABU,0.6387929,0.06451612903225806,0.9580644863267098,1,1.0,1,2.0,2.0,0.0,0.0,1.0,1.0,1.0,688.0,82.0
YG,0.57787293,0.06504065040650407,0.9088434510599307,1,1.0,1,3.0,2.0,1.0,0.0,1.0,0.0,3.0,642.0,33.0
AAN,0.5778729,0.06504065040650407,0.9088433914552859,1,1.0,1,3.0,2.0,1.0,0.0,1.0,0.0,3.0,642.0,33.0
BTO,0.536068,0.06349206349206349,0.8615160555120498,1,1.0,1,1.0,3.0,0.0,0.0,1.0,0.0,2.0,136.0,292.0
XK,0.5210569,0.06451612903225806,0.8557408052106057,1,1.0,1,2.0,2.0,0.0,0.0,1.0,0.0,0.0,92.0,116.0
AFX,0.5210569,0.06451612903225806,0.8557408052106057,1,1.0,1,2.0,2.0,0.0,0.0,1.0,0.0,0.0,92.0,116.0
ZO,0.5210569,0.06451612903225806,0.8557408052106057,1,1.0,1,2.0,2.0,0.0,0.0,1.0,0.0,0.0,92.0,116.0
WU,0.5079824,0.06451612903225806,0.84437783533527,1,1.0,1,4.0,2.0,0.0,0.0,1.0,4.0,2.0,1185.0,1358.0
AHK,0.5079824,0.06451612903225806,0.84437783533527,1,1.0,1,4.0,2.0,0.0,0.0,1.0,4.0,2.0,1185.0,1358.0
YY,0.5079824,0.06451612903225806,0.84437783533527,1,1.0,1,4.0,2.0,0.0,0.0,1.0,4.0,2.0,1185.0,1358.0
BGH,0.60104525,0.05172413793103448,0.8344351318375818,1,0.92,1,0.0,1.0,0.0,0.0,0.0,0.0,0.0,0.0,1336.0
ZA,0.5005082,0.06306306306306306,0.8275652931617186,1,0.97,1,5.0,4.0,0.0,0.0,1.0,4.0,2.0,272.0,196.0
WG,0.43694592,0.07042253521126761,0.8245759308338165,1,0.96,1,3.0,1.0,0.0,0.0,1.0,0.0,2.0,161.0,0.0
WK,0.59499806,0.05,0.8169381725788116,1,1.0,1,6.0,6.0,0.0,1.0,1.0,0.0,2.0,875.0,28.0
ACN,0.51362586,0.057971014492753624,0.8028122393117434,1,1.0,1,3.0,2.0,0.0,0.0,1.0,2.0,3.0,999.0,138.0
XN,0.6353063,0.042682926829268296,0.8000186293590359,1,1.0,1,6.0,3.0,3.0,1.0,1.0,6.0,1.0,825.0,392.0
ZR,0.6353063,0.042682926829268296,0.8000186293590359,1,1.0,1,6.0,3.0,3.0,1.0,1.0,6.0,1.0,825.0,392.0
AGA,0.63530624,0.042682926829268296,0.8000185697543911,1,1.0,1,6.0,3.0,3.0,1.0,1.0,6.0,1.0,825.0,392.0
AGL,0.51576924,0.05555555555555555,0.78752527501848,1,1.0,1,6.0,3.0,2.0,0.0,1.0,5.0,1.0,905.0,103.0
AAD,0.51576924,0.05555555555555555,0.78752527501848,1,1.0,1,6.0,3.0,2.0,0.0,1.0,5.0,1.0,905.0,103.0
XW,0.51576924,0.05555555555555555,0.78752527501848,1,1.0,1,6.0,3.0,2.0,0.0,1.0,5.0,1.0,905.0,103.0
AHH,0.5581706,0.04964539007092199,0.7824139101285461,1,0.99,1,5.0,3.0,0.0,1.0,1.0,3.0,0.0,645.0,104.0
YQ,0.55817056,0.04964539007092199,0.7824138505239013,1,0.99,1,5.0,3.0,0.0,1.0,1.0,3.0,0.0,645.0,104.0
YV,0.55817056,0.04964539007092199,0.7824138505239013,1,0.99,1,5.0,3.0,0.0,1.0,1.0,3.0,0.0,645.0,104.0
YU,0.55817056,0.04964539007092199,0.7824138505239013,1,0.99,1,5.0,3.0,0.0,1.0,1.0,3.0,0.0,645.0,104.0
AAM,0.52964336,0.05263157894736842,0.7788229713314457,1,1.0,1,5.0,2.0,1.0,0.0,1.0,4.0,4.0,829.0,230.0
YF,0.52964336,0.05263157894736842,0.7788229713314457,1,1.0,1,5.0,2.0,1.0,0.0,1.0,4.0,4.0,829.0,230.0
AGU,0.52964336,0.05263157894736842,0.7788229713314457,1,1.0,1,5.0,2.0,1.0,0.0,1.0,4.0,4.0,829.0,230.0
XJ,0.4082813,0.06741573033707865,0.7783153483037197,1,0.99,1,8.0,3.0,3.0,0.0,1.0,5.0,4.0,1256.0,102.0
ZN,0.4082813,0.06741573033707865,0.7783153483037197,1,0.99,1,8.0,3.0,3.0,0.0,1.0,5.0,4.0,1256.0,102.0
AFW,0.4082813,0.06741573033707865,0.7783153483037197,1,0.99,1,8.0,3.0,3.0,0.0,1.0,5.0,4.0,1256.0,102.0
ABI,0.4871321,0.056,0.7657924641132354,1,0.91,1,3.0,1.0,0.0,0.0,1.0,0.0,10.0,993.0,0.0
BTL,0.43788123,0.061855670103092786,0.7645640469088997,1,0.89,1,0.0,0.0,0.0,0.0,1.0,0.0,3.0,281.0,100.0
BHB,0.49514902,0.05426356589147287,0.7604312370913897,1,0.97,1,2.0,2.0,0.0,0.0,0.0,2.0,0.0,0.0,1511.0
BIZ,0.49514902,0.05426356589147287,0.7604312370913897,1,0.97,1,2.0,2.0,0.0,0.0,0.0,2.0,0.0,0.0,1511.0
BKQ,0.49514902,0.05426356589147287,0.7604312370913897,1,0.97,1,2.0,2.0,0.0,0.0,0.0,2.0,0.0,0.0,1511.0
AYA,0.5041398,0.05263157894736842,0.7566579410904332,1,1.0,1,2.0,2.0,0.0,0.0,0.0,2.0,3.0,522.0,169.0
AED,0.46464032,0.05699481865284974,0.7533081842827674,1,0.96,1,5.0,4.0,1.0,0.0,1.0,1.0,8.0,2014.0,59.0
BBG,0.5086306,0.05128205128205128,0.7509792366088965,1,0.83,1,0.0,0.0,0.0,0.0,0.0,0.0,1.0,123.0,185.0
ACB,0.4211614,0.06190476190476191,0.7503814929439908,1,0.95,1,7.0,3.0,2.0,1.0,1.0,2.0,0.0,871.0,1013.0
AEU,0.54843605,0.045454545454545456,0.7441986598751762,1,0.96,1,8.0,6.0,2.0,3.0,1.0,4.0,9.0,1530.0,238.0
AFO,0.5053149,0.05,0.7389950263500213,1,0.8,1,0.0,0.0,0.0,0.0,1.0,0.0,0.0,46.0,0.0
ZJ,0.5042814,0.05,0.7380968141555786,1,1.0,1,5.0,5.0,0.0,0.0,1.0,1.0,3.0,578.0,59.0
XG,0.5042814,0.05,0.7380968141555786,1,1.0,1,5.0,5.0,0.0,0.0,1.0,1.0,3.0,578.0,59.0
WR,0.5042814,0.05,0.7380968141555786,1,1.0,1,5.0,5.0,0.0,0.0,1.0,1.0,3.0,578.0,59.0
XF,0.5042814,0.05,0.7380968141555786,1,1.0,1,5.0,5.0,0.0,0.0,1.0,1.0,3.0,578.0,59.0
XE,0.49414402,0.05,0.7292864727973938,1,1.0,1,4.0,3.0,0.0,0.0,1.0,3.0,2.0,473.0,90.0
ZI,0.49414402,0.05,0.7292864727973938,1,1.0,1,4.0,3.0,0.0,0.0,1.0,3.0,2.0,473.0,90.0
WQ,0.49414402,0.05,0.7292864727973938,1,1.0,1,4.0,3.0,0.0,0.0,1.0,3.0,2.0,473.0,90.0
AEQ,0.5073228,0.04827586206896552,0.7284986922247656,1,1.0,1,6.0,2.0,2.0,0.0,1.0,5.0,9.0,533.0,196.0
BGC,0.54152644,0.04395604395604396,0.7275541908793397,1,0.97,1,1.0,1.0,0.0,0.0,0.0,1.0,0.0,0.0,671.0
AOM,0.52369314,0.04477611940298507,0.7178779095856112,1,0.96,1,0.0,1.0,0.0,1.0,0.0,0.0,3.0,936.0,31.0
WE,0.53338724,0.043478260869565216,0.7170882007350092,1,0.96,1,5.0,4.0,1.0,1.0,1.0,0.0,0.0,99.0,15.0
AFJ,0.50506717,0.046296296296296294,0.7124834380767964,1,0.98,1,4.0,2.0,0.0,0.0,1.0,3.0,0.0,118.0,87.0
EB,0.52247643,0.04411764705882353,0.712145309939104,1,0.99,1,5.0,3.0,0.0,1.0,1.0,4.0,4.0,845.0,202.0
ACU,0.58279413,0.0365296803652968,0.7106924950532172,1,0.88,1,7.0,4.0,2.0,0.0,1.0,4.0,10.0,1253.0,241.0
AEW,0.54247177,0.04126984126984127,0.7093037124285622,1,0.86,1,8.0,6.0,2.0,1.0,1.0,5.0,3.0,4178.0,137.0
AWV,0.51599,0.04430379746835443,0.7078296599508841,1,0.86,1,1.0,0.0,0.0,0.0,0.0,0.0,4.0,1224.0,64.0
ACQ,0.45994854,0.050761421319796954,0.7049734796666857,1,0.98,1,8.0,4.0,3.0,0.0,1.0,3.0,2.0,952.0,1045.0
ZL,0.40974945,0.05673758865248227,0.7037764989737922,1,0.94,1,7.0,3.0,3.0,0.0,1.0,6.0,1.0,287.0,892.0
XT,0.50463164,0.04504504504504504,0.7032210348962663,1,0.99,1,5.0,4.0,2.0,1.0,1.0,1.0,0.0,204.0,136.0
BXE,0.34741294,0.06382978723404255,0.6999548081387864,1,0.76,1,0.0,0.0,0.0,0.0,0.0,0.0,7.0,298.0,112.0
AFE,0.56709456,0.03676470588235294,0.6987168087678797,1,0.9,1,6.0,5.0,3.0,0.0,1.0,3.0,1.0,475.0,245.0
AGH,0.4233302,0.05405405405405406,0.6965263448856973,1,0.99,1,7.0,3.0,3.0,1.0,1.0,7.0,5.0,573.0,711.0
ZZ,0.4233302,0.05405405405405406,0.6965263448856973,1,0.99,1,7.0,3.0,3.0,1.0,1.0,7.0,5.0,573.0,711.0
XR,0.4233302,0.05405405405405406,0.6965263448856973,1,0.99,1,7.0,3.0,3.0,1.0,1.0,7.0,5.0,573.0,711.0
BTM,0.5469166,0.038461538461538464,0.6932277693198278,1,0.9,1,4.0,4.0,0.0,2.0,1.0,0.0,3.0,153.0,440.0
BZA,0.46720105,0.04807692307692308,0.6922166439203116,1,0.61,1,0.0,0.0,0.0,0.0,0.0,0.0,7.0,275.0,352.0
DW,0.4380067,0.05136986301369863,0.6902238632718177,1,0.71,1,4.0,1.0,1.0,0.0,1.0,4.0,5.0,2631.0,3150.0
AEP,0.51294285,0.04201680672268908,0.6889437614869671,1,0.94,1,0.0,1.0,0.0,0.0,1.0,0.0,2.0,644.0,66.0
CLE,0.43658942,0.05128205128205128,0.6883686699928382,1,0.81,1,2.0,1.0,0.0,0.0,0.0,2.0,9.0,1561.0,5039.0
BCW,0.4909176,0.0440251572327044,0.6840610184384592,1,0.68,1,0.0,0.0,0.0,0.0,0.0,0.0,4.0,1378.0,0.0
ZU,0.42657173,0.05172413793103448,0.6828011539475671,1,0.96,1,5.0,3.0,1.0,0.0,1.0,0.0,10.0,906.0,32.0
AGD,0.42657167,0.05172413793103448,0.6828010943429224,1,0.96,1,5.0,3.0,1.0,0.0,1.0,0.0,10.0,906.0,32.0
ABG,0.41542464,0.05263157894736842,0.6795561144226475,1,0.9,1,4.0,2.0,0.0,0.0,1.0,3.0,0.0,34.0,57.0
ACV,0.3963287,0.0546448087431694,0.6772538478908643,1,0.88,1,8.0,6.0,2.0,1.0,1.0,7.0,10.0,896.0,367.0
BH,0.47166508,0.04524886877828054,0.6760171247283797,1,0.97,1,4.0,3.0,1.0,0.0,1.0,4.0,3.0,1714.0,382.0
AGW,0.4345134,0.049773755656108594,0.6758554788466492,1,0.88,1,9.0,5.0,4.0,0.0,1.0,9.0,2.0,1493.0,1979.0
WT,0.45798975,0.04678362573099415,0.6750287329244334,1,0.97,1,4.0,4.0,0.0,0.0,1.0,2.0,0.0,811.0,1028.0
AHJ,0.45798975,0.04678362573099415,0.6750287329244334,1,0.97,1,4.0,4.0,0.0,0.0,1.0,2.0,0.0,811.0,1028.0
YX,0.45798975,0.04678362573099415,0.6750287329244334,1,0.97,1,4.0,4.0,0.0,0.0,1.0,2.0,0.0,811.0,1028.0
BTP,0.4934276,0.04242424242424243,0.6748759638901913,1,0.99,1,5.0,3.0,1.0,1.0,1.0,1.0,10.0,1184.0,142.0
HU,0.5029591,0.0410958904109589,0.6737283989174725,1,0.81,1,1.0,0.0,0.0,1.0,0.0,0.0,3.0,2854.0,125.0
TF,0.46574128,0.045454545454545456,0.6723290779373863,1,0.86,1,0.0,1.0,0.0,0.0,0.0,0.0,2.0,986.0,383.0
AFZ,0.4951516,0.04142011834319527,0.6692449946727979,1,1.0,1,4.0,2.0,0.0,0.0,1.0,2.0,1.0,129.0,130.0
ZQ,0.4951516,0.04142011834319527,0.6692449946727979,1,1.0,1,4.0,2.0,0.0,0.0,1.0,2.0,1.0,129.0,130.0
XM,0.4951516,0.04142011834319527,0.6692449946727979,1,1.0,1,4.0,2.0,0.0,0.0,1.0,2.0,1.0,129.0,130.0
BLE,0.5441566,0.03535353535353535,0.6687622477309871,1,0.99,1,1.0,1.0,0.0,0.0,0.0,1.0,0.0,0.0,2009.0
BJM,0.5441566,0.03535353535353535,0.6687622477309871,1,0.99,1,1.0,1.0,0.0,0.0,0.0,1.0,0.0,0.0,2009.0
BHO,0.5441566,0.03535353535353535,0.6687622477309871,1,0.99,1,1.0,1.0,0.0,0.0,0.0,1.0,0.0,0.0,2009.0
CDR,0.5213986,0.03787878787878788,0.6669126631635608,1,0.99,1,3.0,1.0,0.0,1.0,0.0,3.0,6.0,670.0,177.0
CIG,0.5213986,0.03787878787878788,0.6669126631635608,1,0.99,1,3.0,1.0,0.0,1.0,0.0,3.0,6.0,670.0,177.0
CBT,0.5213986,0.03787878787878788,0.6669126631635608,1,0.99,1,3.0,1.0,0.0,1.0,0.0,3.0,6.0,670.0,177.0
BTI,0.5111003,0.03867403314917127,0.6636087009261327,1,0.81,1,4.0,2.0,1.0,1.0,1.0,1.0,10.0,5413.0,138.0
BTF,0.40338236,0.05181347150259067,0.6632816613955819,1,0.98,1,6.0,2.0,2.0,2.0,1.0,2.0,4.0,656.0,88.0
BUK,0.48325455,0.041666666666666664,0.6606558402379353,1,0.94,1,4.0,4.0,0.0,0.0,1.0,2.0,1.0,167.0,1150.0
AID,0.4772881,0.0423728813559322,0.660484539250196,1,0.98,1,4.0,3.0,1.0,0.0,0.0,2.0,1.0,831.0,144.0
ACP,0.48211262,0.041666666666666664,0.6596633931001027,1,0.98,1,4.0,2.0,0.0,0.0,1.0,0.0,1.0,492.0,103.0
ARE,0.4729008,0.0427807486631016,0.6595674284001722,1,0.84,1,0.0,1.0,0.0,0.0,0.0,0.0,2.0,1567.0,126.0
OY,0.48198846,0.041666666666666664,0.6595554788907368,1,0.63,1,2.0,3.0,0.0,0.0,0.0,2.0,8.0,2362.0,2545.0
ADR,0.5031214,0.0390625,0.6594323813915253,1,0.79,1,3.0,4.0,1.0,0.0,1.0,2.0,1.0,384.0,113.0
AAB,0.46621835,0.043478260869565216,0.6587120970954066,1,0.95,1,8.0,6.0,3.0,1.0,1.0,3.0,5.0,1257.0,130.0
XU,0.46621835,0.043478260869565216,0.6587120970954066,1,0.95,1,8.0,6.0,3.0,1.0,1.0,3.0,5.0,1257.0,130.0
AGJ,0.46621835,0.043478260869565216,0.6587120970954066,1,0.95,1,8.0,6.0,3.0,1.0,1.0,3.0,5.0,1257.0,130.0
GP,0.3776451,0.05405405405405406,0.6568216942452096,1,0.73,1,2.0,3.0,0.0,0.0,0.0,0.0,5.0,588.0,892.0
AEX,0.5091788,0.03787878787878788,0.6562925161737384,1,0.84,1,4.0,3.0,0.0,0.0,1.0,4.0,3.0,274.0,362.0
APV,0.52817225,0.035175879396984924,0.6536089550909685,1,0.77,1,6.0,5.0,1.0,2.0,0.0,1.0,3.0,904.0,117.0
AEO,0.4301965,0.047058823529411764,0.6528276761840371,1,0.92,1,6.0,4.0,3.0,1.0,1.0,1.0,7.0,1827.0,244.0
IT,0.44202054,0.04504504504504504,0.6488060771345018,1,0.89,1,1.0,2.0,0.0,0.0,1.0,0.0,2.0,516.0,162.0
BKT,0.5390977,0.03303303303303303,0.6478900340405312,1,0.96,1,1.0,1.0,0.0,0.0,0.0,1.0,0.0,0.0,3711.0
BJC,0.5390977,0.03303303303303303,0.6478900340405312,1,0.96,1,1.0,1.0,0.0,0.0,0.0,1.0,0.0,0.0,3711.0
BHE,0.5390977,0.03303303303303303,0.6478900340405312,1,0.96,1,1.0,1.0,0.0,0.0,0.0,1.0,0.0,0.0,3711.0
BPO,0.5080646,0.03625377643504532,0.6437865978641453,1,0.86,1,1.0,1.0,0.0,0.0,0.0,1.0,0.0,0.0,5197.0
BVH,0.38267377,0.05150214592274678,0.6430735378817939,1,0.73,1,6.0,4.0,1.0,2.0,1.0,2.0,6.0,2104.0,2261.0
BER,0.4514779,0.04285714285714286,0.6414913031033107,1,0.53,1,0.0,0.0,0.0,0.0,0.0,0.0,2.0,190.0,289.0
BWD,0.42698395,0.04580152671755725,0.6411088680493012,1,0.92,1,7.0,4.0,1.0,2.0,1.0,6.0,3.0,1110.0,1797.0
BUW,0.40309685,0.04838709677419355,0.6387062666877623,1,0.86,1,4.0,4.0,0.0,1.0,1.0,1.0,3.0,280.0,408.0
CKD,0.4994641,0.03597122302158273,0.6343058077551478,0,0.21,0,3.0,4.0,0.0,2.0,0.0,1.0,2.0,263.0,130.0
CKQ,0.41511098,0.046153846153846156,0.6332916097457593,0,0.46,0,1.0,0.0,0.0,0.0,0.0,1.0,2.0,516.0,595.0
BUP,0.5339005,0.031578947368421054,0.6330491262360622,0,0.03,0,4.0,2.0,1.0,0.0,1.0,4.0,1.0,201.0,84.0
ADI,0.4830308,0.03765690376569038,0.631992063487424,0,0.09,0,8.0,6.0,3.0,2.0,1.0,3.0,0.0,1425.0,180.0
VK,0.41742527,0.045662100456621,0.6318115442310839,1,0.53,0,1.0,1.0,0.0,0.0,0.0,0.0,5.0,1355.0,437.0
ADX,0.58502626,0.025,0.6307717168331146,0,0.02,0,7.0,7.0,2.0,3.0,1.0,3.0,0.0,862.0,136.0
AEN,0.50128406,0.03508771929824561,0.6296146597778588,0,0.1,0,4.0,3.0,0.0,0.0,1.0,4.0,2.0,1863.0,646.0
BMI,0.53334594,0.031055900621118012,0.6288535311725569,0,0.03,0,0.0,0.0,0.0,0.0,0.0,0.0,0.0,0.0,1300.0
WM,0.46109527,0.039735099337748346,0.6276832130571075,0,0.2,0,6.0,3.0,1.0,0.0,1.0,5.0,3.0,764.0,147.0
BCA,0.47852618,0.037037037037037035,0.6236760574358481,0,0.02,0,0.0,0.0,0.0,0.0,0.0,0.0,5.0,477.0,96.0
BUS,0.4626931,0.03864734299516908,0.6213487822364494,0,0.1,0,4.0,1.0,1.0,0.0,1.0,1.0,6.0,1721.0,65.0
WJ,0.39342913,0.047058823529411764,0.6208733578990487,0,0.17,0,4.0,3.0,0.0,0.0,1.0,4.0,4.0,394.0,506.0
ABO,0.4383164,0.0411522633744856,0.6179480804092109,0,0.14,0,5.0,5.0,0.0,0.0,1.0,5.0,1.0,1209.0,1486.0
BTK,0.5058607,0.03278688524590164,0.6172562453590456,0,0.05,0,1.0,0.0,0.0,0.0,1.0,0.0,4.0,646.0,49.0
MB,0.49110985,0.034482758620689655,0.6164770899147822,0,0.03,0,1.0,0.0,0.0,0.0,0.0,0.0,10.0,3631.0,472.0
BWV,0.3689973,0.04938271604938271,0.6161394361360573,0,0.15,0,0.0,1.0,0.0,0.0,0.0,0.0,6.0,236.0,38.0
ACM,0.41512185,0.04371584699453552,0.6159912630508506,1,0.58,0,6.0,3.0,1.0,1.0,1.0,5.0,10.0,1035.0,1176.0
CFV,0.41042113,0.04428044280442804,0.6159145313435375,0,0.3,0,1.0,1.0,0.0,0.0,0.0,0.0,10.0,3595.0,378.0
BDX,0.463894,0.0375,0.6142463541030884,0,0.03,0,0.0,1.0,0.0,0.0,1.0,0.0,2.0,909.0,3198.0
BSU,0.44698918,0.03953488372093023,0.6140021392356518,0,0.03,0,1.0,2.0,0.0,1.0,0.0,1.0,0.0,0.0,7957.0
BOY,0.44698918,0.03953488372093023,0.6140021392356518,0,0.03,0,1.0,2.0,0.0,1.0,0.0,1.0,0.0,0.0,7957.0
YR,0.4763341,0.03591160220994475,0.6137803567048594,0,0.02,0,9.0,5.0,2.0,1.0,1.0,5.0,10.0,3149.0,233.0
YM,0.4763341,0.03591160220994475,0.6137803567048594,0,0.02,0,9.0,5.0,2.0,1.0,1.0,5.0,10.0,3149.0,233.0
ADF,0.35419723,0.05084745762711865,0.6136764487977755,0,0.2,0,7.0,4.0,2.0,0.0,1.0,2.0,1.0,493.0,108.0
ATP,0.47232756,0.03636363636363636,0.613507725650614,0,0.0,0,0.0,0.0,0.0,0.0,0.0,0.0,5.0,1254.0,104.0
ADT,0.4566422,0.03816793893129771,0.6126862147837195,0,0.02,0,8.0,5.0,3.0,1.0,1.0,7.0,2.0,520.0,1721.0
ACR,0.4602503,0.03768115942028986,0.6123658508148746,0,0.07,0,6.0,5.0,2.0,1.0,1.0,6.0,10.0,6663.0,6957.0
AAJ,0.45363158,0.038461538461538464,0.6121542765544011,0,0.01,0,4.0,4.0,1.0,0.0,1.0,3.0,2.0,1016.0,162.0
YB,0.45363152,0.038461538461538464,0.6121542169497564,0,0.01,0,4.0,4.0,1.0,0.0,1.0,3.0,2.0,1016.0,162.0
AGR,0.45363152,0.038461538461538464,0.6121542169497564,0,0.01,0,4.0,4.0,1.0,0.0,1.0,3.0,2.0,1016.0,162.0
JD,0.46553546,0.036827195467422094,0.6108960194898394,0,0.03,0,1.0,1.0,0.0,0.0,0.0,0.0,3.0,1867.0,551.0
AEI,0.4890204,0.03389830508474576,0.6105115248995312,0,0.01,0,11.0,4.0,6.0,0.0,1.0,0.0,1.0,81.0,235.0
CC,0.452371,0.03827751196172249,0.6097521252324136,0,0.05,0,3.0,2.0,0.0,2.0,0.0,0.0,2.0,878.0,17.0
LX,0.47277635,0.03571428571428571,0.6092873888356345,0,0.04,0,3.0,1.0,0.0,0.0,0.0,0.0,2.0,823.0,0.0
ABS,0.46060836,0.037037037037037035,0.6081037777441519,0,0.07,0,8.0,3.0,3.0,1.0,1.0,0.0,1.0,1304.0,0.0
AGT,0.38489115,0.046296296296296294,0.608039113106551,0,0.1,0,7.0,3.0,3.0,2.0,1.0,5.0,0.0,1160.0,241.0
AAL,0.38489115,0.046296296296296294,0.608039113106551,0,0.1,0,7.0,3.0,3.0,2.0,1.0,5.0,0.0,1160.0,241.0
YD,0.38489115,0.046296296296296294,0.608039113106551,0,0.1,0,7.0,3.0,3.0,2.0,1.0,5.0,0.0,1160.0,241.0
CGE,0.4814201,0.03428571428571429,0.6066567732947213,0,0.01,0,1.0,1.0,0.0,0.0,1.0,0.0,8.0,4543.0,278.0
AFB,0.42018676,0.041666666666666664,0.6058439751466115,0,0.17,0,6.0,3.0,2.0,0.0,1.0,2.0,0.0,65.0,140.0
BCQ,0.45243496,0.03768115942028986,0.605573603519495,0,0.0,0,1.0,0.0,0.0,0.0,0.0,0.0,2.0,3984.0,132.0
ADZ,0.42608488,0.04081632653061224,0.6049325596313087,0,0.02,0,8.0,5.0,4.0,2.0,1.0,2.0,2.0,1529.0,155.0
JN,0.43434823,0.039735099337748346,0.6044374910016723,0,0.0,0,1.0,0.0,0.0,0.0,0.0,0.0,2.0,1480.0,1498.0
FZ,0.40092725,0.043689320388349516,0.6034664614108003,0,0.13,0,1.0,2.0,0.0,0.0,0.0,0.0,10.0,1193.0,136.0
ADY,0.48355794,0.03349282296650718,0.602885211112967,0,0.01,0,5.0,3.0,1.0,1.0,1.0,5.0,2.0,1069.0,499.0
ANN,0.42570043,0.04054054054054054,0.6026403652655112,0,0.02,0,1.0,1.0,0.0,0.0,0.0,1.0,2.0,408.0,499.0
ABH,0.3785952,0.046242774566473986,0.6021873428297869,0,0.17,0,11.0,7.0,5.0,3.0,1.0,2.0,0.0,246.0,129.0
AFF,0.46846658,0.035211267605633804,0.6019703447818756,0,0.01,0,3.0,1.0,0.0,0.0,1.0,0.0,1.0,918.0,0.0
CJF,0.4251697,0.04040404040404041,0.6012099637527659,0,0.0,0,1.0,1.0,0.0,0.0,0.0,0.0,9.0,4400.0,0.0
CFI,0.4251697,0.04040404040404041,0.6012099637527659,0,0.0,0,1.0,1.0,0.0,0.0,0.0,0.0,9.0,4400.0,0.0
AU,0.44303718,0.03819444444444445,0.6010503623220655,0,0.02,0,1.0,0.0,0.0,0.0,1.0,1.0,5.0,1542.0,1769.0
AO,0.44303718,0.03819444444444445,0.6010503623220655,0,0.02,0,1.0,0.0,0.0,0.0,1.0,1.0,5.0,1542.0,1769.0
ATZ,0.5021268,0.030864197530864196,0.6003600771044507,0,0.0,0,0.0,1.0,0.0,0.0,0.0,0.0,1.0,397.0,468.0
BZN,0.34562358,0.05,0.600208203792572,0,0.19,0,0.0,0.0,0.0,0.0,0.0,0.0,4.0,206.0,248.0
ARG,0.37675923,0.045871559633027525,0.5979560706593574,0,0.07,0,0.0,1.0,0.0,0.0,1.0,0.0,0.0,665.0,46.0
BNH,0.48621517,0.03208556149732621,0.5952030366436045,0,0.0,0,3.0,2.0,0.0,1.0,0.0,0.0,0.0,0.0,0.0
ABF,0.42903376,0.03900709219858156,0.594649876389943,0,0.04,0,9.0,6.0,5.0,1.0,1.0,7.0,1.0,2043.0,2252.0
KC,0.47692108,0.033112582781456956,0.5944174451149062,0,0.02,0,0.0,1.0,0.0,0.0,0.0,0.0,1.0,1041.0,0.0
BEU,0.30568787,0.05405405405405406,0.5942840837143564,0,0.11,0,0.0,0.0,0.0,0.0,0.0,0.0,0.0,0.0,257.0
BUT,0.45393246,0.035897435897435895,0.5942106339259026,0,0.0,0,2.0,4.0,1.0,1.0,1.0,0.0,5.0,289.0,589.0
AEZ,0.3855983,0.04371584699453552,0.5903325065563285,0,0.02,0,5.0,3.0,1.0,0.0,1.0,4.0,2.0,1176.0,257.0
AUQ,0.4458238,0.03626943005181347,0.5898045862585769,0,0.0,0,0.0,0.0,0.0,0.0,0.0,0.0,10.0,1128.0,185.0
BXL,0.42430073,0.038834951456310676,0.5893142115722582,0,0.02,0,0.0,0.0,0.0,0.0,0.0,0.0,9.0,658.0,0.0
CHO,0.46638066,0.03367003367003367,0.5892147383705936,0,0.0,0,0.0,1.0,0.0,0.0,0.0,0.0,6.0,986.0,70.0
CBB,0.46638066,0.03367003367003367,0.5892147383705936,0,0.0,0,0.0,1.0,0.0,0.0,0.0,0.0,6.0,986.0,70.0
CCZ,0.46638066,0.03367003367003367,0.5892147383705936,0,0.0,0,0.0,1.0,0.0,0.0,0.0,0.0,6.0,986.0,70.0
BYU,0.4101711,0.04054054054054054,0.5891439067350852,0,0.01,0,0.0,1.0,0.0,0.0,0.0,0.0,4.0,375.0,1512.0
G,0.49414575,0.03018867924528302,0.588627615357345,0,0.0,0,2.0,0.0,1.0,0.0,0.0,0.0,1.0,2587.0,35.0
AFQ,0.5071277,0.02857142857142857,0.5884276689801897,0,0.0,0,5.0,2.0,1.0,0.0,1.0,3.0,0.0,791.0,345.0
WI,0.44197118,0.03636363636363636,0.5871251601522619,0,0.0,0,9.0,5.0,3.0,0.0,1.0,9.0,0.0,63.0,3497.0
ZT,0.49560422,0.029661016949152543,0.5861487356282897,0,0.0,0,7.0,5.0,3.0,0.0,1.0,6.0,3.0,1254.0,4092.0
AGC,0.49560422,0.029661016949152543,0.5861487356282897,0,0.0,0,7.0,5.0,3.0,0.0,1.0,6.0,3.0,1254.0,4092.0
BMP,0.5003197,0.029023746701846966,0.5857223534332416,0,0.0,0,1.0,1.0,0.0,0.0,0.0,0.0,0.0,0.0,111.0
ABK,0.4156716,0.039301310043668124,0.5851258117298892,0,0.0,0,7.0,5.0,1.0,0.0,1.0,4.0,0.0,815.0,878.0
CFW,0.43031895,0.0375,0.5850664532184601,0,0.0,0,0.0,0.0,0.0,0.0,0.0,0.0,9.0,961.0,151.0
AL,0.43947008,0.03618421052631579,0.5836775447192946,0,0.0,0,1.0,1.0,0.0,0.0,0.0,0.0,0.0,3246.0,134.0
ACL,0.4515487,0.03468208092485549,0.583509905179801,0,0.0,0,4.0,2.0,1.0,0.0,1.0,1.0,3.0,1648.0,107.0
BNR,0.51885104,0.02643171806167401,0.583424423129548,0,0.0,0,0.0,0.0,0.0,1.0,0.0,0.0,0.0,0.0,1085.0
BXA,0.38714114,0.0425531914893617,0.5834185185584616,0,0.0,0,0.0,0.0,0.0,0.0,0.0,0.0,9.0,900.0,1099.0
ZV,0.5272155,0.025404157043879907,0.5833982117869837,0,0.0,0,7.0,3.0,3.0,1.0,1.0,2.0,10.0,6280.0,270.0
AGE,0.5272155,0.025404157043879907,0.5833982117869837,0,0.0,0,7.0,3.0,3.0,1.0,1.0,2.0,10.0,6280.0,270.0
XO,0.5272155,0.025404157043879907,0.5833982117869837,0,0.0,0,7.0,3.0,3.0,1.0,1.0,2.0,10.0,6280.0,270.0
BGP,0.47119242,0.03225806451612903,0.583371619255312,0,0.0,0,5.0,4.0,0.0,1.0,0.0,5.0,0.0,0.0,5205.0
BQW,0.4920659,0.029649595687331536,0.5829925218361086,0,0.0,0,1.0,0.0,0.0,0.0,0.0,1.0,0.0,0.0,5203.0
BQM,0.44247445,0.03571428571428571,0.5829521792275565,0,0.01,0,0.0,1.0,0.0,0.0,0.0,0.0,0.0,0.0,232.0
CFT,0.43293607,0.0368763557483731,0.5829131220788604,0,0.01,0,1.0,2.0,0.0,0.0,0.0,0.0,10.0,5772.0,659.0
BIV,0.4715644,0.03205128205128205,0.5822267593481601,0,0.0,0,1.0,1.0,0.0,0.0,0.0,1.0,0.0,0.0,3848.0
BGX,0.4715644,0.03205128205128205,0.5822267593481601,0,0.0,0,1.0,1.0,0.0,0.0,0.0,1.0,0.0,0.0,3848.0
AZM,0.4589429,0.0335195530726257,0.5816822024031059,0,0.0,0,1.0,0.0,0.0,0.0,0.0,0.0,0.0,24.0,117.0
BYP,0.38693976,0.04225352112676056,0.581115859746933,0,0.0,0,0.0,0.0,0.0,0.0,0.0,0.0,9.0,905.0,1104.0
ADS,0.4338396,0.0364963503649635,0.5810003154469232,0,0.0,0,5.0,2.0,1.0,0.0,1.0,5.0,1.0,665.0,770.0
AYC,0.48338446,0.030418250950570342,0.5809049798508561,0,0.0,0,1.0,0.0,0.0,0.0,0.0,0.0,0.0,3084.0,0.0
BAP,0.37113547,0.04390243902439024,0.5790877632687731,0,0.02,0,2.0,1.0,0.0,0.0,0.0,0.0,4.0,1330.0,1373.0
CGO,0.48165286,0.03021978021978022,0.5779909097886348,0,0.0,0,5.0,6.0,0.0,3.0,1.0,4.0,10.0,3851.0,1040.0
BUJ,0.38072205,0.04247104247104247,0.5772564743936752,0,0.02,0,8.0,5.0,1.0,0.0,1.0,2.0,10.0,1772.0,1836.0
ABB,0.38343322,0.04205607476635514,0.5766664647053334,0,0.07,0,5.0,3.0,1.0,0.0,1.0,2.0,2.0,2222.0,140.0
BRN,0.48668125,0.029411764705882353,0.5766241525902467,0,0.0,0,0.0,2.0,0.0,0.0,0.0,0.0,0.0,0.0,340.0
BRW,0.48668125,0.029411764705882353,0.5766241525902467,0,0.0,0,0.0,2.0,0.0,0.0,0.0,0.0,0.0,0.0,340.0
BOA,0.48668122,0.029411764705882353,0.5766241227879243,0,0.0,0,0.0,2.0,0.0,0.0,0.0,0.0,0.0,0.0,340.0
CQ,0.4350146,0.03571428571428571,0.5764688628060477,0,0.0,0,0.0,0.0,0.0,0.0,0.0,0.0,2.0,595.0,387.0
BOO,0.5133091,0.025974025974025976,0.575358336776882,0,0.0,0,0.0,1.0,0.0,0.0,0.0,0.0,0.0,0.0,552.0
BSK,0.513309,0.025974025974025976,0.5753582473699148,0,0.0,0,0.0,1.0,0.0,0.0,0.0,0.0,0.0,0.0,552.0
BDY,0.45223933,0.03333333333333333,0.5745340160528819,0,0.0,0,0.0,1.0,0.0,0.0,0.0,0.0,2.0,1012.0,747.0
BVA,0.45598117,0.03286384976525822,0.5744526823361715,0,0.0,0,0.0,1.0,0.0,0.0,1.0,0.0,10.0,1959.0,64.0
AZD,0.39165235,0.04072398190045249,0.5743518048012418,0,0.03,0,1.0,0.0,0.0,1.0,0.0,0.0,0.0,1209.0,125.0
HO,0.352448,0.045454545454545456,0.5738665261051872,0,0.05,0,1.0,0.0,0.0,1.0,1.0,1.0,1.0,681.0,1040.0
CHB,0.4062469,0.03862660944206009,0.5721445075687932,0,0.0,0,1.0,0.0,1.0,0.0,0.0,0.0,6.0,2024.0,108.0
CX,0.4078605,0.03827751196172249,0.5710682637383493,0,0.0,0,1.0,0.0,0.0,0.0,0.0,1.0,2.0,1235.0,1679.0
BTD,0.49616492,0.02741514360313316,0.5706903326449133,0,0.0,0,8.0,3.0,4.0,2.0,1.0,2.0,10.0,13221.0,92.0
BVG,0.46337545,0.0313588850174216,0.570193767007635,0,0.0,0,5.0,5.0,0.0,1.0,1.0,1.0,6.0,933.0,1395.0
CIW,0.47144902,0.030303030303030304,0.5697138871207381,0,0.0,0,1.0,1.0,0.0,0.0,1.0,0.0,5.0,1304.0,0.0
CFB,0.47144902,0.030303030303030304,0.5697138871207381,0,0.0,0,1.0,1.0,0.0,0.0,1.0,0.0,5.0,1304.0,0.0
CEH,0.47144902,0.030303030303030304,0.5697138871207381,0,0.0,0,1.0,1.0,0.0,0.0,1.0,0.0,5.0,1304.0,0.0
CCJ,0.47144902,0.030303030303030304,0.5697138871207381,0,0.0,0,1.0,1.0,0.0,0.0,1.0,0.0,5.0,1304.0,0.0
SP,0.45707715,0.032,0.5692718610286712,0,0.0,0,1.0,1.0,0.0,0.0,0.0,1.0,5.0,5611.0,5895.0
ACZ,0.4552275,0.03215434083601286,0.5687601734970926,0,0.0,0,7.0,4.0,1.0,0.0,1.0,1.0,7.0,4235.0,82.0
BRC,0.4499799,0.03278688524590164,0.5686905596099916,0,0.0,0,1.0,1.0,0.0,1.0,0.0,0.0,0.0,0.0,933.0
BUX,0.36036,0.043478260869565216,0.566711165594018,0,0.02,0,6.0,4.0,2.0,2.0,1.0,5.0,10.0,1857.0,578.0
BUY,0.36036,0.043478260869565216,0.566711165594018,0,0.02,0,6.0,4.0,2.0,2.0,1.0,5.0,10.0,1857.0,578.0
CKT,0.37778983,0.04132231404958678,0.5665521358162904,0,0.08,0,0.0,0.0,0.0,0.0,1.0,0.0,3.0,206.0,220.0
ABZ,0.41729105,0.036458333333333336,0.5663481513659159,0,0.01,0,4.0,5.0,0.0,0.0,1.0,3.0,1.0,276.0,412.0
BQN,0.5013332,0.025974025974025976,0.5649501141015585,0,0.0,0,1.0,3.0,0.0,0.0,0.0,1.0,0.0,0.0,1106.0
BRI,0.46134016,0.030844155844155844,0.5647703326367712,0,0.0,0,3.0,4.0,0.0,1.0,0.0,3.0,0.0,0.0,10451.0
CMC,0.44279277,0.03308823529411765,0.5645838762030881,0,0.0,0,2.0,0.0,0.0,0.0,1.0,2.0,6.0,2273.0,2337.0
AQI,0.3593591,0.04329004329004329,0.5645049505935602,0,0.01,0,1.0,2.0,0.0,0.0,1.0,0.0,5.0,2429.0,421.0
BEJ,0.37542486,0.04128440366972477,0.564227595351158,0,0.07,0,0.0,1.0,0.0,0.0,0.0,0.0,2.0,2206.0,92.0
CGB,0.49078515,0.026988636363636364,0.5629866236990149,0,0.0,0,2.0,2.0,0.0,1.0,1.0,2.0,9.0,2014.0,14061.0
ADW,0.4303876,0.03436426116838488,0.5628623717634129,0,0.02,0,8.0,4.0,3.0,0.0,1.0,6.0,1.0,1907.0,2411.0
YP,0.44528827,0.032520325203252036,0.5627205189650621,0,0.0,0,6.0,3.0,2.0,0.0,1.0,5.0,6.0,1840.0,356.0
AWE,0.44913852,0.032,0.5623724445819854,0,0.0,0,2.0,2.0,0.0,1.0,1.0,0.0,1.0,1184.0,140.0
BUH,0.46015126,0.03056768558951965,0.5617741175093505,0,0.0,0,11.0,4.0,4.0,3.0,1.0,3.0,8.0,1801.0,154.0
ABQ,0.417368,0.03571428571428571,0.5611322896821158,0,0.01,0,10.0,4.0,5.0,2.0,1.0,5.0,10.0,2037.0,153.0
AEL,0.42913744,0.034220532319391636,0.5607553936682727,0,0.0,0,7.0,4.0,2.0,1.0,1.0,5.0,5.0,2165.0,104.0
AOK,0.4069091,0.036885245901639344,0.5603563390794347,0,0.01,0,2.0,5.0,0.0,0.0,1.0,0.0,0.0,1333.0,112.0
ZH,0.48223463,0.027586206896551724,0.5597981653953421,0,0.0,0,6.0,4.0,2.0,0.0,1.0,6.0,3.0,2190.0,605.0
XD,0.48223463,0.027586206896551724,0.5597981653953421,0,0.0,0,6.0,4.0,2.0,0.0,1.0,6.0,3.0,2190.0,605.0
WP,0.48223463,0.027586206896551724,0.5597981653953421,0,0.0,0,6.0,4.0,2.0,0.0,1.0,6.0,3.0,2190.0,605.0
AEC,0.44209582,0.032418952618453865,0.5592262370033454,0,0.0,0,9.0,5.0,2.0,3.0,1.0,3.0,8.0,5558.0,154.0
ACK,0.44209582,0.032418952618453865,0.5592262370033454,0,0.0,0,9.0,5.0,2.0,3.0,1.0,3.0,8.0,5558.0,154.0
ADA,0.45676845,0.030612244897959183,0.5591505192980475,0,0.0,0,2.0,1.0,0.0,0.0,1.0,0.0,0.0,548.0,0.0
ZP,0.47248012,0.02867383512544803,0.5590427273917796,0,0.0,0,8.0,5.0,3.0,1.0,1.0,7.0,0.0,591.0,1752.0
AFY,0.47248012,0.02867383512544803,0.5590427273917796,0,0.0,0,8.0,5.0,3.0,1.0,1.0,7.0,0.0,591.0,1752.0
XL,0.47248012,0.02867383512544803,0.5590427273917796,0,0.0,0,8.0,5.0,3.0,1.0,1.0,7.0,0.0,591.0,1752.0
AKJ,0.452919,0.031055900621118012,0.5589549258258772,0,0.0,0,2.0,1.0,0.0,0.0,0.0,0.0,0.0,454.0,367.0
AFT,0.44803345,0.031609195402298854,0.5586373222970414,0,0.0,0,6.0,4.0,2.0,0.0,1.0,6.0,4.0,3868.0,4013.0
FU,0.35530692,0.04285714285714286,0.5579096468857356,0,0.0,0,1.0,1.0,0.0,0.0,0.0,1.0,5.0,1362.0,763.0
QB,0.42104912,0.034782608695652174,0.5577166323558144,0,0.03,0,2.0,0.0,0.0,0.0,0.0,2.0,6.0,2878.0,661.0
AFL,0.33321416,0.045454545454545456,0.557150492884896,0,0.04,0,6.0,2.0,2.0,0.0,1.0,3.0,0.0,239.0,136.0
BEZ,0.44611079,0.031630170316301706,0.557115257772506,0,0.0,0,2.0,1.0,1.0,1.0,0.0,2.0,0.0,0.0,8460.0
BTR,0.4576039,0.03006012024048096,0.5559565082102835,0,0.0,0,5.0,5.0,0.0,0.0,1.0,4.0,10.0,6777.0,4168.0
AFI,0.43078783,0.03333333333333333,0.5558906368414561,0,0.0,0,8.0,3.0,3.0,0.0,1.0,8.0,2.0,1202.0,716.0
JZ,0.41767347,0.034934497816593885,0.5558612746963334,0,0.04,0,5.0,5.0,1.0,0.0,0.0,2.0,2.0,1077.0,1286.0
AVB,0.3792745,0.0395778364116095,0.555456636134427,0,0.0,0,1.0,1.0,0.0,0.0,0.0,1.0,4.0,3990.0,5149.0
DX,0.3792745,0.0395778364116095,0.555456636134427,0,0.0,0,1.0,1.0,0.0,0.0,0.0,1.0,4.0,3990.0,5149.0
AHM,0.43821785,0.03225806451612903,0.554713616640337,0,0.0,0,6.0,4.0,1.0,2.0,1.0,5.0,1.0,636.0,199.0
WW,0.43821782,0.03225806451612903,0.5547135868380146,0,0.0,0,6.0,4.0,1.0,2.0,1.0,5.0,1.0,636.0,199.0
ZB,0.43821782,0.03225806451612903,0.5547135868380146,0,0.0,0,6.0,4.0,1.0,2.0,1.0,5.0,1.0,636.0,199.0
BMW,0.46128646,0.029411764705882353,0.5545536851181703,0,0.0,0,2.0,1.0,1.0,0.0,0.0,0.0,0.0,0.0,547.0
WH,0.46484286,0.028901734104046242,0.5540232965022842,0,0.0,0,5.0,3.0,0.0,1.0,1.0,5.0,1.0,1106.0,218.0
AVI,0.44597173,0.0311284046692607,0.5534318732612328,0,0.0,0,2.0,1.0,0.0,0.0,0.0,2.0,8.0,1691.0,150.0
BBC,0.41207188,0.035256410256410256,0.5532785542500325,0,0.0,0,1.0,0.0,1.0,0.0,0.0,0.0,10.0,4115.0,103.0
BTT,0.38384724,0.03869047619047619,0.553130548057102,0,0.04,0,1.0,1.0,0.0,0.0,1.0,0.0,8.0,4123.0,66.0
BWR,0.39233637,0.03763440860215054,0.5530103013079654,0,0.0,0,1.0,1.0,0.0,1.0,1.0,0.0,2.0,1676.0,0.0
ABR,0.39198267,0.03765690376569038,0.5528626358159915,0,0.0,0,3.0,3.0,0.0,1.0,1.0,2.0,8.0,1211.0,1728.0
BAK,0.47247776,0.027777777777777776,0.5526786638630761,0,0.0,0,0.0,1.0,0.0,0.0,0.0,0.0,3.0,385.0,17.0
BGG,0.4656316,0.02857142857142857,0.5523636402402605,0,0.0,0,0.0,1.0,0.0,0.0,0.0,0.0,0.0,0.0,2036.0
RY,0.36109376,0.04132231404958678,0.552041653266623,0,0.04,0,1.0,0.0,1.0,0.0,1.0,0.0,2.0,692.0,29.0
CAH,0.50238967,0.024,0.5518527094364166,0,0.01,0,0.0,1.0,0.0,0.0,0.0,0.0,9.0,2385.0,0.0
XQ,0.4387198,0.031746031746031744,0.5515144303677574,0,0.0,0,5.0,2.0,1.0,0.0,1.0,3.0,2.0,495.0,174.0
AGG,0.4387198,0.031746031746031744,0.5515144303677574,0,0.0,0,5.0,2.0,1.0,0.0,1.0,3.0,2.0,495.0,174.0
ZY,0.4387198,0.031746031746031744,0.5515144303677574,0,0.0,0,5.0,2.0,1.0,0.0,1.0,3.0,2.0,495.0,174.0
BVP,0.4533471,0.029900332225913623,0.551122442412614,0,0.0,0,7.0,5.0,2.0,2.0,1.0,4.0,6.0,2419.0,143.0
BPH,0.5899495,0.013071895424836602,0.5503609533793007,0,0.04,0,2.0,3.0,0.0,1.0,0.0,2.0,0.0,0.0,1007.0
CNG,0.45753297,0.02926829268292683,0.5502729013489513,0,0.0,0,2.0,2.0,0.0,2.0,0.0,1.0,2.0,603.0,89.0
ADC,0.41111568,0.03492063492063492,0.5500635116062467,0,0.0,0,4.0,4.0,0.0,1.0,1.0,3.0,5.0,4041.0,101.0
AXB,0.35595506,0.041666666666666664,0.5500205596288045,0,0.01,0,1.0,1.0,0.0,0.0,0.0,1.0,0.0,12.0,1803.0
WV,0.48242402,0.026143790849673203,0.5497216096890518,0,0.0,0,6.0,3.0,2.0,0.0,1.0,5.0,0.0,570.0,693.0
AHL,0.48242402,0.026143790849673203,0.5497216096890518,0,0.0,0,6.0,3.0,2.0,0.0,1.0,5.0,0.0,570.0,693.0
YZ,0.48242402,0.026143790849673203,0.5497216096890518,0,0.0,0,6.0,3.0,2.0,0.0,1.0,5.0,0.0,570.0,693.0
BRK,0.4458252,0.030612244897959183,0.5496397935614294,0,0.0,0,1.0,0.0,0.0,0.0,0.0,1.0,0.0,0.0,3013.0
BZY,0.37192422,0.039647577092511016,0.54956372676967,0,0.0,0,0.0,1.0,0.0,0.0,0.0,0.0,10.0,2996.0,3137.0
CCY,0.46219882,0.02857142857142857,0.5493802191529955,0,0.0,0,1.0,1.0,1.0,0.0,1.0,1.0,10.0,3287.0,3359.0
CHN,0.46219882,0.02857142857142857,0.5493802191529955,0,0.0,0,1.0,1.0,1.0,0.0,1.0,1.0,10.0,3287.0,3359.0
CBA,0.46219882,0.02857142857142857,0.5493802191529955,0,0.0,0,1.0,1.0,1.0,0.0,1.0,1.0,10.0,3287.0,3359.0
XX,0.47443774,0.02702702702702703,0.5490517448734593,0,0.0,0,12.0,5.0,5.0,1.0,1.0,3.0,1.0,1953.0,91.0
AAE,0.47443774,0.02702702702702703,0.5490517448734593,0,0.0,0,12.0,5.0,5.0,1.0,1.0,3.0,1.0,1953.0,91.0
AGM,0.47443774,0.02702702702702703,0.5490517448734593,0,0.0,0,12.0,5.0,5.0,1.0,1.0,3.0,1.0,1953.0,91.0
AWH,0.41970375,0.033707865168539325,0.5489166889967543,0,0.0,0,0.0,1.0,0.0,0.0,0.0,0.0,4.0,312.0,0.0
ATX,0.485515,0.02564102564102564,0.5488383282453586,0,0.0,0,0.0,1.0,0.0,0.0,0.0,0.0,4.0,1384.0,1479.0
CJK,0.42225206,0.03333333333333333,0.548472242752711,0,0.01,0,0.0,0.0,0.0,0.0,0.0,0.0,10.0,5086.0,100.0
CFN,0.42225206,0.03333333333333333,0.548472242752711,0,0.01,0,0.0,0.0,0.0,0.0,0.0,0.0,10.0,5086.0,100.0
AFG,0.4308221,0.03225806451612903,0.5482860007593708,0,0.0,0,4.0,3.0,0.0,0.0,1.0,3.0,1.0,794.0,374.0
CGF,0.43889314,0.03125,0.5481432557106019,0,0.0,0,1.0,1.0,1.0,0.0,0.0,1.0,10.0,1441.0,511.0
KH,0.39840332,0.03619909502262444,0.548092350781773,0,0.01,0,1.0,0.0,0.0,0.0,0.0,1.0,4.0,1679.0,1818.0
YC,0.4379816,0.03125,0.5473510205745697,0,0.0,0,5.0,3.0,0.0,1.0,1.0,1.0,2.0,1396.0,115.0
AGS,0.4379816,0.03125,0.5473510205745697,0,0.0,0,5.0,3.0,0.0,1.0,1.0,1.0,2.0,1396.0,115.0
AAK,0.4379816,0.03125,0.5473510205745697,0,0.0,0,5.0,3.0,0.0,1.0,1.0,1.0,2.0,1396.0,115.0
CGM,0.452967,0.029333333333333333,0.5467664213339487,0,0.0,0,1.0,1.0,0.0,0.0,0.0,1.0,10.0,4359.0,4492.0
CBQ,0.45869854,0.02857142857142857,0.5463381470952715,0,0.0,0,0.0,0.0,0.0,0.0,0.0,0.0,7.0,2846.0,2953.0
CDO,0.45869854,0.02857142857142857,0.5463381470952715,0,0.0,0,0.0,0.0,0.0,0.0,0.0,0.0,7.0,2846.0,2953.0
CID,0.45869854,0.02857142857142857,0.5463381470952715,0,0.0,0,0.0,0.0,0.0,0.0,0.0,0.0,7.0,2846.0,2953.0
HJ,0.43901122,0.030973451327433628,0.5462823695313614,0,0.0,0,1.0,0.0,0.0,0.0,0.0,0.0,1.0,2006.0,136.0
ADV,0.50574934,0.02269861286254729,0.5455327432964369,0,0.03,0,8.0,6.0,3.0,4.0,1.0,2.0,4.0,10818.0,119.0
BPK,0.4789088,0.025925925925925925,0.5451197028601611,0,0.0,0,0.0,1.0,1.0,0.0,0.0,0.0,0.0,0.0,3231.0
BOH,0.49689066,0.0236318407960199,0.5444596488677447,0,0.0,0,3.0,1.0,1.0,0.0,0.0,3.0,0.0,0.0,15062.0
BSD,0.4968906,0.0236318407960199,0.5444595892630999,0,0.0,0,3.0,1.0,1.0,0.0,0.0,3.0,0.0,0.0,15062.0
BEF,0.37560666,0.038461538461538464,0.5443432344840123,0,0.01,0,0.0,0.0,0.0,0.0,0.0,0.0,2.0,493.0,349.0
BNG,0.43369532,0.031135531135531136,0.5428131205476684,0,0.0,0,0.0,1.0,0.0,0.0,0.0,0.0,0.0,0.0,8654.0
CGA,0.47141144,0.026499302649930265,0.542674757438391,0,0.0,0,4.0,3.0,1.0,1.0,0.0,4.0,10.0,8618.0,11794.0
GC,0.47336498,0.026217228464419477,0.542369839225369,0,0.0,0,0.0,0.0,0.0,0.0,0.0,0.0,1.0,2665.0,220.0
AUO,0.5196116,0.02054794520547945,0.5423106215588034,0,0.0,0,1.0,0.0,0.0,0.0,0.0,0.0,1.0,573.0,64.0
ACE,0.4469964,0.029411764705882353,0.5421342527165132,0,0.0,0,5.0,5.0,0.0,0.0,1.0,2.0,4.0,900.0,214.0
AFS,0.39142585,0.03619909502262444,0.5420282636292919,0,0.0,0,6.0,2.0,2.0,0.0,1.0,4.0,10.0,2112.0,216.0
AHE,0.39142585,0.03619909502262444,0.5420282636292919,0,0.0,0,6.0,2.0,2.0,0.0,1.0,4.0,10.0,2112.0,216.0
CFS,0.47526738,0.025925925925925925,0.5419549644434893,0,0.0,0,0.0,1.0,0.0,0.0,0.0,0.0,9.0,1395.0,2042.0
BZV,0.35613737,0.04040404040404041,0.5412143423099711,0,0.01,0,0.0,0.0,0.0,0.0,0.0,0.0,7.0,526.0,369.0
BGM,0.38665196,0.036585365853658534,0.5406218264161087,0,0.0,0,1.0,2.0,0.0,0.0,0.0,0.0,0.0,0.0,129.0
BKK,0.44998586,0.02877697841726619,0.5402254067307753,0,0.0,0,0.0,1.0,0.0,0.0,0.0,0.0,0.0,0.0,1249.0
BIM,0.44998586,0.02877697841726619,0.5402254067307753,0,0.0,0,0.0,1.0,0.0,0.0,0.0,0.0,0.0,0.0,1249.0
BXT,0.4331311,0.03076923076923077,0.5397220205343687,0,0.0,0,0.0,0.0,0.0,0.0,0.0,0.0,6.0,1027.0,0.0
NH,0.3976148,0.035,0.5388934717178344,0,0.0,0,0.0,0.0,1.0,0.0,0.0,0.0,10.0,4362.0,4798.0
AYF,0.46741843,0.02643171806167401,0.5387246052336587,0,0.0,0,0.0,0.0,0.0,0.0,0.0,0.0,0.0,82.0,72.0
AYI,0.45849538,0.027522935779816515,0.5387172695146788,0,0.0,0,0.0,0.0,0.0,0.0,0.0,0.0,3.0,1936.0,0.0
BZD,0.4580189,0.027559055118110236,0.5385596135469872,0,0.0,0,0.0,0.0,0.0,0.0,0.0,0.0,10.0,1816.0,699.0
RZ,0.44715786,0.028846153846153848,0.5382587547485644,0,0.0,0,4.0,3.0,0.0,0.0,0.0,1.0,5.0,3283.0,175.0
BMH,0.44012856,0.0297029702970297,0.5382330330881742,0,0.0,0,1.0,1.0,0.0,0.0,0.0,1.0,0.0,0.0,441.0
ACD,0.3905132,0.03571428571428571,0.5377929585320609,0,0.0,0,8.0,6.0,2.0,1.0,1.0,3.0,5.0,2547.0,175.0
ADP,0.3821888,0.03672316384180791,0.5377212708615987,0,0.02,0,12.0,5.0,6.0,2.0,1.0,6.0,8.0,3554.0,187.0
ACF,0.4094388,0.033210332103321034,0.5364629982362374,0,0.01,0,7.0,4.0,2.0,1.0,1.0,5.0,3.0,2131.0,2752.0
BDL,0.4099115,0.03314917127071823,0.5364395813388718,0,0.01,0,1.0,1.0,0.0,0.0,0.0,1.0,4.0,1227.0,1283.0
CLO,0.37449348,0.0374331550802139,0.5360742694872586,0,0.0,0,1.0,0.0,1.0,0.0,1.0,1.0,5.0,3979.0,4147.0
CKA,0.38622558,0.035897435897435895,0.5353669616503594,0,0.0,0,2.0,1.0,1.0,1.0,0.0,0.0,10.0,7802.0,0.0
CBH,0.38003293,0.03663003663003663,0.5351864254518306,0,0.0,0,0.0,0.0,0.0,0.0,0.0,0.0,9.0,2375.0,2786.0
CDF,0.38003293,0.03663003663003663,0.5351864254518306,0,0.0,0,0.0,0.0,0.0,0.0,0.0,0.0,9.0,2375.0,2786.0
CHU,0.38003293,0.03663003663003663,0.5351864254518306,0,0.0,0,0.0,0.0,0.0,0.0,0.0,0.0,9.0,2375.0,2786.0
BEG,0.4508782,0.027950310559006212,0.5351316107726245,0,0.0,0,1.0,1.0,0.0,0.0,0.0,0.0,1.0,2849.0,210.0
IF,0.4508782,0.027950310559006212,0.5351316107726245,0,0.0,0,1.0,1.0,0.0,0.0,0.0,0.0,1.0,2849.0,210.0
BQA,0.362285,0.03875968992248062,0.5348823248415955,0,0.0,0,1.0,1.0,0.0,0.0,0.0,1.0,0.0,0.0,3589.0
BWX,0.40655252,0.03333333333333333,0.5348278454939525,0,0.0,0,0.0,0.0,0.0,0.0,0.0,0.0,1.0,84.0,0.0
TD,0.38853306,0.03551912568306011,0.5346863574017593,0,0.0,0,0.0,1.0,0.0,0.0,0.0,0.0,8.0,4122.0,4193.0
BRP,0.45922625,0.026865671641791045,0.5346859008340693,0,0.0,0,2.0,1.0,1.0,0.0,0.0,1.0,0.0,0.0,9631.0
BMX,0.432827,0.02992957746478873,0.533496195077896,0,0.0,0,1.0,1.0,0.0,1.0,0.0,0.0,0.0,0.0,403.0
BOU,0.40179452,0.033707865168539325,0.5333518896879774,0,0.0,0,0.0,0.0,0.0,0.0,0.0,0.0,0.0,0.0,0.0
BSQ,0.40179452,0.033707865168539325,0.5333518896879774,0,0.0,0,0.0,0.0,0.0,0.0,0.0,0.0,0.0,0.0,0.0
AWU,0.39381596,0.034653465346534656,0.5331315147994768,0,0.0,0,1.0,1.0,0.0,0.0,0.0,0.0,5.0,1765.0,198.0
XI,0.4291218,0.030303030303030304,0.5329275394930983,0,0.0,0,4.0,1.0,2.0,0.0,1.0,0.0,0.0,1248.0,0.0
WX,0.4291218,0.030303030303030304,0.5329275394930983,0,0.0,0,4.0,1.0,2.0,0.0,1.0,0.0,0.0,1248.0,0.0
BCD,0.45076114,0.027649769585253458,0.5328960247303484,0,0.0,0,1.0,0.0,1.0,0.0,0.0,0.0,1.0,2071.0,0.0
CAW,0.43456373,0.029585798816568046,0.5325647350951764,0,0.0,0,6.0,3.0,1.0,1.0,0.0,5.0,4.0,1064.0,214.0
CET,0.43456373,0.029585798816568046,0.5325647350951764,0,0.0,0,6.0,3.0,1.0,1.0,0.0,5.0,4.0,1064.0,214.0
CHJ,0.43456373,0.029585798816568046,0.5325647350951764,0,0.0,0,6.0,3.0,1.0,1.0,0.0,5.0,4.0,1064.0,214.0
CCU,0.43456373,0.029585798816568046,0.5325647350951764,0,0.0,0,6.0,3.0,1.0,1.0,0.0,5.0,4.0,1064.0,214.0
BMZ,0.47745126,0.024271844660194174,0.5321089781603767,0,0.0,0,0.0,1.0,0.0,0.0,0.0,0.0,0.0,0.0,6606.0
AZH,0.46885893,0.02531645569620253,0.5320581783976736,0,0.0,0,1.0,1.0,1.0,0.0,0.0,0.0,3.0,1007.0,117.0
BRF,0.45298392,0.027227722772277228,0.5318312788953875,0,0.0,0,2.0,2.0,1.0,1.0,0.0,2.0,0.0,0.0,17133.0
FI,0.38330692,0.03571428571428571,0.5315300004822867,0,0.0,0,5.0,4.0,0.0,0.0,0.0,0.0,10.0,5268.0,226.0
AB,0.4524966,0.027227722772277228,0.531407758091936,0,0.0,0,0.0,1.0,0.0,0.0,0.0,0.0,9.0,4677.0,5191.0
BTV,0.42140394,0.030927835051546393,0.5306561041124088,0,0.0,0,7.0,7.0,1.0,2.0,1.0,1.0,7.0,1920.0,82.0
DR,0.428194,0.03007518796992481,0.5305034974912055,0,0.0,0,4.0,3.0,0.0,0.0,1.0,0.0,0.0,2975.0,0.0
AIC,0.39217734,0.034482758620689655,0.5304953930706813,0,0.0,0,0.0,0.0,0.0,0.0,0.0,0.0,1.0,2029.0,177.0
AER,0.43856913,0.02877697841726619,0.5303032003289504,0,0.0,0,2.0,4.0,1.0,0.0,1.0,2.0,3.0,973.0,180.0
AYK,0.4651388,0.025477707006369428,0.529969927953307,0,0.0,0,0.0,0.0,0.0,0.0,1.0,0.0,1.0,245.0,492.0
BVN,0.42254567,0.030634573304157548,0.5295662140298463,0,0.0,0,1.0,1.0,0.0,1.0,1.0,0.0,10.0,6116.0,1234.0
AIN,0.38768095,0.03488372093023256,0.5294344257476717,0,0.0,0,0.0,1.0,0.0,1.0,1.0,0.0,8.0,1314.0,1590.0
GU,0.4206023,0.030848329048843187,0.5293948928004365,0,0.0,0,0.0,1.0,0.0,0.0,0.0,0.0,3.0,4069.0,4383.0
AWD,0.42101985,0.03076923076923077,0.5291961978949034,0,0.0,0,0.0,1.0,0.0,0.0,0.0,0.0,10.0,1612.0,312.0
BMA,0.42476547,0.030303030303030304,0.5291414822592879,0,0.0,0,1.0,1.0,0.0,0.0,0.0,1.0,0.0,0.0,717.0
BES,0.4745369,0.024193548387096774,0.5290202348462997,0,0.0,0,0.0,0.0,0.0,0.0,0.0,0.0,2.0,504.0,119.0
ID,0.38357523,0.03529411764705882,0.528779980575337,0,0.0,0,0.0,1.0,0.0,0.0,0.0,0.0,2.0,1145.0,103.0
BBL,0.4048797,0.03260869565217391,0.5282290712646815,0,0.0,0,1.0,0.0,0.0,0.0,0.0,0.0,10.0,5367.0,109.0
BEK,0.40068224,0.033112582781456956,0.5281586868084029,0,0.0,0,2.0,0.0,0.0,0.0,0.0,0.0,4.0,692.0,228.0
BFD,0.47349793,0.024096385542168676,0.5274273980812854,0,0.0,0,2.0,3.0,0.0,1.0,0.0,2.0,0.0,0.0,3192.0
AGB,0.35182208,0.03896103896103896,0.5272186482107484,0,0.0,0,6.0,4.0,1.0,0.0,1.0,4.0,5.0,2095.0,2214.0
ZS,0.35182208,0.03896103896103896,0.5272186482107484,0,0.0,0,6.0,4.0,1.0,0.0,1.0,4.0,5.0,2095.0,2214.0
IM,0.36091053,0.03773584905660377,0.5264185180079262,0,0.01,0,2.0,1.0,1.0,2.0,1.0,1.0,9.0,6486.0,25.0
KB,0.36091053,0.03773584905660377,0.5264185180079262,0,0.01,0,2.0,1.0,1.0,2.0,1.0,1.0,9.0,6486.0,25.0
AAW,0.45894513,0.02569593147751606,0.5261364262287826,0,0.0,0,6.0,4.0,0.0,0.0,1.0,5.0,2.0,867.0,4798.0
BWY,0.32828516,0.041666666666666664,0.5259727974732716,0,0.02,0,0.0,0.0,0.0,0.0,0.0,0.0,4.0,460.0,481.0
CGI,0.43180203,0.028925619834710745,0.5254773044881742,0,0.0,0,1.0,1.0,0.0,0.0,1.0,0.0,10.0,6758.0,59.0
DF,0.45777377,0.02572347266881029,0.5253139511565303,0,0.0,0,1.0,1.0,0.0,0.0,0.0,0.0,1.0,1607.0,1337.0
RF,0.44598466,0.027149321266968326,0.5251916165804971,0,0.0,0,0.0,1.0,0.0,0.0,1.0,0.0,10.0,12626.0,12750.0
KU,0.382327,0.034934497816593885,0.5251418454418015,0,0.0,0,1.0,1.0,0.0,0.0,0.0,0.0,0.0,633.0,1365.0
CMZ,0.38077807,0.03508771929824561,0.524883576861599,0,0.0,0,0.0,0.0,0.0,0.0,0.0,0.0,5.0,803.0,0.0
IW,0.42679638,0.029411764705882353,0.5245785390629487,0,0.0,0,1.0,1.0,0.0,0.0,0.0,1.0,0.0,3382.0,3459.0
HW,0.42930853,0.02909090909090909,0.5244837823347612,0,0.0,0,5.0,5.0,0.0,0.0,1.0,1.0,1.0,2624.0,148.0
BUC,0.38119185,0.03496503496503497,0.5243721129177333,0,0.0,0,0.0,1.0,0.0,1.0,1.0,0.0,8.0,2264.0,101.0
BEN,0.42074814,0.030100334448160536,0.524210910215027,0,0.0,0,1.0,1.0,0.0,0.0,0.0,0.0,4.0,2243.0,278.0
BNE,0.46522492,0.024630541871921183,0.52402988913024,0,0.0,0,0.0,1.0,0.0,0.0,0.0,0.0,0.0,0.0,5733.0
BUO,0.4167135,0.03056768558951965,0.5240226216711852,0,0.0,0,5.0,5.0,0.0,0.0,1.0,5.0,8.0,1570.0,445.0
ACT,0.48199743,0.022556390977443608,0.5238803297057187,0,0.0,0,4.0,3.0,0.0,1.0,1.0,2.0,0.0,607.0,138.0
CGP,0.43771994,0.027932960893854747,0.5235726512011203,0,0.0,0,3.0,2.0,1.0,1.0,0.0,0.0,10.0,2419.0,71.0
GW,0.41203484,0.03103448275862069,0.5232706825075478,0,0.0,0,0.0,1.0,0.0,0.0,0.0,0.0,5.0,2887.0,136.0
HL,0.43849322,0.027777777777777776,0.5231428934468163,0,0.0,0,0.0,1.0,0.0,0.0,0.0,0.0,7.0,2799.0,253.0
BNB,0.47592944,0.023157894736842106,0.5228773364393334,0,0.0,0,0.0,1.0,0.0,0.0,0.0,0.0,0.0,0.0,5699.0
BOD,0.4723509,0.02356020942408377,0.5226236897613366,0,0.0,0,1.0,1.0,0.0,1.0,0.0,1.0,0.0,0.0,5061.0
BRZ,0.4723509,0.02356020942408377,0.5226236897613366,0,0.0,0,1.0,1.0,0.0,1.0,0.0,1.0,0.0,0.0,5061.0
WC,0.3893237,0.03365384615384615,0.5221300248916332,0,0.0,0,6.0,4.0,1.0,1.0,1.0,5.0,2.0,1537.0,198.0
BCR,0.52902025,0.01652892561983471,0.5219525947058496,0,0.01,0,0.0,0.0,0.0,0.0,0.0,0.0,1.0,172.0,234.0
UO,0.4418745,0.02717391304347826,0.5217941118323285,0,0.0,0,2.0,2.0,0.0,0.0,0.0,0.0,5.0,2895.0,257.0
SE,0.38406104,0.03418803418803419,0.5213489975175287,0,0.01,0,1.0,1.0,0.0,0.0,0.0,1.0,6.0,1103.0,1329.0
CHL,0.46150017,0.024691358024691357,0.5212245257548344,0,0.0,0,0.0,1.0,0.0,0.0,0.0,0.0,3.0,261.0,21.0
CAY,0.46150017,0.024691358024691357,0.5212245257548344,0,0.0,0,0.0,1.0,0.0,0.0,0.0,0.0,3.0,261.0,21.0
CCW,0.46150017,0.024691358024691357,0.5212245257548344,0,0.0,0,0.0,1.0,0.0,0.0,0.0,0.0,3.0,261.0,21.0
CNZ,0.42222393,0.029498525073746312,0.5212206364029628,0,0.0,0,0.0,2.0,0.0,2.0,1.0,0.0,4.0,615.0,3320.0
AXX,0.32186228,0.04177545691906005,0.5211631140727598,0,0.04,0,0.0,2.0,0.0,0.0,0.0,0.0,8.0,3807.0,4679.0
OB,0.3922062,0.03314917127071823,0.5210519866390122,0,0.0,0,0.0,0.0,0.0,0.0,1.0,0.0,1.0,1791.0,41.0
AYM,0.3824991,0.03428571428571429,0.5206850602286203,0,0.0,0,0.0,0.0,0.0,0.0,0.0,0.0,2.0,914.0,162.0
ANR,0.46031642,0.024734982332155476,0.5205054821690064,0,0.0,0,1.0,1.0,0.0,1.0,1.0,0.0,6.0,2350.0,87.0
BRX,0.42960396,0.028409090909090908,0.519899620251222,0,0.0,0,1.0,1.0,0.0,0.0,0.0,1.0,0.0,0.0,3231.0
BOB,0.42960396,0.028409090909090908,0.519899620251222,0,0.0,0,1.0,1.0,0.0,0.0,0.0,1.0,0.0,0.0,3231.0
COJ,0.47756177,0.02252252252252252,0.5197848438679635,0,0.0,0,5.0,3.0,0.0,2.0,1.0,4.0,10.0,1330.0,341.0
CFX,0.4408527,0.02696629213483146,0.5194319537784277,0,0.0,0,0.0,1.0,0.0,0.0,0.0,0.0,4.0,2585.0,3955.0
ABW,0.5079793,0.018726591760299626,0.5192694086930278,0,0.0,0,12.0,7.0,5.0,4.0,1.0,4.0,0.0,100.0,1224.0
BUZ,0.37811422,0.03461538461538462,0.5192148668032426,0,0.01,0,8.0,4.0,3.0,3.0,1.0,0.0,3.0,175.0,49.0
AZX,0.454912,0.025210084033613446,0.5191817390317677,0,0.0,0,0.0,0.0,0.0,0.0,0.0,0.0,4.0,3892.0,275.0
AXU,0.454912,0.025210084033613446,0.5191817390317677,0,0.0,0,0.0,0.0,0.0,0.0,0.0,0.0,4.0,3892.0,275.0
SX,0.4169467,0.029850746268656716,0.5191350082852947,0,0.0,0,2.0,1.0,1.0,0.0,0.0,0.0,2.0,5198.0,158.0
AZ,0.39687133,0.03225806451612903,0.518779585630663,0,0.0,0,1.0,1.0,0.0,0.0,0.0,1.0,2.0,2301.0,1058.0
BXG,0.3784571,0.034482758620689655,0.5185712156624629,0,0.01,0,0.0,0.0,0.0,0.0,0.0,0.0,10.0,834.0,0.0
COR,0.3829319,0.03389830508474576,0.5183105900125988,0,0.0,0,1.0,4.0,0.0,0.0,1.0,0.0,9.0,1742.0,114.0
DV,0.41943058,0.029411764705882353,0.5181769704117494,0,0.0,0,3.0,4.0,1.0,0.0,0.0,2.0,2.0,929.0,320.0
BJG,0.4548831,0.025069637883008356,0.5181594480046987,0,0.0,0,1.0,2.0,0.0,0.0,0.0,0.0,0.0,0.0,5691.0
BHI,0.4548831,0.025069637883008356,0.5181594480046987,0,0.0,0,1.0,2.0,0.0,0.0,0.0,0.0,0.0,0.0,5691.0
BKY,0.4548831,0.025069637883008356,0.5181594480046987,0,0.0,0,1.0,2.0,0.0,0.0,0.0,0.0,0.0,0.0,5691.0
CBV,0.45268863,0.02531645569620253,0.5180046548571767,0,0.0,0,0.0,0.0,0.0,0.0,0.0,0.0,8.0,1249.0,0.0
CDT,0.45268863,0.02531645569620253,0.5180046548571767,0,0.0,0,0.0,0.0,0.0,0.0,0.0,0.0,8.0,1249.0,0.0
CII,0.45268863,0.02531645569620253,0.5180046548571767,0,0.0,0,0.0,0.0,0.0,0.0,0.0,0.0,8.0,1249.0,0.0
ABY,0.43250054,0.027777777777777776,0.5179346991909874,0,0.0,0,9.0,5.0,4.0,1.0,1.0,4.0,4.0,1509.0,195.0
BMU,0.42949143,0.028037383177570093,0.5171626841353478,0,0.0,0,2.0,4.0,0.0,1.0,0.0,2.0,0.0,0.0,10654.0
BGL,0.49830833,0.0196078431372549,0.5171213531026653,0,0.0,0,3.0,2.0,0.0,2.0,0.0,3.0,0.0,0.0,652.0
AEJ,0.46082646,0.02416918429003021,0.5169315660107892,0,0.0,0,9.0,8.0,4.0,1.0,1.0,5.0,4.0,2886.0,191.0
AFN,0.39722243,0.031914893617021274,0.5166482182259255,0,0.0,0,5.0,2.0,1.0,0.0,1.0,2.0,10.0,2116.0,60.0
IU,0.3505739,0.03759398496240601,0.5164277602855424,0,0.0,0,2.0,0.0,1.0,0.0,0.0,0.0,6.0,4389.0,86.0
BWA,0.41200325,0.02997275204359673,0.5157049166896363,0,0.0,0,2.0,3.0,0.0,0.0,1.0,0.0,10.0,3522.0,0.0
CGH,0.380329,0.033846153846153845,0.5156781709377583,0,0.0,0,0.0,0.0,0.0,0.0,1.0,0.0,10.0,4992.0,155.0
CJG,0.34254584,0.038461538461538464,0.5156102492259099,0,0.0,0,2.0,0.0,1.0,0.0,0.0,0.0,10.0,2275.0,0.0
CFJ,0.34254584,0.038461538461538464,0.5156102492259099,0,0.0,0,2.0,0.0,1.0,0.0,0.0,0.0,10.0,2275.0,0.0
CHT,0.41552866,0.02952029520295203,0.5155563902810931,0,0.0,0,1.0,0.0,0.0,0.0,0.0,1.0,5.0,2085.0,2885.0
CDE,0.41552866,0.02952029520295203,0.5155563902810931,0,0.0,0,1.0,0.0,0.0,0.0,0.0,1.0,5.0,2085.0,2885.0
CBG,0.41552866,0.02952029520295203,0.5155563902810931,0,0.0,0,1.0,0.0,0.0,0.0,0.0,1.0,5.0,2085.0,2885.0
BCC,0.49174657,0.020134228187919462,0.5151558933642086,0,0.0,0,0.0,1.0,0.0,0.0,0.0,0.0,0.0,160.0,616.0
WF,0.43584666,0.026936026936026935,0.5148663490308254,0,0.0,0,6.0,3.0,2.0,0.0,1.0,5.0,0.0,559.0,509.0
BBP,0.4125467,0.029787234042553193,0.5148600460874273,0,0.0,0,0.0,1.0,0.0,0.0,0.0,0.0,2.0,1542.0,147.0
AXW,0.45700604,0.024242424242424242,0.5141312631332513,0,0.0,0,1.0,0.0,0.0,0.0,0.0,1.0,3.0,893.0,1126.0
CGS,0.43124992,0.02733485193621868,0.5137030052161162,0,0.0,0,0.0,1.0,0.0,0.0,1.0,0.0,9.0,4523.0,1374.0
BUL,0.42932397,0.02756892230576441,0.5136910872053084,0,0.0,0,7.0,5.0,2.0,0.0,1.0,4.0,3.0,3812.0,4390.0
COO,0.39633423,0.03160270880361174,0.5136597662962317,0,0.0,0,3.0,1.0,0.0,0.0,0.0,3.0,10.0,7131.0,438.0
M,0.4036786,0.03070175438596491,0.5136459321306462,0,0.0,0,0.0,0.0,0.0,0.0,0.0,0.0,2.0,674.0,1091.0
AVQ,0.4036786,0.03070175438596491,0.5136459321306462,0,0.0,0,0.0,0.0,0.0,0.0,0.0,0.0,2.0,674.0,1091.0
BUM,0.3917104,0.03216374269005848,0.5136245617392468,0,0.0,0,1.0,1.0,0.0,1.0,1.0,1.0,4.0,4483.0,2799.0
CLS,0.34798914,0.0375,0.5135140872001648,0,0.0,0,0.0,0.0,0.0,1.0,1.0,0.0,4.0,420.0,566.0
B,0.37441736,0.034220532319391636,0.5131984867297198,0,0.02,0,5.0,5.0,0.0,0.0,0.0,1.0,5.0,1416.0,1833.0
AWO,0.36090666,0.035794183445190156,0.5126293245044597,0,0.0,0,1.0,1.0,0.0,0.0,0.0,1.0,0.0,739.0,5074.0
AYL,0.4336484,0.026881720430107527,0.5125702949621345,0,0.0,0,2.0,0.0,1.0,0.0,0.0,0.0,0.0,1034.0,129.0
AOA,0.38271475,0.033112582781456956,0.5125432533538894,0,0.0,0,2.0,2.0,0.0,0.0,1.0,1.0,4.0,1357.0,1510.0
AVV,0.4885956,0.020114942528735632,0.5122804595821205,0,0.01,0,0.0,1.0,0.0,1.0,0.0,0.0,4.0,2583.0,114.0
AUU,0.39883715,0.031088082901554404,0.5121811939027026,0,0.0,0,1.0,1.0,0.0,1.0,1.0,0.0,1.0,4262.0,200.0
ABA,0.41546953,0.029045643153526972,0.5121349815263787,0,0.0,0,9.0,4.0,3.0,2.0,1.0,5.0,6.0,4217.0,276.0
BPQ,0.46051636,0.023529411764705882,0.5121196786796345,0,0.0,0,3.0,3.0,0.0,1.0,0.0,3.0,0.0,0.0,25480.0
EE,0.46870983,0.02252252252252252,0.5120916723668039,0,0.0,0,0.0,1.0,0.0,0.0,0.0,0.0,4.0,1780.0,94.0
BUV,0.38700736,0.032490974729241874,0.5118605207019764,0,0.0,0,0.0,0.0,0.0,1.0,1.0,0.0,2.0,2007.0,1284.0
AVG,0.39028442,0.03205128205128205,0.5115867914297642,0,0.0,0,3.0,4.0,0.0,1.0,0.0,0.0,0.0,169.0,187.0
PZ,0.41306335,0.02914798206278027,0.510770388622455,0,0.0,0,1.0,1.0,0.0,0.0,0.0,1.0,10.0,6454.0,7178.0
XA,0.42852053,0.027237354085603113,0.5106386844286195,0,0.0,0,6.0,4.0,1.0,2.0,1.0,1.0,1.0,1224.0,511.0
AHP,0.42852053,0.027237354085603113,0.5106386844286195,0,0.0,0,6.0,4.0,1.0,2.0,1.0,1.0,1.0,1224.0,511.0
ZE,0.42852053,0.027237354085603113,0.5106386844286195,0,0.0,0,6.0,4.0,1.0,2.0,1.0,1.0,1.0,1224.0,511.0
BNC,0.47999287,0.020930232558139535,0.5105924505688424,0,0.0,0,1.0,1.0,0.0,0.0,0.0,1.0,0.0,0.0,5760.0
AHA,0.34001666,0.03804347826086957,0.5104439515134562,0,0.0,0,5.0,3.0,0.0,1.0,1.0,4.0,6.0,1841.0,113.0
AAR,0.34001666,0.03804347826086957,0.5104439515134562,0,0.0,0,5.0,3.0,0.0,1.0,1.0,4.0,6.0,1841.0,113.0
YJ,0.34001666,0.03804347826086957,0.5104439515134562,0,0.0,0,5.0,3.0,0.0,1.0,1.0,4.0,6.0,1841.0,113.0
BYT,0.28420168,0.04477611940298507,0.5097372085300844,0,0.02,0,0.0,1.0,0.0,0.0,0.0,0.0,10.0,750.0,186.0
BBE,0.44860542,0.024615384615384615,0.5094783684473772,0,0.0,0,1.0,1.0,0.0,0.0,1.0,0.0,5.0,3851.0,133.0
GA,0.46117014,0.023076923076923078,0.5094752200750204,0,0.0,0,0.0,1.0,0.0,0.0,0.0,0.0,1.0,1932.0,2618.0
AFK,0.418303,0.02830188679245283,0.5093168772616476,0,0.0,0,4.0,2.0,0.0,0.0,1.0,3.0,1.0,392.0,274.0
GM,0.4157096,0.02857142857142857,0.5089767040525164,0,0.0,0,0.0,1.0,0.0,0.0,0.0,0.0,2.0,2916.0,113.0
ACA,0.3751331,0.03349282296650718,0.5086537843971162,0,0.0,0,4.0,4.0,0.0,0.0,1.0,0.0,4.0,2398.0,0.0
GX,0.41523135,0.028469750889679714,0.5078391395217583,0,0.0,0,1.0,1.0,0.0,1.0,0.0,0.0,2.0,2305.0,111.0
AEM,0.3922905,0.03125,0.5076411545276642,0,0.0,0,3.0,2.0,0.0,0.0,1.0,3.0,0.0,112.0,403.0
BQV,0.41492802,0.028455284552845527,0.507472797186394,0,0.0,0,0.0,1.0,0.0,0.0,0.0,0.0,0.0,0.0,3760.0
CIF,0.45599306,0.023333333333333334,0.5067963570753733,0,0.0,0,3.0,1.0,2.0,1.0,0.0,0.0,4.0,6188.0,87.0
CBS,0.45599306,0.023333333333333334,0.5067963570753733,0,0.0,0,3.0,1.0,2.0,1.0,0.0,0.0,4.0,6188.0,87.0
CDQ,0.45599306,0.023333333333333334,0.5067963570753733,0,0.0,0,3.0,1.0,2.0,1.0,0.0,0.0,4.0,6188.0,87.0
BAB,0.4637925,0.022357723577235773,0.5066479766271947,0,0.0,0,2.0,0.0,1.0,0.0,0.0,2.0,2.0,4254.0,4399.0
EH,0.4022102,0.029850746268656716,0.5063276092507946,0,0.0,0,0.0,1.0,0.0,1.0,0.0,0.0,3.0,1879.0,213.0
GH,0.39293098,0.030947775628626693,0.506052009268471,0,0.0,0,2.0,1.0,1.0,1.0,0.0,1.0,5.0,3379.0,3539.0
AW,0.45238286,0.023605150214592276,0.5055886386290129,0,0.0,0,0.0,0.0,0.0,0.0,0.0,0.0,1.0,2637.0,434.0
Y,0.4629249,0.022222222222222223,0.5049318884478675,0,0.0,0,1.0,2.0,1.0,0.0,0.0,1.0,8.0,2923.0,3333.0
CZ,0.42207593,0.027210884353741496,0.5048497902698257,0,0.01,0,2.0,0.0,1.0,2.0,0.0,0.0,1.0,3043.0,206.0
CJA,0.48103756,0.019966722129783693,0.504659454279057,0,0.0,0,1.0,1.0,0.0,0.0,0.0,0.0,10.0,10964.0,0.0
IS,0.35727835,0.03503184713375796,0.5040633827637715,0,0.0,0,1.0,0.0,0.0,1.0,0.0,0.0,2.0,3268.0,131.0
BBB,0.44472623,0.024291497975708502,0.5038073855855687,0,0.0,0,1.0,1.0,0.0,0.0,0.0,1.0,0.0,1453.0,1668.0
CEF,0.44861606,0.023809523809523808,0.5037659954457056,0,0.0,0,0.0,1.0,0.0,1.0,0.0,0.0,8.0,2312.0,140.0
CCH,0.44861606,0.023809523809523808,0.5037659954457056,0,0.0,0,0.0,1.0,0.0,1.0,0.0,0.0,8.0,2312.0,140.0
CEZ,0.44861606,0.023809523809523808,0.5037659954457056,0,0.0,0,0.0,1.0,0.0,1.0,0.0,0.0,8.0,2312.0,140.0
CAM,0.44861606,0.023809523809523808,0.5037659954457056,0,0.0,0,0.0,1.0,0.0,1.0,0.0,0.0,8.0,2312.0,140.0
CIU,0.44861606,0.023809523809523808,0.5037659954457056,0,0.0,0,0.0,1.0,0.0,1.0,0.0,0.0,8.0,2312.0,140.0
AOP,0.46843058,0.02127659574468085,0.5030028821306025,0,0.0,0,0.0,0.0,0.0,0.0,0.0,0.0,1.0,251.0,36.0
ZK,0.3643501,0.034013605442176874,0.502979910292593,0,0.0,0,8.0,2.0,4.0,1.0,1.0,3.0,10.0,3882.0,136.0
AFV,0.3643501,0.034013605442176874,0.502979910292593,0,0.0,0,8.0,2.0,4.0,1.0,1.0,3.0,10.0,3882.0,136.0
XH,0.3643501,0.034013605442176874,0.502979910292593,0,0.0,0,8.0,2.0,4.0,1.0,1.0,3.0,10.0,3882.0,136.0
ZM,0.3643501,0.034013605442176874,0.502979910292593,0,0.0,0,8.0,2.0,4.0,1.0,1.0,3.0,10.0,3882.0,136.0
Z,0.38174963,0.03184713375796178,0.502719778923472,0,0.0,0,0.0,0.0,0.0,2.0,0.0,0.0,10.0,3899.0,363.0
CGL,0.4101881,0.028350515463917526,0.502609510642966,0,0.0,0,0.0,1.0,0.0,0.0,0.0,0.0,10.0,5946.0,129.0
BGS,0.37971747,0.03205128205128205,0.5024030865767063,0,0.0,0,0.0,0.0,0.0,1.0,0.0,0.0,0.0,0.0,328.0
BIQ,0.37971747,0.03205128205128205,0.5024030865767063,0,0.0,0,0.0,0.0,0.0,1.0,0.0,0.0,0.0,0.0,328.0
AJJ,0.3988883,0.0297029702970297,0.5023913296732572,0,0.0,0,4.0,5.0,0.0,1.0,1.0,3.0,1.0,1157.0,1683.0
AZP,0.4383855,0.024822695035460994,0.502068167079425,0,0.0,0,1.0,0.0,0.0,0.0,0.0,1.0,1.0,2344.0,2547.0
JT,0.43299296,0.025380710659898477,0.5013434840035318,0,0.0,0,0.0,0.0,0.0,0.0,1.0,0.0,1.0,1333.0,435.0
BMC,0.46632248,0.02127659574468085,0.5011707545594966,0,0.0,0,0.0,1.0,0.0,0.0,0.0,0.0,0.0,0.0,872.0
BCT,0.48966628,0.018404907975460124,0.5010697321657754,0,0.0,0,1.0,0.0,0.0,0.0,0.0,0.0,2.0,720.0,141.0
BYS,0.28451914,0.043478260869565216,0.5007983079423075,0,0.08,0,0.0,0.0,0.0,0.0,0.0,0.0,5.0,477.0,22.0
AWS,0.45800415,0.022222222222222223,0.5006552849875556,0,0.0,0,1.0,1.0,0.0,0.0,0.0,0.0,1.0,760.0,93.0
AQG,0.485397,0.018867924528301886,0.5006467605536838,0,0.0,0,0.0,1.0,0.0,0.0,0.0,0.0,6.0,1949.0,170.0
BQD,0.4271041,0.025936599423631124,0.5001723116000723,0,0.0,0,1.0,1.0,0.0,0.0,0.0,1.0,0.0,0.0,12561.0
AOT,0.37226832,0.03257328990228013,0.49963535402419124,0,0.0,0,1.0,0.0,0.0,1.0,1.0,0.0,4.0,2962.0,90.0
BPN,0.5444039,0.011494252873563218,0.4995762764722451,0,0.05,0,0.0,0.0,0.0,0.0,0.0,0.0,0.0,0.0,357.0
CGQ,0.4014818,0.028985507246376812,0.4995513512604478,0,0.0,0,2.0,1.0,1.0,1.0,0.0,0.0,10.0,5939.0,0.0
BTZ,0.45355654,0.022598870056497175,0.4994640935949013,0,0.0,0,7.0,4.0,2.0,1.0,1.0,7.0,10.0,10185.0,10872.0
BQQ,0.45776772,0.02207505518763797,0.49940494183146666,0,0.0,0,1.0,3.0,0.0,2.0,0.0,0.0,10.0,20706.0,4.0
BUN,0.4022751,0.028846153846153848,0.49925138904498173,0,0.0,0,2.0,5.0,0.0,0.0,1.0,2.0,4.0,439.0,188.0
CFH,0.39632154,0.02956989247311828,0.49921574349044473,0,0.0,0,0.0,1.0,0.0,0.0,0.0,0.0,4.0,1332.0,3157.0
CJE,0.39632154,0.02956989247311828,0.49921574349044473,0,0.0,0,0.0,1.0,0.0,0.0,0.0,0.0,4.0,1332.0,3157.0
DA,0.38818008,0.030508474576271188,0.4988039792392214,0,0.0,0,0.0,1.0,0.0,0.0,0.0,0.0,3.0,3073.0,3442.0
BVB,0.38095915,0.03133903133903134,0.4984252486133847,0,0.0,0,2.0,2.0,1.0,1.0,1.0,0.0,2.0,3032.0,0.0
ACO,0.4744729,0.019867549668874173,0.4982500328133438,0,0.0,0,3.0,2.0,1.0,0.0,1.0,3.0,5.0,1066.0,199.0
BQZ,0.45730636,0.02195121951219512,0.49812471828809596,0,0.0,0,0.0,1.0,0.0,0.0,0.0,0.0,0.0,0.0,7347.0
BEI,0.5121393,0.015238095238095238,0.49811655212583994,0,0.0,0,1.0,1.0,0.0,0.0,0.0,0.0,2.0,2397.0,414.0
JA,0.5121393,0.015238095238095238,0.49811655212583994,0,0.0,0,1.0,1.0,0.0,0.0,0.0,0.0,2.0,2397.0,414.0
AEF,0.39271516,0.029850746268656716,0.49807552499557606,0,0.0,0,5.0,4.0,0.0,0.0,1.0,3.0,10.0,2350.0,163.0
AWR,0.45667285,0.022,0.49792049164772034,0,0.0,0,1.0,1.0,0.0,0.0,0.0,0.0,10.0,6811.0,495.0
BPS,0.41360593,0.027237354085603113,0.49767649213163767,0,0.0,0,0.0,1.0,0.0,0.0,0.0,0.0,0.0,0.0,3373.0
ACG,0.44382632,0.023529411764705882,0.4976144711410298,0,0.0,0,10.0,4.0,4.0,2.0,1.0,6.0,4.0,1530.0,329.0
DC,0.36130387,0.033582089552238806,0.49726865816472177,0,0.0,0,0.0,1.0,1.0,0.0,0.0,0.0,7.0,2751.0,0.0
FJ,0.40841556,0.027777777777777776,0.49700256122483144,0,0.0,0,0.0,1.0,0.0,1.0,0.0,0.0,3.0,1878.0,4459.0
LG,0.36573833,0.03296703296703297,0.49675573313629234,0,0.01,0,0.0,0.0,0.0,0.0,0.0,0.0,7.0,3353.0,0.0
SS,0.3964787,0.029197080291970802,0.4967053610478004,0,0.0,0,2.0,1.0,0.0,0.0,0.0,1.0,2.0,399.0,4116.0
BVQ,0.40798342,0.027777777777777776,0.4966269923581017,0,0.0,0,2.0,2.0,2.0,0.0,1.0,0.0,4.0,1555.0,111.0
BOP,0.4855277,0.018276762402088774,0.4965630861081903,0,0.0,0,0.0,1.0,0.0,0.0,0.0,0.0,0.0,0.0,1516.0
BSL,0.4855277,0.018276762402088774,0.4965630861081903,0,0.0,0,0.0,1.0,0.0,0.0,0.0,0.0,0.0,0.0,1516.0
CEN,0.44956642,0.022641509433962263,0.4962990647441936,0,0.0,0,0.0,1.0,0.0,0.0,0.0,0.0,6.0,3692.0,0.0
CAQ,0.44956642,0.022641509433962263,0.4962990647441936,0,0.0,0,0.0,1.0,0.0,0.0,0.0,0.0,6.0,3692.0,0.0
CHD,0.44956642,0.022641509433962263,0.4962990647441936,0,0.0,0,0.0,1.0,0.0,0.0,0.0,0.0,6.0,3692.0,0.0
CCO,0.44956642,0.022641509433962263,0.4962990647441936,0,0.0,0,0.0,1.0,0.0,0.0,0.0,0.0,6.0,3692.0,0.0
AHV,0.37757438,0.03142857142857143,0.4961193152155195,0,0.0,0,1.0,2.0,1.0,1.0,0.0,0.0,4.0,2771.0,105.0
BTE,0.4699714,0.02009456264775414,0.4959495846965916,0,0.01,0,9.0,6.0,3.0,2.0,1.0,5.0,4.0,1500.0,1744.0
OX,0.387752,0.030156815440289506,0.4959351471810634,0,0.0,0,2.0,2.0,0.0,1.0,0.0,2.0,4.0,2997.0,16100.0
YI,0.44500837,0.023121387283236993,0.4957448131776269,0,0.0,0,7.0,3.0,2.0,0.0,1.0,5.0,1.0,640.0,350.0
AAQ,0.44500837,0.023121387283236993,0.4957448131776269,0,0.0,0,7.0,3.0,2.0,0.0,1.0,5.0,1.0,640.0,350.0
AGY,0.44500837,0.023121387283236993,0.4957448131776269,0,0.0,0,7.0,3.0,2.0,0.0,1.0,5.0,1.0,640.0,350.0
AGZ,0.44500837,0.023121387283236993,0.4957448131776269,0,0.0,0,7.0,3.0,2.0,0.0,1.0,5.0,1.0,640.0,350.0
GO,0.41558513,0.026717557251908396,0.4957060352536558,0,0.0,0,1.0,0.0,0.0,0.0,0.0,1.0,1.0,537.0,1969.0
BVY,0.44992304,0.022508038585209004,0.4956613360685551,0,0.0,0,0.0,1.0,0.0,0.0,1.0,0.0,2.0,1427.0,2476.0
CJR,0.38055313,0.030985915492957747,0.49556526660919187,0,0.0,0,3.0,2.0,0.0,1.0,1.0,0.0,3.0,4615.0,0.0
AFP,0.4240118,0.02564102564102564,0.49538622391529574,0,0.0,0,5.0,2.0,1.0,0.0,1.0,1.0,1.0,965.0,91.0
KI,0.4104892,0.027190332326283987,0.4946339045586543,0,0.0,0,4.0,3.0,0.0,0.0,0.0,1.0,3.0,3336.0,166.0
BT,0.40385792,0.027950310559006212,0.49426651730300475,0,0.0,0,0.0,1.0,0.0,0.0,0.0,0.0,6.0,3441.0,189.0
DK,0.4420298,0.023255813953488372,0.49411058301149413,0,0.0,0,1.0,0.0,0.0,1.0,1.0,1.0,10.0,8452.0,168.0
BVD,0.43134582,0.02456140350877193,0.4940948784769627,0,0.0,0,4.0,4.0,0.0,2.0,1.0,1.0,10.0,2757.0,160.0
AKX,0.38416952,0.030303030303030304,0.4938597644820358,0,0.0,0,0.0,0.0,0.0,1.0,1.0,0.0,1.0,1323.0,149.0
RI,0.420898,0.025806451612903226,0.4938545782335343,0,0.0,0,0.0,0.0,0.0,0.0,0.0,0.0,10.0,2539.0,130.0
DQ,0.37481627,0.03137254901960784,0.4933244957175909,0,0.0,0,0.0,0.0,0.0,1.0,0.0,0.0,1.0,1927.0,88.0
AXG,0.43715382,0.023728813559322035,0.4932311687833172,0,0.0,0,0.0,1.0,0.0,0.0,1.0,0.0,9.0,7605.0,7783.0
AWN,0.3512962,0.034210526315789476,0.4930329600133394,0,0.0,0,1.0,1.0,0.0,0.0,0.0,1.0,10.0,5675.0,5762.0
ASZ,0.3047337,0.0399002493765586,0.4929627910813786,0,0.03,0,2.0,1.0,0.0,1.0,1.0,0.0,5.0,6161.0,114.0
BZS,0.3977555,0.028469750889679714,0.49265098196331714,0,0.0,0,0.0,1.0,0.0,0.0,0.0,0.0,7.0,2429.0,110.0
CH,0.40286237,0.027777777777777776,0.4921763135327233,0,0.0,0,5.0,6.0,0.0,1.0,1.0,0.0,4.0,4371.0,99.0
CJB,0.42415884,0.025139664804469275,0.4919543543341439,0,0.0,0,0.0,1.0,0.0,0.0,1.0,0.0,5.0,1743.0,2344.0
CFE,0.42415884,0.025139664804469275,0.4919543543341439,0,0.0,0,0.0,1.0,0.0,0.0,1.0,0.0,5.0,1743.0,2344.0
BD,0.47236875,0.019230769230769232,0.49190016159644495,0,0.01,0,1.0,0.0,0.0,1.0,0.0,0.0,5.0,6014.0,102.0
CML,0.4604028,0.020689655172413793,0.4918587015826127,0,0.0,0,0.0,0.0,0.0,2.0,0.0,0.0,3.0,565.0,84.0
CEX,0.48079166,0.01818181818181818,0.4917729237946597,0,0.0,0,0.0,1.0,0.0,0.0,0.0,0.0,9.0,2756.0,168.0
CCF,0.48079166,0.01818181818181818,0.4917729237946597,0,0.0,0,0.0,1.0,0.0,0.0,0.0,0.0,9.0,2756.0,168.0
CED,0.48079166,0.01818181818181818,0.4917729237946597,0,0.0,0,0.0,1.0,0.0,0.0,0.0,0.0,9.0,2756.0,168.0
CIS,0.48079166,0.01818181818181818,0.4917729237946597,0,0.0,0,0.0,1.0,0.0,0.0,0.0,0.0,9.0,2756.0,168.0
AKG,0.3786965,0.03067484662576687,0.49174309051109966,0,0.0,0,2.0,3.0,0.0,2.0,0.0,0.0,0.0,2334.0,280.0
BME,0.3907491,0.029197080291970802,0.49172578040700754,0,0.0,0,1.0,1.0,0.0,0.0,0.0,1.0,0.0,0.0,6339.0
ATL,0.50812066,0.014814814814814815,0.49161866735529014,0,0.01,0,3.0,2.0,0.0,0.0,1.0,1.0,2.0,615.0,139.0
NZ,0.387752,0.0294811320754717,0.491137795290857,0,0.0,0,2.0,2.0,0.0,1.0,0.0,2.0,4.0,2997.0,16840.0
COM,0.45573622,0.021148036253776436,0.4910575284158355,0,0.0,0,1.0,2.0,0.0,1.0,1.0,0.0,7.0,3839.0,535.0
KJ,0.3745497,0.031073446327683617,0.49096918335068696,0,0.0,0,0.0,1.0,0.0,0.0,0.0,0.0,7.0,2583.0,323.0
LY,0.34788653,0.034334763948497854,0.49095174268591557,0,0.0,0,1.0,0.0,0.0,0.0,0.0,0.0,3.0,1246.0,172.0
CMF,0.44216627,0.022774327122153208,0.4908106099497951,0,0.0,0,3.0,1.0,2.0,0.0,0.0,3.0,2.0,1197.0,5584.0
HF,0.3704261,0.031496062992125984,0.4903859429941403,0,0.0,0,1.0,1.0,0.0,2.0,0.0,1.0,0.0,3736.0,4281.0
AZZ,0.4077841,0.026881720430107527,0.49009177409192567,0,0.0,0,0.0,1.0,0.0,0.0,0.0,0.0,2.0,1313.0,1708.0
OV,0.38227993,0.03,0.49006602215766903,0,0.0,0,0.0,1.0,0.0,0.0,0.0,0.0,0.0,2290.0,2789.0
BVE,0.4222443,0.02510460251046025,0.4900415185854525,0,0.0,0,5.0,5.0,0.0,0.0,1.0,5.0,7.0,2461.0,368.0
ABL,0.34636146,0.03436426116838488,0.48983571465892073,0,0.0,0,8.0,3.0,2.0,1.0,1.0,6.0,5.0,2926.0,241.0
CFR,0.35635585,0.033112582781456956,0.48963486378556054,0,0.0,0,6.0,7.0,1.0,0.0,1.0,6.0,10.0,3278.0,3549.0
AVS,0.40136206,0.027559055118110236,0.48931947143997734,0,0.0,0,1.0,1.0,0.0,0.0,0.0,1.0,1.0,174.0,2419.0
AOZ,0.42566824,0.02456140350877193,0.489160507959232,0,0.0,0,1.0,0.0,0.0,0.0,0.0,0.0,9.0,2737.0,276.0
BL,0.49958286,0.015503875968992248,0.48909084912418394,0,0.0,0,0.0,1.0,0.0,0.0,0.0,0.0,6.0,463.0,481.0
BZB,0.38162515,0.029850746268656716,0.4884372453191387,0,0.0,0,0.0,1.0,0.0,0.0,0.0,0.0,4.0,549.0,269.0
CNM,0.32039875,0.03728813559322034,0.4880311993421134,0,0.0,0,1.0,1.0,0.0,0.0,0.0,0.0,10.0,3595.0,160.0
BXJ,0.40927988,0.026402640264026403,0.48799028221530094,0,0.0,0,0.0,0.0,0.0,0.0,0.0,0.0,0.0,3.0,735.0
APD,0.36597726,0.03164556962025317,0.4875810059565532,0,0.0,0,3.0,4.0,0.0,1.0,1.0,1.0,2.0,1821.0,2019.0
CBI,0.362296,0.03205128205128205,0.487262195501572,0,0.0,0,1.0,0.0,0.0,0.0,0.0,0.0,10.0,5511.0,1691.0
CHV,0.362296,0.03205128205128205,0.487262195501572,0,0.0,0,1.0,0.0,0.0,0.0,0.0,0.0,10.0,5511.0,1691.0
CDG,0.362296,0.03205128205128205,0.487262195501572,0,0.0,0,1.0,0.0,0.0,0.0,0.0,0.0,10.0,5511.0,1691.0
BZC,0.43840903,0.022727272727272728,0.4872111428867687,0,0.0,0,0.0,0.0,0.0,0.0,0.0,0.0,9.0,634.0,204.0
AUZ,0.3595271,0.03237410071942446,0.4871477897218663,0,0.0,0,0.0,1.0,0.0,0.0,0.0,0.0,3.0,681.0,158.0
AMK,0.40065098,0.027237354085603113,0.4864174131521455,0,0.0,0,6.0,8.0,0.0,1.0,1.0,0.0,6.0,1434.0,152.0
ET,0.39431703,0.028,0.4863273823738098,0,0.0,0,3.0,3.0,1.0,1.0,0.0,0.0,2.0,1409.0,1583.0
AIV,0.4757536,0.018018018018018018,0.48623138542647837,0,0.0,0,4.0,4.0,0.0,2.0,1.0,0.0,1.0,126.0,42.0
CDH,0.4264686,0.024024024024024024,0.48604072962437306,0,0.0,0,0.0,1.0,0.0,0.0,1.0,0.0,10.0,3740.0,52.0
CBJ,0.4264686,0.024024024024024024,0.48604072962437306,0,0.0,0,0.0,1.0,0.0,0.0,1.0,0.0,10.0,3740.0,52.0
CHW,0.4264686,0.024024024024024024,0.48604072962437306,0,0.0,0,0.0,1.0,0.0,0.0,1.0,0.0,10.0,3740.0,52.0
AMT,0.40125534,0.02702702702702703,0.4854493271660161,0,0.0,0,1.0,4.0,0.0,0.0,1.0,1.0,5.0,8995.0,177.0
GT,0.36043096,0.032,0.48527720422744747,0,0.0,0,2.0,2.0,0.0,1.0,1.0,2.0,3.0,3448.0,3669.0
RM,0.33057183,0.03561643835616438,0.48500351453480656,0,0.0,0,0.0,0.0,0.0,0.0,0.0,0.0,2.0,4128.0,4381.0
XS,0.38469356,0.028985507246376812,0.4849607898705247,0,0.0,0,6.0,2.0,2.0,0.0,1.0,4.0,0.0,388.0,166.0
AGI,0.38469356,0.028985507246376812,0.4849607898705247,0,0.0,0,6.0,2.0,2.0,0.0,1.0,4.0,0.0,388.0,166.0
AAA,0.38469356,0.028985507246376812,0.4849607898705247,0,0.0,0,6.0,2.0,2.0,0.0,1.0,4.0,0.0,388.0,166.0
EZ,0.41433203,0.025341130604288498,0.48484433978854097,0,0.0,0,1.0,1.0,0.0,1.0,0.0,1.0,1.0,4363.0,4531.0
AET,0.41158864,0.0255863539445629,0.48420118010882884,0,0.0,0,5.0,3.0,1.0,3.0,1.0,2.0,5.0,5565.0,123.0
CBR,0.34135664,0.034161490683229816,0.48404639526183557,0,0.0,0,0.0,1.0,0.0,0.0,0.0,0.0,5.0,1615.0,1799.0
CDP,0.34135664,0.034161490683229816,0.48404639526183557,0,0.0,0,0.0,1.0,0.0,0.0,0.0,0.0,5.0,1615.0,1799.0
CIE,0.34135664,0.034161490683229816,0.48404639526183557,0,0.0,0,0.0,1.0,0.0,0.0,0.0,0.0,5.0,1615.0,1799.0
ANA,0.36306182,0.031446540880503145,0.48363410845492616,0,0.0,0,1.0,1.0,0.0,1.0,1.0,0.0,3.0,5841.0,107.0
ACY,0.45322227,0.02040816326530612,0.48361956233880954,0,0.0,0,11.0,6.0,4.0,2.0,1.0,11.0,6.0,8343.0,9518.0
ANL,0.34561935,0.033444816053511704,0.482662702284529,0,0.0,0,1.0,0.0,0.0,3.0,0.0,1.0,3.0,4814.0,4874.0
CDI,0.41085085,0.025423728813559324,0.48240531491020977,0,0.0,0,0.0,1.0,0.0,0.0,0.0,0.0,7.0,1936.0,2069.0
CHX,0.41085085,0.025423728813559324,0.48240531491020977,0,0.0,0,0.0,1.0,0.0,0.0,0.0,0.0,7.0,1936.0,2069.0
CBK,0.41085085,0.025423728813559324,0.48240531491020977,0,0.0,0,0.0,1.0,0.0,0.0,0.0,0.0,7.0,1936.0,2069.0
CGV,0.44524062,0.02119460500963391,0.4822665101645769,0,0.0,0,3.0,3.0,0.0,0.0,0.0,2.0,10.0,5846.0,1364.0
TK,0.3705069,0.030303030303030304,0.4819856549754287,0,0.0,0,1.0,1.0,0.0,0.0,0.0,1.0,10.0,4632.0,5290.0
AUE,0.40671015,0.02586206896551724,0.4819188697584744,0,0.0,0,0.0,1.0,0.0,0.0,0.0,0.0,4.0,1385.0,117.0
BAO,0.32914826,0.03535353535353535,0.4818996896045376,0,0.01,0,1.0,0.0,0.0,0.0,0.0,0.0,10.0,5797.0,116.0
AFR,0.38885802,0.028037383177570093,0.4818484222220483,0,0.0,0,5.0,5.0,0.0,0.0,1.0,2.0,4.0,1260.0,106.0
BQE,0.46365327,0.018867924528301886,0.4817494059508701,0,0.0,0,0.0,1.0,0.0,0.0,0.0,0.0,0.0,0.0,6883.0
CDX,0.44469014,0.0211864406779661,0.4817300969261234,0,0.0,0,1.0,1.0,0.0,0.0,0.0,0.0,10.0,7668.0,107.0
CBZ,0.44469014,0.0211864406779661,0.4817300969261234,0,0.0,0,1.0,1.0,0.0,0.0,0.0,0.0,10.0,7668.0,107.0
CIM,0.44469014,0.0211864406779661,0.4817300969261234,0,0.0,0,1.0,1.0,0.0,0.0,0.0,0.0,10.0,7668.0,107.0
BGY,0.390817,0.027777777777777776,0.4817077411545647,0,0.0,0,1.0,2.0,0.0,0.0,0.0,1.0,0.0,0.0,279.0
BIW,0.390817,0.027777777777777776,0.4817077411545647,0,0.0,0,1.0,2.0,0.0,0.0,0.0,1.0,0.0,0.0,279.0
BWZ,0.3885445,0.028037383177570093,0.4815759395884576,0,0.0,0,0.0,0.0,1.0,0.0,0.0,0.0,3.0,123.0,49.0
BHX,0.35385782,0.03225806451612903,0.48139677432275585,0,0.0,0,5.0,7.0,1.0,4.0,0.0,4.0,0.0,0.0,2181.0
BLN,0.35385782,0.03225806451612903,0.48139677432275585,0,0.0,0,5.0,7.0,1.0,4.0,0.0,4.0,0.0,0.0,2181.0
BJV,0.35385782,0.03225806451612903,0.48139677432275585,0,0.0,0,5.0,7.0,1.0,4.0,0.0,4.0,0.0,0.0,2181.0
BDF,0.44384524,0.021164021164021163,0.48083664875812626,0,0.0,0,0.0,1.0,0.0,0.0,0.0,0.0,7.0,1815.0,116.0
BQH,0.41509676,0.024608501118568233,0.4803072920314951,0,0.0,0,1.0,1.0,0.0,1.0,0.0,1.0,0.0,0.0,5648.0
PM,0.38200104,0.028629856850715747,0.48009562350977175,0,0.0,0,3.0,3.0,2.0,0.0,1.0,0.0,7.0,5356.0,205.0
CAG,0.38692987,0.028011204481792718,0.4799867986964912,0,0.0,0,0.0,1.0,0.0,0.0,0.0,0.0,3.0,1733.0,823.0
CNK,0.38115817,0.028708133971291867,0.47991884998157264,0,0.0,0,1.0,1.0,1.0,1.0,1.0,0.0,9.0,4888.0,1132.0
CKB,0.40212175,0.02608695652173913,0.47952781205591943,0,0.0,0,1.0,1.0,0.0,2.0,0.0,0.0,10.0,793.0,358.0
CEG,0.33458355,0.03430079155672823,0.4791489661526239,0,0.0,0,1.0,0.0,1.0,0.0,1.0,0.0,10.0,3773.0,362.0
CFA,0.33458355,0.03430079155672823,0.4791489661526239,0,0.0,0,1.0,0.0,1.0,0.0,1.0,0.0,10.0,3773.0,362.0
CIV,0.33458355,0.03430079155672823,0.4791489661526239,0,0.0,0,1.0,0.0,1.0,0.0,1.0,0.0,10.0,3773.0,362.0
CCI,0.33458355,0.03430079155672823,0.4791489661526239,0,0.0,0,1.0,0.0,1.0,0.0,1.0,0.0,10.0,3773.0,362.0
BTY,0.419143,0.023880597014925373,0.4786557277280893,0,0.0,0,4.0,2.0,1.0,1.0,1.0,4.0,6.0,3879.0,4104.0
CEA,0.40001845,0.026217228464419477,0.4786247876029782,0,0.0,0,0.0,1.0,0.0,0.0,0.0,0.0,10.0,1834.0,1852.0
CIP,0.40001845,0.026217228464419477,0.4786247876029782,0,0.0,0,0.0,1.0,0.0,0.0,0.0,0.0,10.0,1834.0,1852.0
CCC,0.40001845,0.026217228464419477,0.4786247876029782,0,0.0,0,0.0,1.0,0.0,0.0,0.0,0.0,10.0,1834.0,1852.0
UH,0.38261637,0.02830188679245283,0.47830180896902985,0,0.0,0,1.0,0.0,0.0,1.0,0.0,1.0,5.0,3590.0,5414.0
BNK,0.46630797,0.01805416248746239,0.4782788720508755,0,0.0,0,2.0,2.0,1.0,0.0,0.0,2.0,0.0,0.0,23087.0
CGC,0.46197736,0.018581081081081082,0.4782562885735486,0,0.0,0,2.0,1.0,1.0,0.0,0.0,0.0,10.0,6652.0,1993.0
BBY,0.45401677,0.01948051948051948,0.4777238112765473,0,0.0,0,1.0,2.0,0.0,1.0,0.0,0.0,2.0,1835.0,128.0
RD,0.37657547,0.028938906752411574,0.47757455436363094,0,0.0,0,1.0,1.0,0.0,0.0,0.0,0.0,4.0,3599.0,0.0
OP,0.39675692,0.026455026455026454,0.4774785650470269,0,0.0,0,1.0,0.0,0.0,0.0,0.0,0.0,4.0,1092.0,187.0
ADQ,0.4242658,0.023060796645702306,0.4772873736527481,0,0.0,0,9.0,4.0,3.0,3.0,1.0,3.0,4.0,6923.0,89.0
AAV,0.4242658,0.023060796645702306,0.4772873736527481,0,0.0,0,9.0,4.0,3.0,3.0,1.0,3.0,4.0,6923.0,89.0
BCG,0.37944257,0.02843601895734597,0.47649582319350037,0,0.0,0,1.0,0.0,0.0,0.0,0.0,0.0,1.0,2231.0,47.0
CEO,0.3917088,0.026923076923076925,0.47641443408452544,0,0.0,0,1.0,1.0,0.0,0.0,0.0,0.0,10.0,6762.0,76.0
CHE,0.3917088,0.026923076923076925,0.47641443408452544,0,0.0,0,1.0,1.0,0.0,0.0,0.0,0.0,10.0,6762.0,76.0
CAR,0.3917088,0.026923076923076925,0.47641443408452544,0,0.0,0,1.0,1.0,0.0,0.0,0.0,0.0,10.0,6762.0,76.0
CCP,0.3917088,0.026923076923076925,0.47641443408452544,0,0.0,0,1.0,1.0,0.0,0.0,0.0,0.0,10.0,6762.0,76.0
CJQ,0.383385,0.027932960893854747,0.47635045414530364,0,0.0,0,3.0,4.0,1.0,1.0,0.0,0.0,2.0,198.0,2706.0
ALN,0.38142306,0.028169014084507043,0.4763213217258453,0,0.0,0,3.0,3.0,0.0,1.0,0.0,0.0,0.0,714.0,105.0
AUX,0.441051,0.020833333333333332,0.47606029311815895,0,0.0,0,0.0,0.0,0.0,0.0,0.0,0.0,4.0,1259.0,127.0
CAN,0.39822757,0.026052104208416832,0.4758959790986621,0,0.0,0,3.0,5.0,0.0,2.0,0.0,2.0,7.0,742.0,7545.0
ADU,0.37824306,0.02849002849002849,0.4758368056384247,0,0.0,0,8.0,4.0,4.0,2.0,1.0,1.0,2.0,2456.0,86.0
BEM,0.39473593,0.026415094339622643,0.47543861735541865,0,0.0,0,1.0,1.0,0.0,0.0,0.0,0.0,1.0,1414.0,1596.0
AEB,0.41406554,0.02403846153846154,0.4753637955738948,0,0.0,0,10.0,6.0,5.0,3.0,1.0,9.0,0.0,2190.0,3797.0
WD,0.41406554,0.02403846153846154,0.4753637955738948,0,0.0,0,10.0,6.0,5.0,3.0,1.0,9.0,0.0,2190.0,3797.0
BAA,0.40700743,0.02480916030534351,0.47470157460401985,0,0.0,0,1.0,3.0,0.0,0.0,0.0,1.0,1.0,2535.0,5509.0
BFU,0.4346134,0.02142857142857143,0.47469160420554024,0,0.0,0,1.0,1.0,0.0,0.0,0.0,1.0,0.0,0.0,3669.0
BET,0.36181626,0.030303030303030304,0.4744326735987808,0,0.0,0,2.0,4.0,0.0,1.0,0.0,0.0,0.0,2398.0,183.0
ADK,0.4148581,0.023809523809523808,0.4744271587757837,0,0.0,0,5.0,4.0,0.0,1.0,1.0,2.0,1.0,830.0,89.0
JH,0.45666456,0.018691588785046728,0.47442355985953427,0,0.0,0,0.0,1.0,0.0,0.0,0.0,0.0,1.0,1508.0,162.0
IX,0.38502225,0.027450980392156862,0.47435130446564916,0,0.0,0,2.0,0.0,1.0,0.0,0.0,0.0,2.0,7298.0,101.0
BX,0.3751213,0.02865329512893983,0.4742828847514866,0,0.0,0,0.0,1.0,0.0,0.0,0.0,0.0,5.0,4452.0,0.0
SU,0.41541153,0.02368421052631579,0.47401841414602175,0,0.0,0,2.0,1.0,0.0,0.0,1.0,0.0,10.0,5605.0,123.0
AWL,0.4812187,0.015625,0.4739906430244446,0,0.0,0,0.0,1.0,0.0,0.0,0.0,0.0,1.0,732.0,1254.0
BNT,0.37244087,0.028938906752411574,0.47398119894637936,0,0.0,0,1.0,3.0,0.0,1.0,0.0,1.0,0.0,0.0,5707.0
CKZ,0.40134692,0.025362318840579712,0.4737095010453376,0,0.0,0,1.0,1.0,1.0,3.0,1.0,1.0,7.0,5157.0,7065.0
CBO,0.42354983,0.02262443438914027,0.47356692913970255,0,0.0,0,0.0,1.0,0.0,0.0,0.0,0.0,6.0,1676.0,68.0
CIB,0.42354983,0.02262443438914027,0.47356692913970255,0,0.0,0,0.0,1.0,0.0,0.0,0.0,0.0,6.0,1676.0,68.0
CDM,0.42354983,0.02262443438914027,0.47356692913970255,0,0.0,0,0.0,1.0,0.0,0.0,0.0,0.0,6.0,1676.0,68.0
AKU,0.44387752,0.020134228187919462,0.47355316261317104,0,0.0,0,4.0,2.0,0.0,0.0,0.0,0.0,1.0,2193.0,39.0
JS,0.34867704,0.03178484107579462,0.47353429342540376,0,0.0,0,0.0,0.0,0.0,0.0,1.0,0.0,5.0,7205.0,494.0
KF,0.43559906,0.021108179419525065,0.473273458896023,0,0.0,0,2.0,1.0,0.0,2.0,0.0,1.0,6.0,3355.0,3632.0
CFU,0.3494982,0.03162055335968379,0.473081526855235,0,0.0,0,0.0,1.0,0.0,0.0,0.0,0.0,2.0,1037.0,1711.0
CS,0.3655601,0.029605263157894735,0.47273228482196206,0,0.0,0,1.0,0.0,0.0,1.0,0.0,0.0,8.0,2891.0,145.0
AEG,0.30766457,0.03664921465968586,0.47242764908605844,0,0.0,0,8.0,4.0,3.0,0.0,1.0,2.0,3.0,1057.0,1129.0
BK,0.439142,0.02050113895216401,0.47204261772453376,0,0.0,0,0.0,1.0,0.0,1.0,0.0,0.0,6.0,6242.0,152.0
FW,0.41617095,0.023310023310023312,0.4720216871419431,0,0.0,0,0.0,1.0,0.0,1.0,0.0,0.0,6.0,4149.0,4167.0
AVW,0.39354268,0.026004728132387706,0.471487985871926,0,0.0,0,1.0,1.0,0.0,0.0,0.0,0.0,6.0,4289.0,4432.0
AZK,0.39808866,0.02544529262086514,0.47146688761905253,0,0.0,0,1.0,2.0,0.0,0.0,0.0,1.0,7.0,3677.0,915.0
BOT,0.4223079,0.02243211334120425,0.471122128791764,0,0.0,0,2.0,1.0,0.0,1.0,0.0,2.0,0.0,0.0,19083.0
BSP,0.4223079,0.02243211334120425,0.471122128791764,0,0.0,0,2.0,1.0,0.0,1.0,0.0,2.0,0.0,0.0,19083.0
AJB,0.37366778,0.028328611898016998,0.47071437297056484,0,0.0,0,2.0,2.0,0.0,0.0,0.0,0.0,4.0,603.0,229.0
TI,0.38575995,0.02681992337164751,0.47051193698155924,0,0.0,0,1.0,1.0,1.0,1.0,0.0,0.0,8.0,1207.0,5694.0
AXA,0.44661304,0.01935483870967742,0.4703969179814862,0,0.0,0,0.0,0.0,0.0,0.0,0.0,0.0,5.0,1159.0,116.0
BXH,0.34716547,0.031512605042016806,0.47028773121473166,0,0.0,0,2.0,2.0,1.0,0.0,0.0,1.0,10.0,1355.0,493.0
CJM,0.49192318,0.013793103448275862,0.47028738967303574,0,0.0,0,0.0,2.0,1.0,1.0,0.0,0.0,2.0,727.0,139.0
CHM,0.38520494,0.02681992337164751,0.4700295863937144,0,0.0,0,1.0,1.0,0.0,0.0,0.0,1.0,4.0,1509.0,1889.0
CAZ,0.38520494,0.02681992337164751,0.4700295863937144,0,0.0,0,1.0,1.0,0.0,0.0,0.0,1.0,4.0,1509.0,1889.0
CCX,0.38520494,0.02681992337164751,0.4700295863937144,0,0.0,0,1.0,1.0,0.0,0.0,0.0,1.0,4.0,1509.0,1889.0
ADO,0.436978,0.020474137931034482,0.4699702051179162,0,0.0,0,10.0,4.0,3.0,3.0,1.0,10.0,9.0,15455.0,15568.0
BYL,0.36211237,0.02962962962962963,0.46990887187145375,0,0.0,0,0.0,0.0,0.0,0.0,0.0,0.0,7.0,1106.0,25.0
AZG,0.33711702,0.032663316582914576,0.46972471921887227,0,0.0,0,0.0,1.0,0.0,0.0,0.0,0.0,2.0,1126.0,3261.0
AUB,0.40564606,0.024242424242424242,0.46949459635850155,0,0.0,0,1.0,0.0,0.0,0.0,0.0,0.0,5.0,918.0,228.0
AXQ,0.40851533,0.023890784982935155,0.4694916371395971,0,0.0,0,1.0,0.0,0.0,0.0,0.0,1.0,2.0,1832.0,2369.0
ARI,0.33705807,0.03260869565217391,0.46928568041842916,0,0.0,0,1.0,0.0,1.0,0.0,0.0,1.0,5.0,1682.0,1889.0
ABP,0.2533198,0.04285714285714286,0.46927320386682236,0,0.02,0,6.0,4.0,1.0,0.0,1.0,5.0,1.0,105.0,153.0
BDR,0.3981464,0.02510460251046025,0.4690981451437563,0,0.0,0,0.0,1.0,0.0,0.0,0.0,0.0,1.0,2117.0,107.0
BOF,0.412875,0.02321724709784411,0.46849846621453267,0,0.0,0,1.0,1.0,0.0,0.0,0.0,1.0,0.0,0.0,10418.0
BSB,0.412875,0.02321724709784411,0.46849846621453267,0,0.0,0,1.0,1.0,0.0,0.0,0.0,1.0,0.0,0.0,10418.0
CDB,0.38853043,0.02619047619047619,0.468450681027912,0,0.0,0,1.0,0.0,0.0,0.0,0.0,1.0,10.0,5869.0,212.0
CHQ,0.38853043,0.02619047619047619,0.468450681027912,0,0.0,0,1.0,0.0,0.0,0.0,0.0,1.0,10.0,5869.0,212.0
CBD,0.38853043,0.02619047619047619,0.468450681027912,0,0.0,0,1.0,0.0,0.0,0.0,0.0,1.0,10.0,5869.0,212.0
UF,0.39466894,0.025396825396825397,0.46815070392593505,0,0.0,0,2.0,4.0,0.0,1.0,0.0,0.0,4.0,2629.0,143.0
ZW,0.3460338,0.031315240083507306,0.4679029335681979,0,0.0,0,9.0,4.0,5.0,2.0,1.0,7.0,4.0,3428.0,5007.0
AAH,0.3460338,0.031315240083507306,0.4679029335681979,0,0.0,0,9.0,4.0,5.0,2.0,1.0,7.0,4.0,3428.0,5007.0
K,0.30335718,0.0365296803652968,0.4678354262761329,0,0.0,0,0.0,1.0,0.0,0.0,1.0,0.0,3.0,1762.0,63.0
BPT,0.45962375,0.017391304347826087,0.4677633615680363,0,0.0,0,0.0,0.0,0.0,0.0,0.0,0.0,0.0,0.0,488.0
CNU,0.3272328,0.033582089552238806,0.46765769648907785,0,0.0,0,0.0,0.0,0.0,2.0,1.0,0.0,10.0,2333.0,2607.0
BRS,0.31473917,0.03508771929824561,0.4674895193493157,0,0.0,0,1.0,1.0,0.0,0.0,0.0,1.0,0.0,0.0,1861.0
RV,0.4761362,0.01532567049808429,0.4674482523481508,0,0.0,0,1.0,3.0,0.0,0.0,1.0,1.0,4.0,1967.0,119.0
BSF,0.40788445,0.023655913978494623,0.46727574988078047,0,0.0,0,1.0,1.0,0.0,0.0,0.0,1.0,0.0,0.0,7158.0
BOJ,0.40788445,0.023655913978494623,0.46727574988078047,0,0.0,0,1.0,1.0,0.0,0.0,0.0,1.0,0.0,0.0,7158.0
CLP,0.365772,0.02877697841726619,0.4670356117135329,0,0.0,0,3.0,2.0,0.0,2.0,1.0,2.0,3.0,2254.0,345.0
BQI,0.4317223,0.020703933747412008,0.4670340428688018,0,0.0,0,0.0,1.0,0.0,0.0,0.0,0.0,0.0,0.0,6701.0
OH,0.37391376,0.027777777777777776,0.4670172525776757,0,0.0,0,0.0,0.0,0.0,0.0,0.0,0.0,4.0,2179.0,5076.0
BQO,0.40952593,0.023391812865497075,0.46682723934887443,0,0.0,0,0.0,1.0,0.0,0.0,0.0,0.0,0.0,0.0,2122.0
FS,0.3848666,0.026373626373626374,0.4665668181927649,0,0.0,0,2.0,2.0,2.0,2.0,0.0,2.0,0.0,634.0,21522.0
DE,0.41018626,0.023166023166023165,0.46579800600250715,0,0.0,0,2.0,3.0,0.0,1.0,1.0,0.0,2.0,2137.0,205.0
COS,0.25260168,0.04245283018867924,0.4657784636852876,0,0.02,0,3.0,2.0,1.0,1.0,0.0,1.0,2.0,740.0,740.0
BBX,0.42665744,0.021141649048625793,0.46573995888611225,0,0.0,0,0.0,1.0,0.0,0.0,0.0,0.0,8.0,5617.0,91.0
ABE,0.39154512,0.025423728813559324,0.465626816022194,0,0.0,0,9.0,7.0,2.0,1.0,1.0,7.0,10.0,4072.0,401.0
BAG,0.47910053,0.014705882352941176,0.46562401827643896,0,0.0,0,1.0,3.0,0.0,0.0,0.0,1.0,4.0,798.0,126.0
CGU,0.39476633,0.025,0.4654178822040558,0,0.0,0,4.0,3.0,1.0,0.0,1.0,1.0,9.0,2861.0,3072.0
CY,0.4275029,0.020942408376963352,0.4650601561780999,0,0.0,0,2.0,1.0,0.0,2.0,1.0,0.0,5.0,3247.0,224.0
FE,0.37138814,0.027777777777777776,0.46482225192917714,0,0.0,0,2.0,3.0,0.0,1.0,0.0,0.0,7.0,3801.0,0.0
AZT,0.35082284,0.03021978021978022,0.46428727147343396,0,0.0,0,2.0,2.0,1.0,0.0,0.0,0.0,3.0,2137.0,196.0
BVI,0.35673904,0.029469548133595286,0.4641023587384252,0,0.0,0,3.0,3.0,0.0,1.0,1.0,1.0,9.0,2379.0,10248.0
CHC,0.3830671,0.026239067055393587,0.46404751056137306,0,0.0,0,1.0,1.0,2.0,0.0,0.0,0.0,10.0,2868.0,200.0
CEM,0.3830671,0.026239067055393587,0.46404751056137306,0,0.0,0,1.0,1.0,2.0,0.0,0.0,0.0,10.0,2868.0,200.0
CCN,0.3830671,0.026239067055393587,0.46404751056137306,0,0.0,0,1.0,1.0,2.0,0.0,0.0,0.0,10.0,2868.0,200.0
CAP,0.3830671,0.026239067055393587,0.46404751056137306,0,0.0,0,1.0,1.0,2.0,0.0,0.0,0.0,10.0,2868.0,200.0
WS,0.3613745,0.02888086642599278,0.4639513667524937,0,0.0,0,6.0,4.0,1.0,1.0,1.0,6.0,1.0,2088.0,2488.0
AHI,0.3613745,0.02888086642599278,0.4639513667524937,0,0.0,0,6.0,4.0,1.0,1.0,1.0,6.0,1.0,2088.0,2488.0
YW,0.3613745,0.02888086642599278,0.4639513667524937,0,0.0,0,6.0,4.0,1.0,1.0,1.0,6.0,1.0,2088.0,2488.0
BCO,0.3647672,0.028409090909090908,0.46355034275488416,0,0.0,0,2.0,1.0,0.0,0.0,0.0,0.0,4.0,1011.0,1156.0
ADD,0.3759457,0.02702702702702703,0.4634528588604283,0,0.0,0,4.0,2.0,0.0,0.0,1.0,3.0,3.0,1199.0,169.0
PD,0.42551166,0.020942408376963352,0.46332956511936885,0,0.0,0,0.0,1.0,0.0,0.0,0.0,0.0,4.0,978.0,153.0
QG,0.4019245,0.023809523809523808,0.46318661684081663,0,0.0,0,1.0,1.0,0.0,0.0,0.0,0.0,1.0,3622.0,36.0
BPL,0.3885156,0.025423728813559324,0.4629938702462083,0,0.0,0,0.0,1.0,0.0,0.0,0.0,0.0,0.0,0.0,687.0
BTS,0.3733867,0.02727272727272727,0.4629733322967182,0,0.0,0,1.0,1.0,1.0,1.0,1.0,0.0,2.0,596.0,79.0
BYJ,0.3535076,0.0297029702970297,0.46295123424860507,0,0.0,0,0.0,0.0,0.0,0.0,0.0,0.0,6.0,519.0,2337.0
BNL,0.19046529,0.04964539007092199,0.4628432495374206,0,0.07,0,0.0,0.0,0.0,0.0,0.0,0.0,0.0,0.0,1792.0
BN,0.33882153,0.03146853146853147,0.46272312894567746,0,0.0,0,0.0,1.0,0.0,1.0,0.0,0.0,5.0,2822.0,136.0
AQA,0.33769438,0.031578947368421054,0.46252747949800993,0,0.0,0,0.0,1.0,0.0,1.0,0.0,0.0,0.0,1743.0,166.0
AVK,0.39323068,0.024752475247524754,0.46232581905799336,0,0.0,0,0.0,1.0,0.0,0.0,0.0,0.0,6.0,1409.0,430.0
AYE,0.39711305,0.024242424242424242,0.46207861625786983,0,0.0,0,1.0,0.0,0.0,0.0,0.0,0.0,7.0,2980.0,195.0
W,0.36596015,0.028037383177570093,0.46194801085463194,0,0.0,0,3.0,2.0,1.0,0.0,0.0,3.0,3.0,7876.0,8321.0
BAR,0.45486844,0.017152658662092625,0.46193616994453746,0,0.0,0,0.0,1.0,0.0,0.0,0.0,0.0,4.0,4995.0,8409.0
ACI,0.40041924,0.023809523809523808,0.46187841409728636,0,0.0,0,6.0,3.0,2.0,0.0,1.0,5.0,1.0,2343.0,310.0
EG,0.3905254,0.025,0.46173210978507995,0,0.0,0,1.0,1.0,0.0,1.0,1.0,0.0,3.0,3064.0,0.0
BAM,0.3934946,0.02459016393442623,0.46140279721041194,0,0.0,0,3.0,1.0,0.0,1.0,0.0,0.0,2.0,2631.0,323.0
ATR,0.34168705,0.030927835051546393,0.46137461545541114,0,0.0,0,1.0,0.0,0.0,0.0,0.0,0.0,3.0,3293.0,104.0
TU,0.36283645,0.02830188679245283,0.46111120356703705,0,0.0,0,1.0,0.0,0.0,0.0,0.0,0.0,0.0,326.0,79.0
ATV,0.44716626,0.017937219730941704,0.46081262409954327,0,0.0,0,4.0,2.0,1.0,0.0,0.0,1.0,1.0,1029.0,1100.0
VH,0.37870455,0.02631578947368421,0.4608007882770739,0,0.0,0,0.0,0.0,0.0,0.0,0.0,0.0,3.0,919.0,4014.0
VZ,0.3607754,0.02849002849002849,0.4606557708350342,0,0.0,0,1.0,0.0,0.0,1.0,0.0,1.0,8.0,3500.0,3790.0
CLB,0.3330543,0.03184713375796178,0.46039896121450286,0,0.0,0,8.0,4.0,3.0,2.0,0.0,0.0,1.0,583.0,647.0
AZC,0.39123496,0.024719101123595506,0.4603543974174542,0,0.0,0,1.0,1.0,0.0,0.0,0.0,0.0,6.0,5109.0,114.0
BBN,0.3897438,0.024896265560165973,0.4603163109280756,0,0.0,0,3.0,2.0,2.0,1.0,0.0,0.0,6.0,11230.0,241.0
BGV,0.32064366,0.03333333333333333,0.46016495148340864,0,0.0,0,2.0,3.0,0.0,2.0,0.0,2.0,0.0,0.0,655.0
BIT,0.32064366,0.03333333333333333,0.46016495148340864,0,0.0,0,2.0,3.0,0.0,2.0,0.0,2.0,0.0,0.0,655.0
CNA,0.3816079,0.025793650793650792,0.45961687687843567,0,0.0,0,1.0,1.0,0.0,1.0,1.0,0.0,10.0,6547.0,87.0
BMV,0.38762283,0.025048169556840076,0.459551496060138,0,0.0,0,6.0,5.0,1.0,1.0,0.0,5.0,0.0,0.0,9061.0
BPP,0.40925884,0.022388059701492536,0.4594684615953645,0,0.0,0,0.0,1.0,0.0,0.0,0.0,0.0,0.0,0.0,5055.0
CNQ,0.4407742,0.018518518518518517,0.4593845435866603,0,0.0,0,7.0,6.0,1.0,0.0,1.0,3.0,2.0,480.0,612.0
ADG,0.30369756,0.03529411764705882,0.4593587488286635,0,0.0,0,7.0,5.0,1.0,0.0,1.0,7.0,1.0,1122.0,487.0
BZP,0.38400844,0.025423728813559324,0.4590767423985368,0,0.0,0,0.0,0.0,0.0,0.0,0.0,0.0,10.0,1018.0,84.0
BCY,0.38737234,0.025,0.45899181604385375,0,0.0,0,0.0,1.0,0.0,0.0,0.0,0.0,1.0,1556.0,66.0
HB,0.37915713,0.025974025974025976,0.45876759848037324,0,0.0,0,2.0,1.0,0.0,0.0,0.0,0.0,0.0,1101.0,2172.0
BCU,0.48305395,0.013245033112582781,0.45868789841797175,0,0.0,0,0.0,0.0,0.0,0.0,0.0,0.0,2.0,359.0,562.0
BNY,0.44062734,0.018433179723502304,0.4586509947952587,0,0.0,0,1.0,1.0,0.0,1.0,0.0,1.0,0.0,0.0,1876.0
BRJ,0.44062734,0.018433179723502304,0.4586509947952587,0,0.0,0,1.0,1.0,0.0,1.0,0.0,1.0,0.0,0.0,1876.0
BRV,0.44062734,0.018433179723502304,0.4586509947952587,0,0.0,0,1.0,1.0,0.0,1.0,0.0,1.0,0.0,0.0,1876.0
AWB,0.45161927,0.017045454545454544,0.45835119106552813,0,0.0,0,0.0,1.0,0.0,0.0,0.0,0.0,0.0,775.0,122.0
BUQ,0.44122785,0.0182648401826484,0.45797768232484926,0,0.0,0,0.0,4.0,0.0,1.0,1.0,0.0,10.0,6598.0,1439.0
BCN,0.37200567,0.026737967914438502,0.4579762821210259,0,0.0,0,0.0,0.0,0.0,0.0,0.0,0.0,3.0,3254.0,103.0
LQ,0.3640768,0.027692307692307693,0.4578611717590919,0,0.0,0,6.0,4.0,1.0,0.0,1.0,3.0,3.0,3227.0,209.0
UN,0.3912869,0.024355300859598854,0.45781656606149534,0,0.0,0,1.0,1.0,0.0,1.0,0.0,1.0,10.0,9245.0,9568.0
CDJ,0.41265818,0.021739130434782608,0.457815427624661,0,0.0,0,0.0,1.0,0.0,0.0,1.0,0.0,10.0,9748.0,123.0
CBL,0.41265818,0.021739130434782608,0.457815427624661,0,0.0,0,0.0,1.0,0.0,0.0,1.0,0.0,10.0,9748.0,123.0
CHY,0.41265818,0.021739130434782608,0.457815427624661,0,0.0,0,0.0,1.0,0.0,0.0,1.0,0.0,10.0,9748.0,123.0
HG,0.3998146,0.023310023310023312,0.457806486002493,0,0.0,0,1.0,0.0,0.0,0.0,0.0,0.0,10.0,5521.0,75.0
MV,0.40419728,0.022757697456492636,0.4576939178598294,0,0.0,0,0.0,1.0,0.0,0.0,0.0,0.0,0.0,951.0,14967.0
CHR,0.3976897,0.023529411764705882,0.45751738351934096,0,0.0,0,0.0,1.0,0.0,0.0,0.0,0.0,10.0,9616.0,151.0
CBE,0.3976897,0.023529411764705882,0.45751738351934096,0,0.0,0,0.0,1.0,0.0,0.0,0.0,0.0,10.0,9616.0,151.0
CDC,0.3976897,0.023529411764705882,0.45751738351934096,0,0.0,0,0.0,1.0,0.0,0.0,0.0,0.0,10.0,9616.0,151.0
UD,0.41778556,0.02103960396039604,0.45730495210921407,0,0.0,0,1.0,1.0,0.0,0.0,0.0,1.0,10.0,4394.0,1026.0
BPR,0.40723827,0.022315202231520222,0.45719510151418846,0,0.0,0,2.0,3.0,2.0,1.0,0.0,2.0,0.0,0.0,14953.0
BKV,0.41063106,0.021897810218978103,0.4571802898045004,0,0.0,0,0.0,1.0,0.0,0.0,0.0,0.0,0.0,0.0,1031.0
BJE,0.41063106,0.021897810218978103,0.4571802898045004,0,0.0,0,0.0,1.0,0.0,0.0,0.0,0.0,0.0,0.0,1031.0
BHG,0.41063106,0.021897810218978103,0.4571802898045004,0,0.0,0,0.0,1.0,0.0,0.0,0.0,0.0,0.0,0.0,1031.0
HR,0.42402864,0.02023121387283237,0.45699119330141585,0,0.0,0,2.0,1.0,1.0,0.0,0.0,0.0,8.0,4772.0,136.0
ARU,0.46112937,0.01568627450980392,0.4569661802871554,0,0.0,0,0.0,1.0,0.0,3.0,1.0,0.0,10.0,1331.0,108.0
AAT,0.3937757,0.023923444976076555,0.4569133822427412,0,0.0,0,5.0,2.0,0.0,0.0,1.0,3.0,7.0,7049.0,81.0
YK,0.3937757,0.023923444976076555,0.4569133822427412,0,0.0,0,5.0,2.0,0.0,0.0,1.0,3.0,7.0,7049.0,81.0
AHB,0.3937757,0.023923444976076555,0.4569133822427412,0,0.0,0,5.0,2.0,0.0,0.0,1.0,3.0,7.0,7049.0,81.0
AHC,0.3937757,0.023923444976076555,0.4569133822427412,0,0.0,0,5.0,2.0,0.0,0.0,1.0,3.0,7.0,7049.0,81.0
CFQ,0.38276762,0.02527075812274368,0.456912253458147,0,0.0,0,1.0,0.0,0.0,1.0,1.0,0.0,10.0,3976.0,0.0
CFC,0.32386458,0.032467532467532464,0.45681703787345385,0,0.0,0,1.0,1.0,0.0,0.0,0.0,0.0,10.0,1479.0,637.0
CCK,0.32386458,0.032467532467532464,0.45681703787345385,0,0.0,0,1.0,1.0,0.0,0.0,0.0,0.0,10.0,1479.0,637.0
CEI,0.32386458,0.032467532467532464,0.45681703787345385,0,0.0,0,1.0,1.0,0.0,0.0,0.0,0.0,10.0,1479.0,637.0
CIX,0.32386458,0.032467532467532464,0.45681703787345385,0,0.0,0,1.0,1.0,0.0,0.0,0.0,0.0,10.0,1479.0,637.0
AKS,0.37519568,0.026170798898071626,0.45672180274958124,0,0.0,0,1.0,1.0,1.0,1.0,0.0,1.0,1.0,2629.0,5453.0
HD,0.38382217,0.02510460251046025,0.45664905943132345,0,0.0,0,1.0,1.0,0.0,0.0,0.0,0.0,3.0,2130.0,65.0
ABC,0.42549896,0.02,0.45662743878364564,0,0.0,0,4.0,3.0,0.0,0.0,1.0,4.0,1.0,350.0,1778.0
LU,0.34669748,0.02962962962962963,0.45651186369083546,0,0.0,0,1.0,0.0,0.0,0.0,0.0,0.0,2.0,1352.0,103.0
BWH,0.4159671,0.02113821138211382,0.4564246476471908,0,0.0,0,4.0,5.0,0.0,1.0,1.0,4.0,10.0,5080.0,7581.0
QR,0.4558149,0.016260162601626018,0.45642199201312494,0,0.0,0,0.0,0.0,0.0,0.0,0.0,0.0,6.0,714.0,25.0
BVM,0.43000454,0.019390581717451522,0.4562163259183931,0,0.0,0,4.0,4.0,0.0,1.0,1.0,1.0,9.0,3826.0,88.0
MI,0.3401508,0.03038674033149171,0.4561976989000541,0,0.0,0,2.0,1.0,0.0,0.0,0.0,1.0,2.0,2677.0,3000.0
X,0.43592557,0.018617021276595744,0.45586998399267803,0,0.0,0,2.0,1.0,1.0,0.0,0.0,2.0,8.0,3949.0,4020.0
QQ,0.42979643,0.019345238095238096,0.45571354570842926,0,0.0,0,1.0,1.0,0.0,1.0,0.0,1.0,10.0,10731.0,11033.0
ACW,0.29598123,0.03571428571428571,0.4556357341153281,0,0.0,0,11.0,4.0,5.0,2.0,1.0,6.0,3.0,1627.0,147.0
CIK,0.39083773,0.024096385542168676,0.4555878866867847,0,0.0,0,0.0,1.0,0.0,0.0,0.0,0.0,4.0,799.0,109.0
CBX,0.39083773,0.024096385542168676,0.4555878866867847,0,0.0,0,0.0,1.0,0.0,0.0,0.0,0.0,4.0,799.0,109.0
CDV,0.39083773,0.024096385542168676,0.4555878866867847,0,0.0,0,0.0,1.0,0.0,0.0,0.0,0.0,4.0,799.0,109.0
AAC,0.3658765,0.027131782945736434,0.45544553154198697,0,0.0,0,7.0,2.0,2.0,0.0,1.0,2.0,0.0,2413.0,110.0
XV,0.3658765,0.027131782945736434,0.45544553154198697,0,0.0,0,7.0,2.0,2.0,0.0,1.0,2.0,0.0,2413.0,110.0
AGK,0.3658765,0.027131782945736434,0.45544553154198697,0,0.0,0,7.0,2.0,2.0,0.0,1.0,2.0,0.0,2413.0,110.0
AAY,0.44191885,0.01781970649895178,0.45541777976903774,0,0.0,0,12.0,6.0,6.0,4.0,1.0,12.0,10.0,14495.0,14878.0
AYZ,0.3875901,0.024444444444444446,0.4552366163465712,0,0.0,0,1.0,0.0,1.0,0.0,0.0,0.0,8.0,5191.0,102.0
VB,0.42759517,0.01953125,0.45512109994888306,0,0.0,0,0.0,1.0,0.0,1.0,1.0,0.0,2.0,2585.0,0.0
VC,0.42759517,0.01953125,0.45512109994888306,0,0.0,0,0.0,1.0,0.0,1.0,1.0,0.0,2.0,2585.0,0.0
CBU,0.38716903,0.024456521739130436,0.4549564224222432,0,0.0,0,0.0,1.0,0.0,0.0,0.0,0.0,10.0,4805.0,4929.0
CIH,0.38716903,0.024456521739130436,0.4549564224222432,0,0.0,0,0.0,1.0,0.0,0.0,0.0,0.0,10.0,4805.0,4929.0
CAJ,0.38716903,0.024456521739130436,0.4549564224222432,0,0.0,0,0.0,1.0,0.0,0.0,0.0,0.0,10.0,4805.0,4929.0
CDS,0.38716903,0.024456521739130436,0.4549564224222432,0,0.0,0,0.0,1.0,0.0,0.0,0.0,0.0,10.0,4805.0,4929.0
TR,0.4477855,0.017006802721088437,0.4547448336672621,0,0.0,0,1.0,0.0,0.0,0.0,0.0,0.0,3.0,2957.0,0.0
MU,0.37376097,0.026066350710900472,0.4547333212542872,0,0.0,0,1.0,3.0,0.0,1.0,0.0,0.0,3.0,4230.0,303.0
BAH,0.41746846,0.020710059171597635,0.4546896020336264,0,0.0,0,0.0,0.0,0.0,0.0,0.0,0.0,5.0,4778.0,210.0
ES,0.34506807,0.029556650246305417,0.4545776229186598,0,0.0,0,1.0,3.0,0.0,0.0,0.0,1.0,2.0,1240.0,365.0
CF,0.3620598,0.027472527472527472,0.45454775959580807,0,0.0,0,0.0,1.0,0.0,0.0,0.0,0.0,7.0,3346.0,89.0
COK,0.43832967,0.018115942028985508,0.4544017323549243,0,0.0,0,1.0,2.0,0.0,1.0,1.0,1.0,10.0,8423.0,9303.0
BBH,0.48226523,0.012658227848101266,0.4538360978229136,0,0.01,0,5.0,3.0,2.0,1.0,0.0,4.0,2.0,765.0,576.0
CDL,0.46393326,0.014893617021276596,0.4537751586132861,0,0.0,0,0.0,1.0,0.0,0.0,0.0,0.0,1.0,509.0,7111.0
CIA,0.46393326,0.014893617021276596,0.4537751586132861,0,0.0,0,0.0,1.0,0.0,0.0,0.0,0.0,1.0,509.0,7111.0
CBN,0.46393326,0.014893617021276596,0.4537751586132861,0,0.0,0,0.0,1.0,0.0,0.0,0.0,0.0,1.0,509.0,7111.0
CKO,0.40793985,0.021739130434782608,0.45371474727340366,0,0.0,0,4.0,4.0,2.0,3.0,0.0,4.0,10.0,5409.0,6143.0
R,0.4135347,0.021052631578947368,0.45370306291078266,0,0.0,0,0.0,1.0,0.0,0.0,0.0,0.0,2.0,2834.0,103.0
ER,0.38652548,0.024336283185840708,0.45354342850963625,0,0.0,0,1.0,1.0,0.0,0.0,1.0,0.0,10.0,6208.0,168.0
ALO,0.38522047,0.02444987775061125,0.45321576293639854,0,0.0,0,1.0,1.0,0.0,2.0,1.0,1.0,2.0,1998.0,4402.0
AUF,0.37566772,0.02558139534883721,0.45294729632000585,0,0.0,0,0.0,1.0,0.0,0.0,0.0,0.0,2.0,6054.0,136.0
CAO,0.379307,0.02512562814070352,0.452874210012618,0,0.0,0,0.0,0.0,0.0,0.0,0.0,0.0,4.0,1424.0,256.0
AIX,0.38102406,0.024875621890547265,0.4525914573254277,0,0.0,0,2.0,1.0,0.0,2.0,1.0,0.0,3.0,4462.0,526.0
RX,0.40434453,0.0220125786163522,0.4525315452671651,0,0.0,0,0.0,1.0,0.0,0.0,0.0,0.0,10.0,2887.0,165.0
CKR,0.35188216,0.028409090909090908,0.4523520307107405,0,0.0,0,1.0,2.0,0.0,0.0,0.0,0.0,3.0,1288.0,101.0
CGW,0.41594803,0.020560747663551402,0.4523080851541501,0,0.0,0,0.0,1.0,0.0,0.0,1.0,0.0,10.0,7935.0,121.0
CAK,0.48229304,0.012422360248447204,0.4521856075488262,0,0.0,0,0.0,0.0,0.0,0.0,0.0,0.0,4.0,916.0,37.0
CDU,0.482293,0.012422360248447204,0.4521855777465038,0,0.0,0,0.0,0.0,0.0,0.0,0.0,0.0,4.0,916.0,37.0
CIJ,0.482293,0.012422360248447204,0.4521855777465038,0,0.0,0,0.0,0.0,0.0,0.0,0.0,0.0,4.0,916.0,37.0
CBW,0.482293,0.012422360248447204,0.4521855777465038,0,0.0,0,0.0,0.0,0.0,0.0,0.0,0.0,4.0,916.0,37.0
BBK,0.43641233,0.018032786885245903,0.4521449637803875,0,0.01,0,1.0,0.0,0.0,0.0,0.0,1.0,1.0,228.0,7012.0
BLP,0.3973412,0.022813688212927757,0.4521328652992901,0,0.0,0,0.0,1.0,0.0,0.0,0.0,0.0,0.0,0.0,3406.0
BHZ,0.3973412,0.022813688212927757,0.4521328652992901,0,0.0,0,0.0,1.0,0.0,0.0,0.0,0.0,0.0,0.0,3406.0
BJX,0.3973412,0.022813688212927757,0.4521328652992901,0,0.0,0,0.0,1.0,0.0,0.0,0.0,0.0,0.0,0.0,3406.0
APC,0.3867393,0.024081115335868188,0.45191755425491864,0,0.0,0,2.0,2.0,1.0,2.0,1.0,0.0,10.0,14333.0,86.0
XC,0.3866179,0.024,0.45123613514900207,0,0.0,0,7.0,5.0,3.0,3.0,1.0,4.0,1.0,3388.0,156.0
WO,0.3866179,0.024,0.45123613514900207,0,0.0,0,7.0,5.0,3.0,3.0,1.0,4.0,1.0,3388.0,156.0
ZG,0.3866179,0.024,0.45123613514900207,0,0.0,0,7.0,5.0,3.0,3.0,1.0,4.0,1.0,3388.0,156.0
CNY,0.3237834,0.03167420814479638,0.451113893084936,0,0.0,0,0.0,1.0,0.0,1.0,1.0,0.0,10.0,5861.0,6148.0
AZQ,0.39326566,0.023166023166023165,0.45109243745048994,0,0.0,0,1.0,0.0,0.0,0.0,0.0,1.0,5.0,2358.0,2535.0
FP,0.3473431,0.02875399361022364,0.4508559660789685,0,0.01,0,1.0,0.0,0.0,0.0,0.0,0.0,8.0,3209.0,593.0
JX,0.4619915,0.014705882352941176,0.45075465616057897,0,0.0,0,0.0,0.0,0.0,0.0,0.0,0.0,4.0,595.0,418.0
SF,0.41953188,0.01990049751243781,0.45073500939862643,0,0.0,0,2.0,5.0,0.0,1.0,0.0,0.0,6.0,7242.0,197.0
CGX,0.4450086,0.016778523489932886,0.4507106888614245,0,0.0,0,1.0,1.0,0.0,0.0,0.0,0.0,8.0,3485.0,0.0
AAU,0.5145043,0.008264462809917356,0.45065916845621157,0,0.0,0,6.0,3.0,2.0,0.0,1.0,0.0,0.0,885.0,0.0
AHD,0.5145043,0.008264462809917356,0.45065916845621157,0,0.0,0,6.0,3.0,2.0,0.0,1.0,0.0,0.0,885.0,0.0
YL,0.5145043,0.008264462809917356,0.45065916845621157,0,0.0,0,6.0,3.0,2.0,0.0,1.0,0.0,0.0,885.0,0.0
JQ,0.37411165,0.025423728813559324,0.45047549413422405,0,0.0,0,1.0,2.0,0.0,0.0,0.0,0.0,6.0,2153.0,2100.0
JP,0.4527973,0.015789473684210527,0.4504575261316801,0,0.0,0,1.0,3.0,0.0,0.0,0.0,0.0,5.0,1576.0,116.0
AUJ,0.34525186,0.028953229398663696,0.45045304554607923,0,0.0,0,1.0,0.0,0.0,0.0,0.0,1.0,3.0,4982.0,5092.0
AVJ,0.32905638,0.030927835051546393,0.450397347236417,0,0.0,0,0.0,0.0,0.0,0.0,0.0,0.0,2.0,757.0,903.0
HP,0.40057617,0.022167487684729065,0.45035633303848976,0,0.0,0,0.0,1.0,0.0,1.0,1.0,0.0,7.0,4878.0,190.0
KG,0.3672166,0.02622950819672131,0.4502040555828907,0,0.0,0,0.0,0.0,0.0,0.0,0.0,0.0,5.0,2274.0,121.0
JJ,0.40040004,0.022151898734177215,0.4500925867617885,0,0.0,0,1.0,0.0,0.0,0.0,0.0,0.0,1.0,3494.0,0.0
BWC,0.36811972,0.02608695652173913,0.44997684245524194,0,0.0,0,4.0,4.0,2.0,1.0,1.0,0.0,9.0,3023.0,137.0
SH,0.36386612,0.02654867256637168,0.4495582568961962,0,0.0,0,0.0,0.0,0.0,0.0,0.0,0.0,10.0,7571.0,7703.0
AAS,0.35614318,0.027472527472527472,0.4494056668910351,0,0.0,0,7.0,6.0,2.0,1.0,1.0,6.0,8.0,11385.0,11533.0
AQR,0.36228448,0.026690391459074734,0.4491898587165778,0,0.0,0,1.0,1.0,0.0,1.0,1.0,1.0,0.0,3657.0,7103.0
AXR,0.39605093,0.022556390977443608,0.44918468294287084,0,0.0,0,0.0,0.0,0.0,0.0,1.0,0.0,3.0,1726.0,179.0
BBO,0.4212628,0.019455252918287938,0.44907810460732606,0,0.0,0,0.0,0.0,0.0,0.0,0.0,0.0,4.0,2442.0,0.0
ANP,0.3902068,0.023255813953488372,0.4490714954775433,0,0.0,0,0.0,1.0,0.0,1.0,0.0,0.0,4.0,4433.0,433.0
LR,0.33931988,0.029484029484029485,0.44906628200697374,0,0.0,0,1.0,1.0,0.0,0.0,1.0,0.0,10.0,5432.0,92.0
BBA,0.4083015,0.02099737532808399,0.4487625813077441,0,0.0,0,2.0,1.0,0.0,0.0,1.0,0.0,3.0,2784.0,89.0
EM,0.33834225,0.029556650246305417,0.448732255010182,0,0.0,0,3.0,2.0,0.0,1.0,0.0,1.0,0.0,1207.0,1223.0
COC,0.3213426,0.031630170316301706,0.44867992499739007,0,0.0,0,2.0,1.0,0.0,0.0,1.0,0.0,10.0,6397.0,396.0
NX,0.34084833,0.02922077922077922,0.4485255840536836,0,0.0,0,1.0,2.0,0.0,0.0,0.0,0.0,5.0,2297.0,607.0
AEK,0.39587003,0.022435897435897436,0.44817197154729793,0,0.0,0,11.0,5.0,4.0,2.0,1.0,11.0,4.0,7830.0,8087.0
ALP,0.3754561,0.024844720496894408,0.44753296493743516,0,0.0,0,0.0,1.0,1.0,1.0,0.0,0.0,8.0,6509.0,165.0
AUD,0.38087603,0.024179620034542316,0.44752118752204484,0,0.0,0,1.0,1.0,0.0,0.0,1.0,1.0,4.0,4460.0,7171.0
BXB,0.3773156,0.02460456942003515,0.44744401263017436,0,0.0,0,5.0,3.0,1.0,1.0,1.0,0.0,10.0,6548.0,1041.0
AFD,0.42232257,0.01909307875894988,0.44742770884941757,0,0.0,0,11.0,5.0,6.0,4.0,1.0,11.0,10.0,11581.0,11911.0
AZW,0.45361158,0.015254237288135594,0.44736503366696634,0,0.01,0,3.0,3.0,0.0,1.0,0.0,1.0,3.0,2478.0,7421.0
BSC,0.39106348,0.022889842632331903,0.44721765051754414,0,0.0,0,2.0,1.0,0.0,1.0,0.0,2.0,0.0,0.0,13683.0
BOG,0.39106348,0.022889842632331903,0.44721765051754414,0,0.0,0,2.0,1.0,0.0,1.0,0.0,2.0,0.0,0.0,13683.0
PS,0.3322069,0.03009259259259259,0.44720524394953687,0,0.0,0,0.0,1.0,0.0,0.0,0.0,0.0,9.0,4769.0,299.0
BPE,0.38878185,0.023166023166023165,0.44719557518204206,0,0.0,0,0.0,1.0,0.0,0.0,0.0,0.0,0.0,0.0,3849.0
BCV,0.42662638,0.018518518518518517,0.44708876102058975,0,0.0,0,1.0,1.0,0.0,0.0,0.0,0.0,1.0,1327.0,0.0
BUF,0.36975592,0.02544529262086514,0.44684304657176555,0,0.0,0,5.0,4.0,1.0,1.0,1.0,3.0,6.0,3290.0,3492.0
AAG,0.39148644,0.02278481012658228,0.4468395015710517,0,0.0,0,7.0,4.0,3.0,4.0,1.0,4.0,2.0,1783.0,358.0
AGP,0.39148644,0.02278481012658228,0.4468395015710517,0,0.0,0,7.0,4.0,3.0,4.0,1.0,4.0,2.0,1783.0,358.0
AGN,0.39148644,0.02278481012658228,0.4468395015710517,0,0.0,0,7.0,4.0,3.0,4.0,1.0,4.0,2.0,1783.0,358.0
XZ,0.39148644,0.02278481012658228,0.4468395015710517,0,0.0,0,7.0,4.0,3.0,4.0,1.0,4.0,2.0,1783.0,358.0
YA,0.40590242,0.02097902097902098,0.4465472353505088,0,0.0,0,4.0,2.0,1.0,0.0,1.0,2.0,0.0,667.0,200.0
AAI,0.4059024,0.02097902097902098,0.4465472055481864,0,0.0,0,4.0,2.0,1.0,0.0,1.0,2.0,0.0,667.0,200.0
AGQ,0.40590233,0.02097902097902098,0.4465471459435416,0,0.0,0,4.0,2.0,1.0,0.0,1.0,2.0,0.0,667.0,200.0
CFF,0.37874755,0.024242424242424242,0.4461172672474023,0,0.0,0,0.0,1.0,0.0,0.0,0.0,0.0,10.0,5072.0,0.0
CJC,0.37874752,0.024242424242424242,0.4461172374450799,0,0.0,0,0.0,1.0,0.0,0.0,0.0,0.0,10.0,5072.0,0.0
BSY,0.41003466,0.02040816326530612,0.4460854446401401,0,0.0,0,0.0,0.0,0.0,1.0,0.0,0.0,0.0,0.0,2237.0
BPC,0.41003466,0.02040816326530612,0.4460854446401401,0,0.0,0,0.0,0.0,0.0,1.0,0.0,0.0,0.0,0.0,2237.0
ALU,0.40856904,0.0205761316872428,0.44600426917704045,0,0.0,0,0.0,0.0,0.0,2.0,0.0,0.0,1.0,513.0,1688.0
ARL,0.40856904,0.0205761316872428,0.44600426917704045,0,0.0,0,0.0,0.0,0.0,2.0,0.0,0.0,1.0,513.0,1688.0
BMG,0.4179092,0.019417475728155338,0.44589530883483514,0,0.0,0,0.0,0.0,0.0,0.0,0.0,0.0,0.0,0.0,375.0
RL,0.3651748,0.02586206896551724,0.4458207471617337,0,0.0,0,0.0,0.0,0.0,0.0,0.0,0.0,1.0,1782.0,189.0
ACJ,0.35289067,0.0273224043715847,0.44551304259586855,0,0.0,0,9.0,6.0,4.0,0.0,1.0,9.0,10.0,11224.0,11252.0
BFO,0.35896003,0.026578073089700997,0.4455031525455044,0,0.0,0,1.0,3.0,0.0,0.0,0.0,0.0,0.0,0.0,1903.0
AFM,0.35878664,0.026595744680851064,0.4454779104983553,0,0.0,0,6.0,4.0,1.0,0.0,1.0,6.0,0.0,698.0,476.0
AGF,0.39603347,0.0220125786163522,0.44530844579702655,0,0.01,0,9.0,4.0,3.0,0.0,1.0,6.0,3.0,3649.0,388.0
XP,0.39603347,0.0220125786163522,0.44530844579702655,0,0.01,0,9.0,4.0,3.0,0.0,1.0,6.0,3.0,3649.0,388.0
ZX,0.39603347,0.0220125786163522,0.44530844579702655,0,0.01,0,9.0,4.0,3.0,0.0,1.0,6.0,3.0,3649.0,388.0
AZL,0.351924,0.0273972602739726,0.4452043920347135,0,0.0,0,0.0,1.0,0.0,0.0,0.0,0.0,10.0,4030.0,1006.0
DD,0.351924,0.0273972602739726,0.4452043920347135,0,0.0,0,0.0,1.0,0.0,0.0,0.0,0.0,10.0,4030.0,1006.0
BTW,0.43145567,0.01762114537444934,0.44491450256188014,0,0.0,0,1.0,3.0,0.0,1.0,1.0,0.0,5.0,1645.0,0.0
AYY,0.4023136,0.021176470588235293,0.4448301059218014,0,0.0,0,1.0,1.0,0.0,0.0,0.0,0.0,6.0,4479.0,0.0
BCX,0.34508252,0.028169014084507043,0.44473795294761653,0,0.0,0,1.0,0.0,0.0,0.0,0.0,1.0,0.0,2775.0,2793.0
CGN,0.38478014,0.023305084745762712,0.4447050409801936,0,0.0,0,1.0,1.0,0.0,0.0,0.0,1.0,10.0,1214.0,6374.0
CMM,0.35220653,0.02727272727272727,0.4445657490600239,0,0.0,0,0.0,0.0,0.0,0.0,0.0,0.0,2.0,647.0,305.0
IZ,0.4197634,0.018867924528301886,0.4436049366897007,0,0.0,0,0.0,1.0,0.0,0.0,0.0,0.0,0.0,1275.0,166.0
BQP,0.50488985,0.008333333333333333,0.4427922932306925,0,0.0,0,0.0,1.0,0.0,0.0,0.0,0.0,0.0,0.0,555.0
QY,0.42612728,0.017964071856287425,0.4427184169163961,0,0.0,0,1.0,1.0,1.0,0.0,0.0,0.0,1.0,103.0,128.0
FA,0.36509407,0.025423728813559324,0.44263834761360943,0,0.0,0,2.0,1.0,1.0,1.0,0.0,2.0,2.0,1696.0,5063.0
CMW,0.38170785,0.023333333333333334,0.4422354966799418,0,0.0,0,0.0,1.0,0.0,1.0,0.0,0.0,2.0,199.0,2747.0
BIF,0.36366943,0.02553191489361702,0.44216833129842226,0,0.0,0,3.0,3.0,0.0,2.0,1.0,0.0,10.0,2256.0,0.0
BLW,0.36366943,0.02553191489361702,0.44216833129842226,0,0.0,0,3.0,3.0,0.0,2.0,1.0,0.0,10.0,2256.0,0.0
BKD,0.36366943,0.02553191489361702,0.44216833129842226,0,0.0,0,3.0,3.0,0.0,2.0,1.0,0.0,10.0,2256.0,0.0
PW,0.41686672,0.019011406844106463,0.4421061993551798,0,0.0,0,1.0,0.0,0.0,0.0,0.0,0.0,1.0,1689.0,297.0
CAF,0.3878891,0.022556390977443608,0.44209128317976354,0,0.0,0,0.0,0.0,0.0,0.0,0.0,0.0,10.0,1209.0,0.0
IQ,0.38140312,0.023346303501945526,0.4420627316380289,0,0.0,0,1.0,4.0,0.0,1.0,0.0,0.0,3.0,1566.0,1721.0
BNW,0.33823255,0.02862595419847328,0.44202894563893325,0,0.0,0,3.0,1.0,1.0,0.0,0.0,3.0,0.0,0.0,3797.0
BDE,0.32700568,0.03,0.44202747988700863,0,0.0,0,0.0,0.0,0.0,0.0,0.0,0.0,1.0,385.0,160.0
BUU,0.3963802,0.021505376344086023,0.44200864094559866,0,0.01,0,7.0,3.0,3.0,1.0,1.0,7.0,3.0,5578.0,5823.0
AXT,0.3575498,0.026239067055393587,0.4418705593914054,0,0.0,0,1.0,1.0,1.0,0.0,0.0,1.0,7.0,3404.0,3693.0
BBQ,0.40508527,0.02040816326530612,0.4417839562406345,0,0.0,0,2.0,3.0,0.0,0.0,0.0,0.0,0.0,491.0,134.0
BZL,0.33069813,0.029484029484029485,0.44157317349600267,0,0.0,0,0.0,1.0,0.0,0.0,0.0,0.0,10.0,6010.0,6255.0
BMY,0.4289413,0.017456359102244388,0.44155932434479195,0,0.0,0,0.0,2.0,0.0,1.0,0.0,0.0,0.0,0.0,5809.0
CR,0.43412802,0.01680672268907563,0.4414546262817223,0,0.0,0,1.0,1.0,1.0,0.0,1.0,1.0,9.0,7535.0,8085.0
AUH,0.40494806,0.020378457059679767,0.4414538030888142,0,0.0,0,2.0,1.0,0.0,0.0,0.0,0.0,7.0,10119.0,216.0
AEY,0.38450414,0.02287581699346405,0.4414173610459745,0,0.0,0,7.0,4.0,2.0,1.0,1.0,6.0,3.0,1924.0,9592.0
DN,0.38378978,0.022857142857142857,0.44066393269811355,0,0.0,0,0.0,1.0,0.0,0.0,0.0,0.0,1.0,3068.0,186.0
APX,0.36685675,0.024896265560165973,0.44042531709453375,0,0.0,0,0.0,0.0,0.0,1.0,0.0,0.0,3.0,1670.0,132.0
ADE,0.36820614,0.024725274725274724,0.4403840333550841,0,0.0,0,6.0,4.0,2.0,1.0,1.0,3.0,2.0,2667.0,86.0
ANV,0.37092602,0.024390243902439025,0.44036914531777543,0,0.0,0,2.0,2.0,1.0,1.0,0.0,0.0,2.0,6690.0,142.0
BQT,0.41517836,0.018957345971563982,0.4402550200150476,0,0.0,0,0.0,0.0,0.0,0.0,0.0,0.0,0.0,0.0,2335.0
BCE,0.41964257,0.018404907975460124,0.44021252558275237,0,0.0,0,0.0,0.0,0.0,0.0,0.0,0.0,5.0,924.0,182.0
EN,0.44768536,0.014970059880239521,0.4401969367158627,0,0.0,0,3.0,2.0,0.0,0.0,0.0,0.0,4.0,2255.0,239.0
KD,0.37992826,0.023255813953488372,0.44013848776041076,0,0.0,0,0.0,1.0,0.0,0.0,0.0,0.0,5.0,2029.0,0.0
BE,0.390176,0.02197802197802198,0.4399724099662278,0,0.0,0,0.0,0.0,0.0,0.0,0.0,0.0,4.0,4034.0,0.0
I,0.40690947,0.0199203187250996,0.43990568395154883,0,0.0,0,0.0,1.0,0.0,0.0,0.0,0.0,1.0,818.0,376.0
BTG,0.39957607,0.02079722703639515,0.4397582977028819,0,0.0,0,3.0,3.0,0.0,2.0,1.0,3.0,8.0,4986.0,12181.0
BMK,0.3991591,0.020833333333333332,0.43965228597323097,0,0.0,0,0.0,0.0,0.0,0.0,0.0,0.0,0.0,0.0,0.0
FF,0.4162783,0.018726591760299626,0.4395726044079784,0,0.0,0,6.0,3.0,1.0,0.0,1.0,2.0,3.0,1912.0,103.0
AWG,0.37065318,0.024305555555555556,0.4395307209756639,0,0.0,0,0.0,1.0,0.0,1.0,0.0,0.0,2.0,3292.0,101.0
CNX,0.34422022,0.027522935779816515,0.4394013877855528,0,0.0,0,0.0,2.0,0.0,3.0,1.0,0.0,10.0,3345.0,354.0
BOM,0.38432336,0.022613065326633167,0.4393947063678473,0,0.0,0,0.0,1.0,0.0,0.0,0.0,0.0,0.0,0.0,353.0
BSI,0.38432336,0.022613065326633167,0.4393947063678473,0,0.0,0,0.0,1.0,0.0,0.0,0.0,0.0,0.0,0.0,353.0
CGD,0.37391537,0.023872679045092837,0.4392924522847649,0,0.0,0,1.0,1.0,0.0,1.0,0.0,0.0,10.0,7762.0,188.0
BJN,0.39177656,0.021653543307086614,0.43905963480003235,0,0.0,0,0.0,1.0,0.0,0.0,0.0,0.0,0.0,0.0,11107.0
BHP,0.39177656,0.021653543307086614,0.43905963480003235,0,0.0,0,0.0,1.0,0.0,0.0,0.0,0.0,0.0,0.0,11107.0
BLF,0.39177656,0.021653543307086614,0.43905963480003235,0,0.0,0,0.0,1.0,0.0,0.0,0.0,0.0,0.0,0.0,11107.0
BIE,0.42141038,0.018018018018018018,0.4390020060109663,0,0.0,0,7.0,6.0,1.0,1.0,0.0,0.0,0.0,0.0,0.0
BLU,0.42141038,0.018018018018018018,0.4390020060109663,0,0.0,0,7.0,6.0,1.0,1.0,0.0,0.0,0.0,0.0,0.0
BKC,0.42141038,0.018018018018018018,0.4390020060109663,0,0.0,0,7.0,6.0,1.0,1.0,0.0,0.0,0.0,0.0,0.0
PX,0.33364907,0.028708133971291867,0.4386289542086387,0,0.0,0,1.0,1.0,0.0,0.0,0.0,0.0,7.0,4730.0,120.0
CKP,0.44780484,0.014705882352941176,0.43842510756324315,0,0.0,0,4.0,4.0,0.0,0.0,0.0,4.0,2.0,77.0,564.0
AJL,0.3854418,0.022332506203473945,0.4383747691404139,0,0.0,0,0.0,1.0,0.0,1.0,1.0,0.0,0.0,1718.0,2231.0
EL,0.3732743,0.023809523809523808,0.43828689569518675,0,0.0,0,0.0,1.0,0.0,0.0,0.0,0.0,1.0,4058.0,8062.0
F,0.39469782,0.0211864406779661,0.4382820659774845,0,0.0,0,3.0,3.0,0.0,3.0,0.0,3.0,5.0,10219.0,12852.0
BYV,0.34394267,0.0273972602739726,0.43826787169665504,0,0.0,0,0.0,0.0,0.0,0.0,0.0,0.0,10.0,1065.0,258.0
BSH,0.43177944,0.0166358595194085,0.4382003665190748,0,0.0,0,0.0,0.0,0.0,1.0,0.0,0.0,0.0,0.0,7982.0
BOL,0.43177944,0.0166358595194085,0.4382003665190748,0,0.0,0,0.0,0.0,0.0,1.0,0.0,0.0,0.0,0.0,7982.0
LS,0.31679007,0.03070175438596491,0.43813161557180835,0,0.0,0,0.0,2.0,0.0,0.0,0.0,0.0,4.0,982.0,1218.0
COH,0.33942467,0.027906976744186046,0.4379602834513021,0,0.0,0,0.0,1.0,0.0,0.0,0.0,0.0,9.0,1721.0,565.0
UY,0.36307174,0.025,0.4378722810745239,0,0.0,0,1.0,1.0,0.0,0.0,0.0,0.0,5.0,4198.0,0.0
BMO,0.43758398,0.015822784810126583,0.4374722347983831,0,0.0,0,1.0,1.0,0.0,0.0,0.0,1.0,0.0,0.0,10728.0
QU,0.42175812,0.01775147928994083,0.43741180639295185,0,0.0,0,0.0,1.0,0.0,1.0,0.0,0.0,4.0,2276.0,2919.0
CFM,0.39493132,0.02102803738317757,0.4373603265976237,0,0.0,0,0.0,1.0,0.0,0.0,0.0,0.0,10.0,5028.0,3033.0
CJJ,0.39493132,0.02102803738317757,0.4373603265976237,0,0.0,0,0.0,1.0,0.0,0.0,0.0,0.0,10.0,5028.0,3033.0
ABN,0.4049951,0.01978021978021978,0.4372472071909642,0,0.0,0,6.0,4.0,2.0,0.0,1.0,6.0,5.0,5736.0,5801.0
AVN,0.37368718,0.02359882005899705,0.43714971902799465,0,0.0,0,1.0,1.0,0.0,0.0,0.0,0.0,9.0,4799.0,134.0
BDP,0.41215336,0.018867924528301886,0.4369911158984562,0,0.0,0,0.0,1.0,0.0,1.0,0.0,0.0,5.0,5495.0,128.0
NF,0.34843844,0.02666666666666667,0.43698789056142173,0,0.0,0,1.0,0.0,0.0,0.0,0.0,0.0,10.0,2009.0,0.0
KR,0.42703545,0.01702127659574468,0.4368138552726583,0,0.0,0,0.0,1.0,0.0,0.0,0.0,0.0,4.0,2304.0,2464.0
BAI,0.42351845,0.01744186046511628,0.43674338515414746,0,0.0,0,0.0,1.0,0.0,0.0,0.0,0.0,1.0,5748.0,5811.0
BV,0.3836518,0.022304832713754646,0.4366226061347692,0,0.0,0,1.0,2.0,0.0,0.0,0.0,1.0,2.0,1549.0,242.0
NR,0.41742516,0.018145161290322582,0.4364411867433979,0,0.0,0,1.0,0.0,1.0,1.0,1.0,0.0,9.0,6244.0,141.0
BTB,0.42563266,0.017123287671232876,0.43631898050438866,0,0.01,0,5.0,4.0,0.0,1.0,1.0,0.0,2.0,2685.0,295.0
CFY,0.41125372,0.018867924528301886,0.436209251970615,0,0.0,0,0.0,1.0,0.0,0.0,0.0,0.0,10.0,5003.0,171.0
ND,0.39041364,0.021400778210116732,0.43608050930824727,0,0.0,0,5.0,5.0,0.0,1.0,0.0,0.0,3.0,5299.0,229.0
BPG,0.35884178,0.02524271844660194,0.43591934636958596,0,0.0,0,1.0,1.0,0.0,1.0,0.0,0.0,0.0,0.0,6155.0
VA,0.4331982,0.016129032258064516,0.43583493425000097,0,0.0,0,1.0,2.0,0.0,1.0,0.0,1.0,4.0,1153.0,190.0
API,0.35382205,0.025787965616045846,0.4354279883099149,0,0.0,0,0.0,0.0,0.0,1.0,1.0,0.0,6.0,3643.0,0.0
DJ,0.3707474,0.023696682464454975,0.43528958900844883,0,0.0,0,2.0,1.0,0.0,0.0,1.0,0.0,10.0,6862.0,0.0
NM,0.38826197,0.021538461538461538,0.4351880546166347,0,0.0,0,1.0,1.0,0.0,1.0,1.0,1.0,6.0,9529.0,9545.0
QZ,0.4015863,0.019891500904159132,0.43507471390701763,0,0.0,0,2.0,3.0,0.0,0.0,0.0,0.0,10.0,6856.0,1202.0
ABD,0.4232031,0.017241379310344827,0.4350459067985929,0,0.0,0,0.0,0.0,0.0,0.0,1.0,0.0,0.0,53.0,0.0
BGI,0.49099255,0.008928571428571428,0.4349404071058546,0,0.0,0,0.0,0.0,0.0,0.0,0.0,0.0,0.0,0.0,767.0
KN,0.34986538,0.02619047619047619,0.4348471022219885,0,0.0,0,0.0,1.0,0.0,0.0,0.0,0.0,4.0,4885.0,5050.0
CLQ,0.33630934,0.027848101265822784,0.4348347563683232,0,0.0,0,4.0,3.0,1.0,1.0,1.0,0.0,9.0,748.0,114.0
AWZ,0.48597902,0.009523809523809525,0.43480937883967447,0,0.0,0,2.0,4.0,0.0,0.0,0.0,2.0,0.0,99.0,303.0
OS,0.3808201,0.022388059701492536,0.4347525015695771,0,0.0,0,1.0,2.0,0.0,1.0,0.0,0.0,10.0,7234.0,96.0
AIP,0.41176686,0.01859799713876967,0.43473872945714576,0,0.0,0,0.0,1.0,0.0,1.0,0.0,0.0,10.0,9877.0,131.0
CLX,0.33839566,0.027573529411764705,0.4346984993009006,0,0.0,0,2.0,2.0,1.0,1.0,0.0,2.0,4.0,2131.0,8206.0
BRQ,0.42141372,0.01740506329113924,0.43465291827539854,0,0.0,0,1.0,0.0,1.0,0.0,0.0,1.0,0.0,0.0,10350.0
LV,0.3977646,0.020289855072463767,0.4345816192765167,0,0.0,0,0.0,1.0,0.0,0.0,0.0,0.0,7.0,4151.0,4327.0
BHN,0.41955787,0.01762114537444934,0.4345741993792782,0,0.0,0,0.0,1.0,0.0,0.0,0.0,0.0,0.0,0.0,3958.0
BJL,0.41955787,0.01762114537444934,0.4345741993792782,0,0.0,0,0.0,1.0,0.0,0.0,0.0,0.0,0.0,0.0,3958.0
BLD,0.41955787,0.01762114537444934,0.4345741993792782,0,0.0,0,0.0,1.0,0.0,0.0,0.0,0.0,0.0,0.0,3958.0
AKW,0.3484249,0.02631578947368421,0.4344849203762255,0,0.0,0,0.0,1.0,0.0,1.0,1.0,0.0,2.0,1221.0,1340.0
BEV,0.37041008,0.023622047244094488,0.43446654330088397,0,0.0,0,1.0,1.0,0.0,0.0,0.0,1.0,0.0,0.0,11993.0
CMH,0.35165408,0.025906735751295335,0.4343870938441914,0,0.0,0,1.0,1.0,0.0,1.0,0.0,0.0,5.0,1337.0,113.0
BEO,0.37473053,0.023066485753052916,0.43427691091675935,0,0.0,0,1.0,0.0,0.0,0.0,0.0,0.0,6.0,11515.0,84.0
KA,0.37639248,0.022838499184339316,0.4341026056357348,0,0.0,0,1.0,1.0,0.0,1.0,0.0,1.0,8.0,10017.0,10911.0
AVD,0.39206827,0.020864381520119227,0.433710114469116,0,0.0,0,2.0,1.0,0.0,1.0,0.0,0.0,5.0,8966.0,83.0
HX,0.37293842,0.02320185614849188,0.4336805415540726,0,0.0,0,0.0,1.0,0.0,1.0,0.0,0.0,4.0,2056.0,3541.0
ALF,0.38211656,0.02207505518763797,0.4336569357260437,0,0.0,0,1.0,2.0,0.0,2.0,1.0,0.0,2.0,5928.0,87.0
HH,0.39893922,0.02,0.43354452681541444,0,0.0,0,0.0,0.0,0.0,0.0,0.0,0.0,2.0,839.0,196.0
SI,0.32150257,0.029473684210526315,0.43350790148032337,0,0.0,0,0.0,1.0,0.0,0.0,0.0,0.0,10.0,7728.0,81.0
AI,0.35529435,0.02531645569620253,0.433359830590743,0,0.0,0,0.0,1.0,0.0,0.0,0.0,0.0,10.0,1636.0,0.0
BNU,0.35255513,0.02564102564102564,0.43328363788433566,0,0.0,0,2.0,2.0,0.0,1.0,0.0,2.0,0.0,0.0,498.0
BSJ,0.44974297,0.013736263736263736,0.4332252426461859,0,0.0,0,0.0,1.0,0.0,0.0,0.0,0.0,0.0,0.0,5387.0
BON,0.44974297,0.013736263736263736,0.4332252426461859,0,0.0,0,0.0,1.0,0.0,0.0,0.0,0.0,0.0,0.0,5387.0
BPM,0.41027778,0.018556701030927835,0.43315136124178305,0,0.0,0,1.0,1.0,0.0,1.0,0.0,1.0,0.0,0.0,8014.0
ON,0.40007436,0.019801980198019802,0.4331251324993549,0,0.0,0,1.0,1.0,0.0,0.0,0.0,0.0,10.0,2141.0,0.0
WL,0.3644358,0.024154589371980676,0.43305537219784684,0,0.01,0,8.0,8.0,2.0,1.0,1.0,1.0,0.0,702.0,807.0
PU,0.3509744,0.025796661608497723,0.4330148555982818,0,0.0,0,2.0,2.0,0.0,1.0,1.0,0.0,10.0,16060.0,0.0
WN,0.4133996,0.018151815181518153,0.4329898453388277,0,0.0,0,10.0,7.0,4.0,2.0,1.0,8.0,3.0,5993.0,6446.0
XB,0.4133996,0.018151815181518153,0.4329898453388277,0,0.0,0,10.0,7.0,4.0,2.0,1.0,8.0,3.0,5993.0,6446.0
ZF,0.4133996,0.018151815181518153,0.4329898453388277,0,0.0,0,10.0,7.0,4.0,2.0,1.0,8.0,3.0,5993.0,6446.0
COI,0.38328832,0.021834061135371178,0.43296425311325937,0,0.0,0,0.0,0.0,0.0,0.0,0.0,0.0,2.0,194.0,3083.0
APT,0.37742233,0.022535211267605635,0.43284431457519534,0,0.0,0,3.0,2.0,0.0,3.0,1.0,0.0,6.0,3569.0,362.0
AYO,0.41404542,0.018018018018018018,0.43260115261550425,0,0.0,0,1.0,1.0,0.0,0.0,0.0,0.0,2.0,872.0,2010.0
AYP,0.41404542,0.018018018018018018,0.43260115261550425,0,0.0,0,1.0,1.0,0.0,0.0,0.0,0.0,2.0,872.0,2010.0
ALM,0.35941145,0.024691358024691357,0.43249979335584754,0,0.0,0,1.0,1.0,0.0,1.0,1.0,0.0,8.0,5530.0,127.0
KE,0.39687777,0.020100502512562814,0.4324664684396293,0,0.0,0,5.0,2.0,1.0,0.0,0.0,4.0,8.0,819.0,364.0
BQL,0.39925635,0.01977401129943503,0.4322156189188445,0,0.0,0,3.0,1.0,0.0,0.0,0.0,3.0,0.0,0.0,15227.0
BDN,0.38379192,0.021666666666666667,0.43221342929204304,0,0.0,0,2.0,1.0,1.0,0.0,0.0,2.0,4.0,7125.0,7806.0
TW,0.37144065,0.023172905525846704,0.4321732862960421,0,0.0,0,0.0,1.0,0.0,1.0,0.0,0.0,3.0,10500.0,0.0
CFP,0.41738963,0.017482517482517484,0.431705540501988,0,0.0,0,1.0,1.0,0.0,0.0,0.0,0.0,10.0,2905.0,0.0
AFA,0.3426587,0.026627218934911243,0.4316846898321569,0,0.0,0,10.0,3.0,4.0,4.0,1.0,10.0,1.0,2433.0,3079.0
CT,0.40745372,0.018691588785046728,0.43165469403578854,0,0.0,0,0.0,0.0,0.0,0.0,0.0,0.0,3.0,362.0,226.0
CNP,0.3592679,0.02457757296466974,0.4315671371058568,0,0.0,0,3.0,1.0,2.0,1.0,0.0,2.0,10.0,5624.0,8073.0
GK,0.41093004,0.01824817518248175,0.4315276976919522,0,0.0,0,0.0,1.0,0.0,0.0,0.0,0.0,4.0,2170.0,2844.0
AUY,0.348346,0.025906735751295335,0.43151203400112803,0,0.0,0,0.0,0.0,0.0,0.0,0.0,0.0,2.0,988.0,336.0
AX,0.348346,0.025906735751295335,0.43151203400112803,0,0.0,0,0.0,0.0,0.0,0.0,0.0,0.0,2.0,988.0,336.0
GV,0.390072,0.02077922077922078,0.43137053101093736,0,0.0,0,0.0,1.0,0.0,0.0,0.0,0.0,3.0,3089.0,381.0
OM,0.38295215,0.021645021645021644,0.4313298907630887,0,0.0,0,0.0,0.0,0.0,0.0,0.0,0.0,5.0,2425.0,0.0
BZZ,0.29782745,0.03205128205128205,0.4312329353430332,0,0.0,0,0.0,1.0,0.0,0.0,0.0,0.0,10.0,1476.0,29.0
ANF,0.4109094,0.01818181818181818,0.43103865179148587,0,0.0,0,0.0,1.0,0.0,3.0,0.0,0.0,4.0,2113.0,1396.0
AR,0.34427214,0.02631578947368421,0.4308757697281084,0,0.0,0,0.0,0.0,0.0,0.0,0.0,0.0,3.0,4600.0,376.0
AV,0.34427214,0.02631578947368421,0.4308757697281084,0,0.0,0,0.0,0.0,0.0,0.0,0.0,0.0,3.0,4600.0,376.0
CIO,0.410874,0.01812688821752266,0.4306178930482836,0,0.0,0,1.0,3.0,0.0,0.0,1.0,1.0,10.0,3751.0,127.0
CDZ,0.410874,0.01812688821752266,0.4306178930482836,0,0.0,0,1.0,3.0,0.0,0.0,1.0,1.0,10.0,3751.0,127.0
CCB,0.410874,0.01812688821752266,0.4306178930482836,0,0.0,0,1.0,3.0,0.0,0.0,1.0,1.0,10.0,3751.0,127.0
BBR,0.40591958,0.018726591760299626,0.4305699188611034,0,0.0,0,0.0,1.0,0.0,0.0,0.0,0.0,0.0,405.0,1886.0
MH,0.36570144,0.02364066193853428,0.4305064315350625,0,0.0,0,1.0,1.0,0.0,0.0,0.0,0.0,5.0,4527.0,116.0
CNN,0.4844346,0.00909090909090909,0.430393518968062,0,0.0,0,2.0,3.0,0.0,0.0,1.0,0.0,7.0,580.0,0.0
BTN,0.37520963,0.022435897435897436,0.4302161319133563,0,0.0,0,3.0,3.0,1.0,1.0,0.0,3.0,0.0,507.0,10085.0
CGY,0.43959445,0.014534883720930232,0.4300754174243572,0,0.0,0,0.0,1.0,0.0,1.0,1.0,0.0,10.0,3965.0,219.0
MR,0.35804775,0.024489795918367346,0.4298835236442332,0,0.0,0,0.0,1.0,0.0,1.0,0.0,0.0,9.0,6570.0,83.0
DT,0.4130454,0.01775147928994083,0.4298396323206862,0,0.0,0,0.0,0.0,0.0,0.0,0.0,0.0,3.0,201.0,928.0
IA,0.35325807,0.025069637883008356,0.4298377026090383,0,0.0,0,2.0,3.0,1.0,0.0,0.0,2.0,4.0,3316.0,3489.0
BCS,0.404864,0.01875,0.42981871247291564,0,0.0,0,1.0,1.0,0.0,1.0,0.0,0.0,2.0,579.0,160.0
BTH,0.39668941,0.019743336623889437,0.4297669162754951,0,0.0,0,2.0,2.0,1.0,1.0,1.0,2.0,10.0,24015.0,24239.0
CMQ,0.39562243,0.019867549668874173,0.4297215296337936,0,0.0,0,0.0,0.0,0.0,0.0,0.0,0.0,3.0,738.0,371.0
BXM,0.34275168,0.02631578947368421,0.429554334753438,0,0.0,0,0.0,1.0,0.0,0.0,0.0,0.0,5.0,951.0,0.0
BS,0.35561514,0.024719101123595506,0.42939741385117003,0,0.0,0,0.0,1.0,0.0,0.0,0.0,0.0,10.0,5375.0,284.0
AKE,0.31508285,0.029661016949152543,0.42925864134804675,0,0.0,0,3.0,2.0,1.0,4.0,1.0,2.0,8.0,4990.0,5481.0
BVT,0.3652502,0.023510971786833857,0.4291934626976898,0,0.0,0,2.0,3.0,0.0,1.0,1.0,1.0,10.0,12173.0,12489.0
GY,0.4223089,0.01650943396226415,0.4290719396663162,0,0.0,0,0.0,1.0,0.0,0.0,0.0,0.0,6.0,4911.0,674.0
AUK,0.43430468,0.015037593984962405,0.42904735404745975,0,0.0,0,0.0,0.0,0.0,0.0,0.0,0.0,0.0,293.0,412.0
IB,0.36923558,0.022988505747126436,0.4289476393283098,0,0.0,0,1.0,1.0,1.0,0.0,0.0,0.0,3.0,1939.0,504.0
BQU,0.3814077,0.021479713603818614,0.4288139368725278,0,0.0,0,1.0,1.0,1.0,0.0,0.0,1.0,0.0,0.0,7709.0
NG,0.36567578,0.023404255319148935,0.42880565240028057,0,0.0,0,0.0,1.0,0.0,0.0,0.0,0.0,3.0,7022.0,24.0
BVZ,0.42096192,0.016614745586708203,0.4286490169764803,0,0.0,0,7.0,3.0,2.0,2.0,1.0,6.0,2.0,1037.0,11078.0
DH,0.3362878,0.026970954356846474,0.4285882974561319,0,0.0,0,1.0,1.0,0.0,0.0,0.0,0.0,7.0,6139.0,531.0
BZE,0.3400572,0.026490066225165563,0.4284499524050201,0,0.0,0,0.0,1.0,1.0,0.0,0.0,0.0,10.0,1100.0,1176.0
ASY,0.3703664,0.022727272727272728,0.42807567607272756,0,0.0,0,2.0,2.0,2.0,2.0,1.0,0.0,10.0,8242.0,96.0
VL,0.37343812,0.0223463687150838,0.42804086021870874,0,0.0,0,0.0,0.0,0.0,0.0,0.0,0.0,7.0,3160.0,3545.0
CMS,0.35744524,0.024271844660194174,0.4278124131045295,0,0.0,0,0.0,1.0,0.0,0.0,0.0,0.0,2.0,114.0,150.0
DS,0.33748287,0.02671118530884808,0.4277825481505545,0,0.0,0,1.0,1.0,1.0,0.0,0.0,0.0,10.0,8294.0,92.0
BOK,0.39921552,0.019138755980861243,0.4276698115910069,0,0.0,0,0.0,0.0,0.0,0.0,0.0,0.0,0.0,0.0,1772.0
BSG,0.39921543,0.019138755980861243,0.42766972218403976,0,0.0,0,0.0,0.0,0.0,0.0,0.0,0.0,0.0,0.0,1772.0
EP,0.432092,0.015105740181268883,0.4276081673868473,0,0.0,0,3.0,5.0,1.0,2.0,1.0,3.0,4.0,1743.0,784.0
AUN,0.3040536,0.03076923076923077,0.4275414895094358,0,0.0,0,0.0,1.0,0.0,0.0,0.0,0.0,0.0,1163.0,1010.0
AOJ,0.40412527,0.018518518518518517,0.427533162523199,0,0.0,0,1.0,1.0,0.0,1.0,0.0,0.0,3.0,1146.0,141.0
BUI,0.41770324,0.016824395373291272,0.42730541576471737,0,0.0,0,7.0,4.0,2.0,3.0,1.0,6.0,10.0,16377.0,16613.0
RA,0.41073895,0.0176678445229682,0.42724129146906176,0,0.0,0,1.0,1.0,0.0,1.0,0.0,0.0,1.0,665.0,1157.0
BEP,0.3816369,0.021212121212121213,0.42711319981199325,0,0.0,0,0.0,1.0,0.0,1.0,0.0,0.0,1.0,3155.0,331.0
CKF,0.416371,0.01694915254237288,0.42703334163811246,0,0.0,0,1.0,0.0,0.0,0.0,0.0,0.0,2.0,567.0,74.0
BRE,0.41082484,0.01762114537444934,0.4269843823321591,0,0.0,0,0.0,1.0,0.0,1.0,0.0,0.0,0.0,0.0,2249.0
JY,0.49598742,0.007194244604316547,0.4269676929326366,0,0.0,0,0.0,0.0,0.0,0.0,0.0,0.0,1.0,618.0,0.0
CFG,0.39809504,0.019157088122605363,0.4268261789133722,0,0.0,0,1.0,1.0,0.0,0.0,0.0,0.0,10.0,4560.0,195.0
CJD,0.398095,0.019157088122605363,0.4268261491110498,0,0.0,0,1.0,1.0,0.0,0.0,0.0,0.0,10.0,4560.0,195.0
NP,0.39570725,0.019438444924406047,0.4267485870913347,0,0.0,0,0.0,1.0,0.0,0.0,0.0,0.0,5.0,5105.0,5679.0
AEE,0.398466,0.019097222222222224,0.4267235027419196,0,0.0,0,10.0,5.0,4.0,3.0,1.0,3.0,5.0,8198.0,88.0
ZD,0.43067932,0.015151515151515152,0.4267054034001899,0,0.0,0,0.0,1.0,0.0,0.0,1.0,0.0,1.0,80.0,0.0
WZ,0.43067932,0.015151515151515152,0.4267054034001899,0,0.0,0,0.0,1.0,0.0,0.0,1.0,0.0,1.0,80.0,0.0
AHO,0.43067932,0.015151515151515152,0.4267054034001899,0,0.0,0,0.0,1.0,0.0,0.0,1.0,0.0,1.0,80.0,0.0
JK,0.3743821,0.02203856749311295,0.42667589967572656,0,0.0,0,1.0,1.0,0.0,0.0,0.0,0.0,8.0,2635.0,1321.0
ASN,0.44142565,0.013824884792626729,0.42662592865355004,0,0.0,0,0.0,1.0,0.0,0.0,0.0,0.0,3.0,1112.0,54.0
BRM,0.3966161,0.019305019305019305,0.4265911459462523,0,0.0,0,0.0,0.0,0.0,0.0,0.0,0.0,0.0,0.0,0.0
DY,0.36943716,0.02262443438914027,0.42653791073760294,0,0.0,0,0.0,1.0,0.0,0.0,0.0,0.0,10.0,6303.0,615.0
NS,0.3632467,0.02336448598130841,0.42641221279295805,0,0.0,0,5.0,4.0,0.0,1.0,1.0,4.0,6.0,3161.0,4010.0
GD,0.39997783,0.018867924528301886,0.4264094437068363,0,0.0,0,5.0,1.0,2.0,1.0,1.0,0.0,1.0,8247.0,0.0
BXO,0.23564169,0.03896103896103896,0.4262469196474397,0,0.0,0,0.0,0.0,0.0,0.0,0.0,0.0,5.0,817.0,1340.0
YH,0.40940842,0.01768172888015717,0.4261835104941385,0,0.0,0,7.0,3.0,3.0,3.0,1.0,6.0,3.0,4434.0,4494.0
AGX,0.40940842,0.01768172888015717,0.4261835104941385,0,0.0,0,7.0,3.0,3.0,3.0,1.0,6.0,3.0,4434.0,4494.0
AAP,0.40940842,0.01768172888015717,0.4261835104941385,0,0.0,0,7.0,3.0,3.0,3.0,1.0,6.0,3.0,4434.0,4494.0
TP,0.3945538,0.01948051948051948,0.4260448557215851,0,0.0,0,0.0,0.0,0.0,0.0,0.0,0.0,3.0,535.0,232.0
IP,0.37384856,0.02197802197802198,0.42578230238222814,0,0.0,0,0.0,2.0,0.0,0.0,0.0,0.0,7.0,4314.0,114.0
BAX,0.3237307,0.02807486631016043,0.42551275988951087,0,0.0,0,1.0,1.0,1.0,0.0,1.0,0.0,10.0,11203.0,262.0
PL,0.30146062,0.03076923076923077,0.42528795709976785,0,0.0,0,2.0,1.0,0.0,0.0,0.0,1.0,5.0,1681.0,157.0
AJI,0.31771123,0.02877697841726619,0.4252662561780257,0,0.0,0,0.0,1.0,0.0,1.0,1.0,0.0,2.0,2418.0,22.0
CGK,0.39932847,0.01875,0.42500781297683715,0,0.0,0,1.0,1.0,0.0,0.0,0.0,0.0,4.0,851.0,176.0
ADN,0.3652364,0.022922636103151862,0.4250042988099478,0,0.0,0,6.0,3.0,2.0,2.0,1.0,6.0,6.0,8297.0,9137.0
JG,0.4274677,0.015267175572519083,0.42473539628145346,0,0.0,0,3.0,1.0,0.0,2.0,0.0,0.0,2.0,114.0,135.0
AXL,0.35975096,0.023529411764705882,0.42454504770391127,0,0.0,0,1.0,0.0,0.0,0.0,0.0,0.0,4.0,238.0,90.0
CNW,0.35296756,0.024355300859598854,0.42451342446756224,0,0.0,0,0.0,2.0,0.0,0.0,1.0,0.0,10.0,8638.0,10531.0
VV,0.4083045,0.017513134851138354,0.4240270965258002,0,0.0,0,1.0,1.0,0.0,0.0,0.0,1.0,10.0,8400.0,9739.0
CI,0.30854025,0.0297029702970297,0.42387037601801425,0,0.0,0,1.0,0.0,0.0,0.0,0.0,0.0,4.0,3051.0,1116.0
AFC,0.34271634,0.025510204081632654,0.42380398207781267,0,0.0,0,9.0,5.0,4.0,0.0,1.0,9.0,2.0,4214.0,8500.0
AVE,0.40469798,0.017897091722595078,0.4236187608583395,0,0.0,0,3.0,3.0,1.0,1.0,0.0,2.0,0.0,392.0,4102.0
RG,0.35293,0.02422145328719723,0.4235304731604962,0,0.0,0,0.0,0.0,0.0,0.0,0.0,0.0,2.0,341.0,2588.0
AWQ,0.36874062,0.022284122562674095,0.42351635199735427,0,0.0,0,2.0,2.0,0.0,1.0,0.0,1.0,1.0,440.0,2602.0
AYU,0.3809906,0.02074688796680498,0.42324835940020705,0,0.0,0,1.0,0.0,0.0,0.0,0.0,1.0,9.0,3937.0,4081.0
CON,0.34820604,0.024759284731774415,0.4232435084848653,0,0.0,0,7.0,5.0,3.0,0.0,1.0,0.0,10.0,16180.0,89.0
SY,0.38123906,0.02071563088512241,0.4232423817482821,0,0.0,0,2.0,1.0,1.0,0.0,0.0,0.0,10.0,6981.0,357.0
MQ,0.33767396,0.026041666666666668,0.42319505413373315,0,0.0,0,0.0,1.0,0.0,0.0,0.0,0.0,4.0,2977.0,130.0
AXN,0.43365458,0.014285714285714285,0.4231440157549722,0,0.0,0,0.0,1.0,0.0,0.0,0.0,0.0,1.0,1281.0,0.0
CJ,0.37986696,0.020833333333333332,0.42288558880488075,0,0.0,0,1.0,2.0,0.0,1.0,0.0,0.0,4.0,5540.0,429.0
BZR,0.3329782,0.02654867256637168,0.4227137255985125,0,0.0,0,0.0,0.0,0.0,0.0,0.0,0.0,10.0,955.0,34.0
AS,0.35059446,0.024390243902439025,0.4226990801532094,0,0.0,0,1.0,1.0,0.0,0.0,0.0,0.0,10.0,5424.0,154.0
AM,0.35059446,0.024390243902439025,0.4226990801532094,0,0.0,0,1.0,1.0,0.0,0.0,0.0,0.0,10.0,5424.0,154.0
CAE,0.23520267,0.038461538461538464,0.42231890696745655,0,0.0,0,0.0,1.0,0.0,0.0,0.0,0.0,2.0,120.0,5089.0
MZ,0.41398463,0.016574585635359115,0.4222999431810326,0,0.0,0,2.0,2.0,0.0,0.0,0.0,0.0,1.0,133.0,155.0
ATE,0.32855248,0.02702702702702703,0.42226369493716476,0,0.0,0,1.0,0.0,0.0,0.0,0.0,0.0,5.0,422.0,0.0
CKU,0.48651612,0.007633587786259542,0.4218555684763057,0,0.0,0,7.0,5.0,2.0,0.0,0.0,7.0,2.0,80.0,561.0
BKI,0.2555313,0.035897435897435895,0.4217812958283302,0,0.0,0,1.0,1.0,0.0,0.0,0.0,0.0,0.0,0.0,493.0
BIK,0.2555313,0.035897435897435895,0.4217812958283302,0,0.0,0,1.0,1.0,0.0,0.0,0.0,0.0,0.0,0.0,493.0
BDK,0.39400065,0.018944519621109608,0.4217585154573391,0,0.0,0,0.0,1.0,0.0,0.0,0.0,0.0,10.0,18080.0,18227.0
OU,0.40482923,0.017605633802816902,0.4216634929180145,0,0.0,0,3.0,4.0,0.0,1.0,0.0,0.0,6.0,2177.0,111.0
ED,0.38645715,0.01981981981981982,0.4214171425823693,0,0.0,0,1.0,1.0,0.0,0.0,0.0,1.0,10.0,9007.0,9414.0
ATG,0.3613998,0.0228310502283105,0.42101966586287165,0,0.0,0,0.0,1.0,0.0,0.0,0.0,0.0,3.0,1666.0,118.0
CDA,0.38098726,0.02040816326530612,0.42084052319429355,0,0.0,0,0.0,1.0,0.0,0.0,0.0,0.0,10.0,7131.0,95.0
CHP,0.38098726,0.02040816326530612,0.42084052319429355,0,0.0,0,0.0,1.0,0.0,0.0,0.0,0.0,10.0,7131.0,95.0
CBC,0.38098726,0.02040816326530612,0.42084052319429355,0,0.0,0,0.0,1.0,0.0,0.0,0.0,0.0,10.0,7131.0,95.0
PO,0.35661465,0.02336448598130841,0.4206483244338882,0,0.0,0,1.0,0.0,0.0,0.0,0.0,0.0,3.0,2365.0,0.0
PF,0.3644311,0.022388059701492536,0.42050892861921396,0,0.0,0,1.0,1.0,1.0,0.0,0.0,0.0,1.0,3259.0,0.0
U,0.35603145,0.023415977961432508,0.42050703959359936,0,0.0,0,3.0,1.0,0.0,0.0,0.0,3.0,2.0,4360.0,5601.0
BNP,0.50317544,0.005376344086021506,0.42030767266468333,0,0.0,0,0.0,0.0,0.0,0.0,0.0,0.0,0.0,0.0,1447.0
BIC,0.32323954,0.0273972602739726,0.4202748983690183,0,0.0,0,3.0,2.0,0.0,2.0,0.0,3.0,0.0,0.0,1018.0
BLS,0.32323956,0.0273972602739726,0.4202748983690183,0,0.0,0,3.0,2.0,0.0,2.0,0.0,3.0,0.0,0.0,1018.0
BKA,0.32323954,0.0273972602739726,0.4202748983690183,0,0.0,0,3.0,2.0,0.0,2.0,0.0,3.0,0.0,0.0,1018.0
E,0.42842412,0.014492753623188406,0.42006821701492086,0,0.0,0,2.0,1.0,0.0,1.0,0.0,0.0,3.0,835.0,248.0
AUL,0.3154316,0.02830188679245283,0.4199119068541617,0,0.0,0,2.0,0.0,1.0,0.0,0.0,0.0,7.0,3242.0,201.0
BML,0.40369803,0.01747311827956989,0.41973951369203544,0,0.0,0,2.0,1.0,1.0,0.0,0.0,2.0,0.0,0.0,14001.0
BBJ,0.43012524,0.014184397163120567,0.419357319757448,0,0.0,0,1.0,1.0,0.0,0.0,0.0,0.0,0.0,544.0,128.0
ADL,0.31796724,0.027855153203342618,0.4189438012981149,0,0.0,0,12.0,4.0,5.0,2.0,1.0,0.0,4.0,10120.0,224.0
BCJ,0.39008465,0.019011406844106463,0.4188300491285868,0,0.0,0,0.0,1.0,0.0,0.0,0.0,0.0,1.0,1256.0,94.0
BQJ,0.41188103,0.016339869281045753,0.4188052335985346,0,0.0,0,2.0,1.0,0.0,1.0,0.0,2.0,0.0,0.0,8763.0
AXI,0.3961718,0.018258426966292134,0.418774191650112,0,0.0,0,0.0,1.0,0.0,1.0,0.0,0.0,10.0,10347.0,11225.0
EA,0.3886722,0.019169329073482427,0.418723739298007,0,0.0,0,0.0,1.0,0.0,0.0,0.0,0.0,5.0,2819.0,267.0
BYM,0.28168815,0.03225806451612903,0.4186745235035496,0,0.0,0,0.0,0.0,0.0,0.0,0.0,0.0,2.0,93.0,159.0
BTU,0.3451054,0.024390243902439025,0.4179285926062886,0,0.0,0,0.0,0.0,0.0,0.0,1.0,0.0,10.0,2276.0,23.0
AVP,0.3881861,0.01910828025477707,0.41786781496303094,0,0.0,0,1.0,1.0,0.0,0.0,0.0,0.0,0.0,2256.0,532.0
AQW,0.3431358,0.024615384615384615,0.4178153058748979,0,0.0,0,2.0,1.0,1.0,1.0,0.0,2.0,1.0,3008.0,4399.0
BYG,0.3171607,0.027777777777777776,0.4176934851540459,0,0.0,0,0.0,0.0,0.0,0.0,0.0,0.0,5.0,185.0,47.0
QO,0.3853529,0.019417475728155338,0.4176008051460229,0,0.0,0,0.0,0.0,0.0,0.0,0.0,0.0,5.0,3229.0,3418.0
AJH,0.3926027,0.018518518518518517,0.4175189861544856,0,0.0,0,2.0,2.0,0.0,4.0,0.0,0.0,0.0,375.0,6604.0
BAF,0.37834895,0.020253164556962026,0.41744710128518603,0,0.0,0,1.0,0.0,1.0,0.0,0.0,1.0,8.0,5503.0,5921.0
ADJ,0.3960814,0.01806451612903226,0.41731886578375293,0,0.0,0,10.0,4.0,4.0,2.0,1.0,10.0,4.0,10964.0,11242.0
UB,0.37045908,0.02112676056338028,0.41679259538650515,0,0.0,0,1.0,0.0,0.0,0.0,0.0,0.0,1.0,764.0,106.0
BED,0.45102,0.011235955056179775,0.41658291930562996,0,0.0,0,1.0,1.0,0.0,0.0,0.0,1.0,1.0,311.0,78.0
CEL,0.35419023,0.023076923076923078,0.41649957381761993,0,0.0,0,2.0,1.0,0.0,0.0,0.0,0.0,10.0,3233.0,0.0
VG,0.35648322,0.022792022792022793,0.4164696034882483,0,0.0,0,0.0,0.0,0.0,0.0,0.0,0.0,3.0,948.0,1853.0
CLJ,0.34303543,0.024390243902439025,0.4161295754153554,0,0.0,0,3.0,1.0,3.0,1.0,0.0,2.0,2.0,1291.0,6225.0
BYQ,0.3066315,0.028846153846153848,0.4161280925457294,0,0.0,0,0.0,0.0,0.0,0.0,0.0,0.0,8.0,520.0,32.0
AUG,0.32984033,0.025974025974025976,0.41590664348044953,0,0.0,0,1.0,1.0,0.0,0.0,0.0,1.0,10.0,3919.0,4674.0
ADH,0.40810722,0.01639344262295082,0.4159058289449723,0,0.0,0,7.0,4.0,3.0,1.0,1.0,7.0,4.0,4321.0,4573.0
BPX,0.40443712,0.01680672268907563,0.4156504344539482,0,0.0,0,1.0,2.0,0.0,0.0,0.0,1.0,0.0,0.0,4906.0
APY,0.34897947,0.02358490566037736,0.41557760845940067,0,0.0,0,4.0,4.0,0.0,3.0,1.0,4.0,2.0,1059.0,312.0
TC,0.34114015,0.02452316076294278,0.4154261107665641,0,0.0,0,2.0,2.0,0.0,0.0,1.0,0.0,7.0,3171.0,135.0
AIQ,0.39964795,0.017361111111111112,0.4154243701034122,0,0.0,0,4.0,4.0,1.0,1.0,1.0,0.0,1.0,893.0,949.0
CFO,0.42438376,0.014326647564469915,0.4153774053626894,0,0.0,0,0.0,1.0,0.0,0.0,0.0,0.0,10.0,4495.0,0.0
BXY,0.31591707,0.027586206896551724,0.4152524910713064,0,0.0,0,1.0,1.0,0.0,0.0,0.0,1.0,10.0,1724.0,137.0
AZF,0.39864922,0.017456359102244388,0.41523260839859444,0,0.0,0,3.0,2.0,0.0,1.0,0.0,2.0,4.0,3984.0,4083.0
TH,0.390556,0.018433179723502304,0.41513429929583856,0,0.0,0,0.0,1.0,0.0,0.0,0.0,0.0,6.0,6407.0,43.0
OJ,0.39378512,0.017994858611825194,0.41482861469521315,0,0.0,0,3.0,3.0,0.0,1.0,0.0,2.0,1.0,586.0,4165.0
AUC,0.37198848,0.02066115702479339,0.4148159938410294,0,0.0,0,1.0,0.0,0.0,0.0,0.0,1.0,3.0,1384.0,317.0
V,0.37527412,0.020224719101123594,0.41457282390487327,0,0.0,0,1.0,2.0,0.0,0.0,0.0,1.0,1.0,5429.0,2366.0
PQ,0.37445796,0.02030456852791878,0.4144304297599696,0,0.0,0,0.0,1.0,0.0,0.0,0.0,0.0,4.0,1265.0,132.0
PR,0.37445796,0.02030456852791878,0.4144304297599696,0,0.0,0,0.0,1.0,0.0,0.0,0.0,0.0,4.0,1265.0,132.0
AWT,0.35374063,0.02280130293159609,0.41415193253697324,0,0.0,0,1.0,0.0,0.0,1.0,0.0,0.0,6.0,8124.0,346.0
CMV,0.3357067,0.025,0.4140894913673401,0,0.0,0,0.0,1.0,0.0,1.0,0.0,0.0,10.0,3642.0,4007.0
AQ,0.3914014,0.01818181818181818,0.4140843490037051,0,0.0,0,0.0,1.0,0.0,0.0,0.0,0.0,6.0,3738.0,0.0
BYH,0.31894308,0.02702702702702703,0.4139122199367833,0,0.0,0,0.0,1.0,0.0,0.0,0.0,0.0,2.0,92.0,1393.0
ALW,0.37220705,0.02046783625730994,0.4136333763947961,0,0.0,0,0.0,0.0,0.0,1.0,0.0,0.0,1.0,437.0,277.0
AZV,0.34234136,0.024096385542168676,0.413439982052309,0,0.0,0,1.0,1.0,1.0,0.0,0.0,0.0,0.0,3662.0,105.0
CM,0.36766276,0.02099236641221374,0.4134081069294733,0,0.0,0,4.0,6.0,0.0,1.0,0.0,2.0,1.0,349.0,5493.0
BDZ,0.48536497,0.006578947368421052,0.41336718734941985,0,0.0,0,0.0,1.0,0.0,0.0,0.0,0.0,1.0,874.0,72.0
RB,0.38726264,0.01858736059479554,0.4133667386375839,0,0.0,0,1.0,1.0,0.0,0.0,0.0,0.0,10.0,6781.0,259.0
BUB,0.37279323,0.020342612419700215,0.41325372804666227,0,0.0,0,5.0,4.0,1.0,2.0,1.0,5.0,10.0,15253.0,18849.0
BWN,0.3671313,0.020989505247376312,0.41292591626676306,0,0.0,0,11.0,6.0,3.0,2.0,1.0,3.0,10.0,11991.0,89.0
COE,0.35622525,0.022321428571428572,0.4129041816507067,0,0.0,0,2.0,3.0,0.0,1.0,0.0,0.0,3.0,988.0,85.0
AVH,0.36786777,0.020876826722338204,0.412765963216913,0,0.0,0,3.0,1.0,2.0,0.0,0.0,3.0,0.0,96.0,6566.0
KY,0.3113998,0.027777777777777776,0.4126866949929131,0,0.0,0,1.0,0.0,0.0,1.0,0.0,1.0,4.0,1382.0,1496.0
OC,0.36836568,0.020785219399538105,0.41254828094610163,0,0.0,0,0.0,0.0,0.0,0.0,1.0,0.0,0.0,775.0,0.0
QA,0.36394238,0.021321961620469083,0.412514889545278,0,0.0,0,1.0,1.0,0.0,0.0,1.0,0.0,0.0,3308.0,0.0
VY,0.34996364,0.023026315789473683,0.41246694702851144,0,0.0,0,0.0,1.0,0.0,0.0,0.0,0.0,5.0,2976.0,1.0
BDU,0.3757265,0.019867549668874173,0.41243007317284086,0,0.0,0,0.0,1.0,0.0,0.0,0.0,0.0,1.0,269.0,136.0
FB,0.39993894,0.016891891891891893,0.41234578635241537,0,0.0,0,2.0,2.0,1.0,1.0,1.0,0.0,10.0,3985.0,0.0
BVV,0.36870766,0.02069857697283312,0.41223033827766875,0,0.0,0,5.0,4.0,2.0,2.0,1.0,0.0,10.0,20244.0,0.0
ATY,0.36119795,0.021604938271604937,0.4121388545006881,0,0.0,0,5.0,2.0,0.0,0.0,0.0,4.0,7.0,3364.0,158.0
HE,0.36317033,0.021333333333333333,0.4119246294180552,0,0.0,0,0.0,1.0,0.0,0.0,0.0,0.0,5.0,4082.0,144.0
GE,0.2935331,0.029850746268656716,0.41187692684913746,0,0.0,0,1.0,1.0,0.0,0.0,0.0,0.0,3.0,1591.0,1790.0
IC,0.354046,0.02242152466367713,0.41172086671328867,0,0.0,0,1.0,3.0,0.0,0.0,0.0,0.0,6.0,2768.0,56.0
OI,0.37147012,0.020249221183800622,0.4114407574647684,0,0.0,0,4.0,4.0,0.0,2.0,1.0,0.0,7.0,10869.0,86.0
ATN,0.3645512,0.021052631578947368,0.41113175668214497,0,0.0,0,0.0,0.0,0.0,0.0,0.0,0.0,3.0,1020.0,1321.0
D,0.3645512,0.021052631578947368,0.41113175668214497,0,0.0,0,0.0,0.0,0.0,0.0,0.0,0.0,3.0,1020.0,1321.0
BWK,0.35119903,0.022684310018903593,0.4111123943261253,0,0.0,0,2.0,4.0,0.0,2.0,1.0,0.0,10.0,12846.0,89.0
NI,0.37933215,0.019230769230769232,0.41104258665671717,0,0.0,0,1.0,1.0,1.0,1.0,0.0,0.0,0.0,2931.0,191.0
LN,0.37933215,0.019230769230769232,0.41104258665671717,0,0.0,0,1.0,1.0,1.0,1.0,0.0,0.0,0.0,2931.0,191.0
CNE,0.36609608,0.020833333333333332,0.41091739336649574,0,0.0,0,2.0,2.0,0.0,0.0,0.0,0.0,1.0,890.0,106.0
AIL,0.37661886,0.019543973941368076,0.41090823134304255,0,0.0,0,0.0,1.0,0.0,1.0,0.0,0.0,4.0,2820.0,129.0
CDN,0.4215631,0.014005602240896359,0.41064656373499486,0,0.0,0,1.0,1.0,0.0,0.0,0.0,1.0,10.0,4695.0,4847.0
CBP,0.42156303,0.014005602240896359,0.4106465041303501,0,0.0,0,1.0,1.0,0.0,0.0,0.0,1.0,10.0,4695.0,4847.0
CIC,0.42156303,0.014005602240896359,0.4106465041303501,0,0.0,0,1.0,1.0,0.0,0.0,0.0,1.0,10.0,4695.0,4847.0
CJV,0.32693622,0.02558139534883721,0.41059500735859533,0,0.0,0,0.0,2.0,0.0,2.0,0.0,0.0,7.0,6574.0,6802.0
CLR,0.3173865,0.026717557251908396,0.4103621677132963,0,0.0,0,1.0,0.0,2.0,0.0,0.0,1.0,4.0,1938.0,2030.0
BYF,0.3552779,0.022058823529411766,0.4102163370917825,0,0.0,0,2.0,3.0,0.0,0.0,0.0,1.0,10.0,6643.0,306.0
AEA,0.31343246,0.027131782945736434,0.409866723949595,0,0.0,0,9.0,3.0,4.0,1.0,1.0,9.0,2.0,6093.0,6169.0
FK,0.36641255,0.020637898686679174,0.4098048530085673,0,0.0,0,0.0,0.0,0.0,1.0,0.0,0.0,10.0,7020.0,470.0
CLL,0.3019375,0.028517110266159697,0.4097123326230865,0,0.0,0,1.0,1.0,0.0,0.0,0.0,0.0,10.0,9225.0,9300.0
BTJ,0.37989515,0.018957345971563982,0.40959057604532106,0,0.0,0,0.0,2.0,0.0,0.0,1.0,0.0,6.0,2010.0,165.0
BBM,0.3108589,0.0273972602739726,0.40951494868487526,0,0.0,0,1.0,1.0,0.0,0.0,1.0,0.0,5.0,5689.0,108.0
BDI,0.35977885,0.021406727828746176,0.40949822104669853,0,0.0,0,0.0,1.0,0.0,0.0,0.0,0.0,3.0,1162.0,2897.0
BJH,0.34456524,0.023255813953488372,0.40940466398416564,0,0.0,0,0.0,0.0,0.0,0.0,0.0,0.0,0.0,0.0,0.0
BHJ,0.34456524,0.023255813953488372,0.40940466398416564,0,0.0,0,0.0,0.0,0.0,0.0,0.0,0.0,0.0,0.0,0.0
BKZ,0.34456524,0.023255813953488372,0.40940466398416564,0,0.0,0,0.0,0.0,0.0,0.0,0.0,0.0,0.0,0.0,0.0
BND,0.37629515,0.01935483870967742,0.4092840372746991,0,0.0,0,1.0,1.0,0.0,0.0,0.0,0.0,0.0,0.0,0.0
DP,0.37758535,0.019178082191780823,0.40915037837747026,0,0.01,0,0.0,3.0,0.0,1.0,0.0,0.0,3.0,5001.0,247.0
BXV,0.275625,0.03164556962025317,0.409056341912173,0,0.0,0,1.0,1.0,1.0,0.0,0.0,0.0,10.0,1354.0,86.0
J,0.35948956,0.021341463414634148,0.4087834313148405,0,0.0,0,0.0,0.0,0.0,0.0,0.0,0.0,1.0,3301.0,119.0
EI,0.29273263,0.029484029484029485,0.4085775620667882,0,0.0,0,2.0,2.0,1.0,0.0,1.0,0.0,3.0,5470.0,82.0
HM,0.36679643,0.02040816326530612,0.4085073685159488,0,0.0,0,1.0,0.0,0.0,0.0,0.0,0.0,10.0,5122.0,91.0
BWL,0.32060158,0.026041666666666668,0.4083575507005056,0,0.0,0,1.0,1.0,0.0,1.0,1.0,1.0,4.0,4146.0,4406.0
NK,0.3892571,0.01762114537444934,0.408239973247839,0,0.0,0,0.0,1.0,0.0,0.0,0.0,0.0,2.0,1194.0,366.0
HY,0.41597274,0.014336917562724014,0.4081403789127172,0,0.0,0,0.0,1.0,0.0,0.0,0.0,0.0,4.0,2279.0,143.0
JL,0.39489585,0.016901408450704224,0.4080304455757141,0,0.0,0,6.0,5.0,0.0,0.0,1.0,0.0,2.0,2205.0,396.0
ATI,0.39489585,0.016901408450704224,0.4080304455757141,0,0.0,0,6.0,5.0,0.0,0.0,1.0,0.0,2.0,2205.0,396.0
BUD,0.3572513,0.021505376344086023,0.40800192612473685,0,0.0,0,0.0,0.0,0.0,1.0,1.0,0.0,7.0,8466.0,2589.0
AZE,0.35716712,0.021505376344086023,0.40792879122559744,0,0.0,0,0.0,1.0,0.0,1.0,0.0,0.0,5.0,8167.0,11237.0
BM,0.33099508,0.024691358024691357,0.40780329424657935,0,0.0,0,1.0,0.0,0.0,1.0,0.0,0.0,5.0,976.0,130.0
FD,0.37827617,0.018867924528301886,0.4075486267512699,0,0.0,0,0.0,0.0,0.0,0.0,0.0,0.0,2.0,1981.0,65.0
AJV,0.38652384,0.017857142857142856,0.4075401016644069,0,0.0,0,0.0,0.0,0.0,1.0,0.0,0.0,3.0,1356.0,255.0
DZ,0.38048676,0.01858736059479554,0.4074778295360977,0,0.0,0,0.0,0.0,0.0,1.0,0.0,0.0,6.0,1812.0,90.0
T,0.3398866,0.023554603854389723,0.40745990301863283,0,0.0,0,1.0,1.0,0.0,0.0,0.0,0.0,10.0,4647.0,118.0
BAY,0.39898574,0.016304347826086956,0.4073458083297895,0,0.0,0,3.0,1.0,1.0,0.0,1.0,0.0,7.0,8166.0,94.0
BSE,0.3951444,0.016766467065868262,0.4072883689760448,0,0.0,0,4.0,4.0,0.0,2.0,0.0,0.0,0.0,0.0,1682.0
BOI,0.39514434,0.016766467065868262,0.40728830937140004,0,0.0,0,4.0,4.0,0.0,2.0,0.0,0.0,0.0,0.0,1682.0
US,0.38621256,0.01772525849335303,0.40633317719886364,0,0.0,0,4.0,4.0,1.0,1.0,0.0,0.0,7.0,9108.0,111.0
AAF,0.4031736,0.015625,0.40616207718849184,0,0.0,0,0.0,0.0,0.0,0.0,1.0,0.0,2.0,164.0,0.0
XY,0.4031736,0.015625,0.40616207718849184,0,0.0,0,0.0,0.0,0.0,0.0,1.0,0.0,2.0,164.0,0.0
AGO,0.4031736,0.015625,0.40616207718849184,0,0.0,0,0.0,0.0,0.0,0.0,1.0,0.0,2.0,164.0,0.0
BNF,0.36548188,0.020202020202020204,0.40590128073788656,0,0.0,0,6.0,5.0,0.0,1.0,0.0,5.0,0.0,0.0,23797.0
UZ,0.3674389,0.019927536231884056,0.405653292890908,0,0.0,0,0.0,1.0,0.0,0.0,1.0,0.0,5.0,6620.0,228.0
BVX,0.33317566,0.024096385542168676,0.4054741193013019,0,0.0,0,5.0,3.0,2.0,1.0,1.0,5.0,3.0,1231.0,1832.0
BEA,0.4332999,0.011834319526627219,0.4054308675449981,0,0.0,0,0.0,0.0,0.0,0.0,0.0,0.0,0.0,1676.0,0.0
AWP,0.36312068,0.02040816326530612,0.4053127681722446,0,0.0,0,0.0,2.0,0.0,0.0,1.0,0.0,0.0,652.0,544.0
NN,0.37187827,0.01932367149758454,0.40522406193369254,0,0.0,0,0.0,0.0,0.0,0.0,0.0,0.0,4.0,1844.0,169.0
BDG,0.37697607,0.018691588785046728,0.4051667475254736,0,0.0,0,0.0,1.0,0.0,0.0,0.0,0.0,0.0,696.0,1619.0
OD,0.40853,0.014796547472256474,0.4049353062077603,0,0.0,0,1.0,1.0,0.0,0.0,1.0,0.0,3.0,17073.0,266.0
PC,0.36192364,0.020477815699658702,0.40476696098623827,0,0.0,0,1.0,0.0,0.0,0.0,0.0,0.0,2.0,2558.0,87.0
AXO,0.33561534,0.023668639053254437,0.4045574054562834,0,0.0,0,2.0,0.0,1.0,0.0,1.0,0.0,0.0,2684.0,715.0
CEV,0.3551427,0.02127659574468085,0.40454503906534073,0,0.0,0,0.0,0.0,0.0,0.0,0.0,0.0,0.0,1070.0,1184.0
CCD,0.3551427,0.02127659574468085,0.40454503906534073,0,0.0,0,0.0,0.0,0.0,0.0,0.0,0.0,0.0,1070.0,1184.0
CIQ,0.3551427,0.02127659574468085,0.40454503906534073,0,0.0,0,0.0,0.0,0.0,0.0,0.0,0.0,0.0,1070.0,1184.0
CEB,0.3551427,0.02127659574468085,0.40454503906534073,0,0.0,0,0.0,0.0,0.0,0.0,0.0,0.0,0.0,1070.0,1184.0
ALC,0.36962014,0.019498607242339833,0.40450359298990296,0,0.0,0,4.0,2.0,0.0,0.0,0.0,0.0,5.0,2264.0,111.0
BBD,0.3171357,0.02591792656587473,0.40446681565651366,0,0.0,0,2.0,0.0,1.0,0.0,0.0,2.0,5.0,1717.0,4726.0
BWP,0.34837186,0.02208835341365462,0.4044240201572816,0,0.0,0,4.0,4.0,0.0,1.0,1.0,4.0,10.0,7982.0,8120.0
AJD,0.3601004,0.020634920634920634,0.4042978463475666,0,0.0,0,3.0,2.0,2.0,2.0,1.0,0.0,10.0,10561.0,255.0
AZY,0.3267371,0.024691358024691357,0.40410271007337684,0,0.0,0,0.0,1.0,0.0,0.0,0.0,0.0,3.0,826.0,157.0
CLH,0.3798951,0.01818181818181818,0.4040842691334811,0,0.0,0,3.0,2.0,1.0,1.0,1.0,0.0,8.0,3284.0,68.0
UG,0.2949648,0.02857142857142857,0.4040380479608263,0,0.0,0,0.0,0.0,0.0,0.0,0.0,0.0,4.0,2565.0,337.0
BSX,0.42609352,0.0125,0.4038941514492035,0,0.0,0,0.0,0.0,0.0,0.0,0.0,0.0,0.0,0.0,0.0
BPB,0.42609343,0.0125,0.4038940918445587,0,0.0,0,0.0,0.0,0.0,0.0,0.0,0.0,0.0,0.0,0.0
UM,0.40487888,0.01509433962264151,0.4038764580015866,0,0.0,0,1.0,2.0,0.0,1.0,0.0,0.0,3.0,6092.0,6541.0
CW,0.3412156,0.02287581699346405,0.4037955351125181,0,0.0,0,1.0,1.0,0.0,1.0,1.0,0.0,6.0,3924.0,92.0
IY,0.4232533,0.01282051282051282,0.4037013853207613,0,0.0,0,4.0,2.0,0.0,1.0,0.0,3.0,10.0,2052.0,495.0
TG,0.3736382,0.018867924528301886,0.40351780304368934,0,0.0,0,0.0,1.0,0.0,0.0,0.0,0.0,9.0,2902.0,278.0
BWI,0.34207094,0.022727272727272728,0.403484230149876,0,0.0,0,8.0,6.0,3.0,1.0,1.0,8.0,8.0,7348.0,11358.0
ABM,0.3227327,0.025089605734767026,0.4034500430134462,0,0.0,0,7.0,3.0,3.0,1.0,1.0,6.0,4.0,6163.0,6747.0
SQ,0.44048184,0.010676156583629894,0.4034496792482736,0,0.0,0,0.0,1.0,0.0,0.0,1.0,0.0,6.0,3010.0,0.0
BVJ,0.3253281,0.024752475247524754,0.40331209473090596,0,0.0,0,0.0,0.0,0.0,0.0,1.0,0.0,4.0,543.0,37.0
AZI,0.3344421,0.023605150214592276,0.4030870078459318,0,0.0,0,0.0,0.0,0.0,1.0,0.0,0.0,8.0,5982.0,0.0
SC,0.3961568,0.016042780748663103,0.40303005008774007,0,0.0,0,0.0,0.0,0.0,0.0,0.0,0.0,3.0,1666.0,97.0
EK,0.38441774,0.017452006980802792,0.40283323790598496,0,0.0,0,3.0,0.0,1.0,0.0,1.0,0.0,9.0,6077.0,0.0
QV,0.38837582,0.01694915254237288,0.40270290445473234,0,0.0,0,1.0,1.0,0.0,0.0,1.0,0.0,7.0,3843.0,0.0
AF,0.38588718,0.017241379310344827,0.40261484076236853,0,0.0,0,0.0,0.0,0.0,0.0,0.0,0.0,1.0,546.0,389.0
BCB,0.37426832,0.018633540372670808,0.402401323014905,0,0.0,0,3.0,0.0,0.0,0.0,0.0,0.0,5.0,4284.0,269.0
TE,0.37401107,0.018656716417910446,0.40234229591355397,0,0.0,0,0.0,1.0,0.0,1.0,0.0,0.0,5.0,5331.0,7762.0
AHY,0.3487426,0.021739130434782608,0.40226672991462376,0,0.0,0,2.0,1.0,1.0,1.0,1.0,2.0,9.0,6780.0,7545.0
ACS,0.42940813,0.011842105263157895,0.40210382110194154,0,0.01,0,10.0,7.0,5.0,5.0,1.0,8.0,3.0,9752.0,9933.0
NW,0.40196437,0.015189873417721518,0.4020217591599573,0,0.0,0,0.0,0.0,0.0,1.0,0.0,0.0,8.0,5322.0,0.0
BVO,0.31678593,0.02557544757033248,0.40173123109980924,0,0.0,0,2.0,3.0,1.0,1.0,1.0,0.0,9.0,4333.0,104.0
CGZ,0.35142094,0.02132701421800948,0.40166844496794785,0,0.0,0,3.0,5.0,0.0,1.0,1.0,1.0,10.0,4821.0,99.0
QP,0.32128167,0.025,0.401552757024765,0,0.0,0,1.0,1.0,1.0,0.0,1.0,1.0,4.0,3356.0,3882.0
AJ,0.35876614,0.02040816326530612,0.40152826065919833,0,0.0,0,4.0,4.0,0.0,2.0,0.0,0.0,5.0,4536.0,4624.0
SN,0.36761916,0.01932367149758454,0.40152249428385123,0,0.0,0,0.0,1.0,0.0,0.0,0.0,0.0,1.0,5672.0,2862.0
EO,0.34186518,0.022443890274314215,0.40129340079954434,0,0.0,0,1.0,0.0,0.0,1.0,0.0,0.0,3.0,3386.0,3502.0
AKT,0.38094926,0.01764705882352941,0.40120366068447333,0,0.0,0,0.0,0.0,0.0,1.0,0.0,0.0,2.0,774.0,214.0
DI,0.38094926,0.01764705882352941,0.40120366068447333,0,0.0,0,0.0,0.0,0.0,1.0,0.0,0.0,2.0,774.0,214.0
QF,0.27139562,0.031055900621118012,0.4011939778831435,0,0.0,0,3.0,4.0,0.0,0.0,1.0,3.0,0.0,483.0,449.0
AEV,0.36866584,0.019148936170212766,0.40119152974575123,0,0.0,0,8.0,6.0,3.0,3.0,1.0,8.0,8.0,12555.0,13958.0
BNJ,0.39482242,0.015895953757225433,0.4008279104797826,0,0.0,0,1.0,1.0,0.0,1.0,0.0,0.0,10.0,11677.0,0.0
LL,0.4013576,0.01509433962264151,0.40081611712023896,0,0.0,0,0.0,1.0,0.0,0.0,0.0,0.0,6.0,8306.0,8884.0
L,0.36280024,0.019801980198019802,0.40073039549412115,0,0.0,0,0.0,1.0,0.0,0.0,0.0,0.0,9.0,4501.0,125.0
AVY,0.41335034,0.013605442176870748,0.40066777106856,0,0.0,0,1.0,0.0,0.0,0.0,0.0,0.0,0.0,581.0,349.0
LI,0.43208963,0.011299435028248588,0.40058134444015847,0,0.0,0,0.0,0.0,0.0,0.0,0.0,0.0,1.0,1981.0,315.0
CAB,0.35651386,0.02046783625730994,0.39999449256567926,0,0.0,0,1.0,1.0,0.0,1.0,0.0,1.0,10.0,2840.0,3672.0
APU,0.37486333,0.018218623481781375,0.3999725131853389,0,0.0,0,2.0,1.0,2.0,1.0,1.0,2.0,0.0,890.0,11394.0
ATO,0.3771193,0.017921146953405017,0.39982109482143086,0,0.0,0,4.0,1.0,0.0,1.0,0.0,2.0,3.0,1394.0,278.0
SK,0.35212272,0.02097902097902098,0.3998075974987937,0,0.0,0,0.0,0.0,0.0,0.0,0.0,0.0,7.0,1012.0,157.0
NE,0.35671854,0.02040816326530612,0.39974870438478427,0,0.0,0,0.0,1.0,0.0,0.0,0.0,0.0,5.0,2949.0,3084.0
BDO,0.40044394,0.015037593984962405,0.39961917001501956,0,0.0,0,0.0,1.0,0.0,0.0,0.0,0.0,3.0,2779.0,431.0
FH,0.34953627,0.021241830065359478,0.39942567204338275,0,0.0,0,1.0,1.0,1.0,0.0,0.0,0.0,10.0,8221.0,142.0
HK,0.42483723,0.012,0.39925234336853027,0,0.0,0,0.0,1.0,0.0,0.0,0.0,0.0,0.0,1798.0,110.0
BAZ,0.35469514,0.020560747663551402,0.3990735377775174,0,0.0,0,1.0,1.0,0.0,0.0,0.0,0.0,10.0,11220.0,412.0
EU,0.3911877,0.0160857908847185,0.39901682712117725,0,0.0,0,1.0,1.0,0.0,1.0,1.0,0.0,5.0,3558.0,428.0
NY,0.35800326,0.020134228187919462,0.398920309343594,0,0.0,0,4.0,3.0,1.0,0.0,0.0,0.0,1.0,12763.0,85.0
BRL,0.3539252,0.020618556701030927,0.39881483039905113,0,0.0,0,0.0,1.0,0.0,0.0,0.0,0.0,0.0,0.0,0.0
OT,0.29886344,0.02735042735042735,0.3987572547309419,0,0.0,0,2.0,1.0,1.0,0.0,0.0,0.0,10.0,9178.0,317.0
HN,0.3090014,0.026041666666666668,0.3982758720715841,0,0.0,0,1.0,1.0,0.0,0.0,0.0,0.0,10.0,3302.0,1543.0
AZN,0.39299306,0.015706806282722512,0.3978950691160731,0,0.0,0,0.0,0.0,0.0,0.0,0.0,0.0,0.0,292.0,297.0
CGJ,0.4327074,0.01084010840108401,0.39785701422510433,0,0.0,0,2.0,1.0,1.0,0.0,0.0,0.0,10.0,7068.0,0.0
AKR,0.36481464,0.019120458891013385,0.39764230184071836,0,0.0,0,0.0,1.0,0.0,0.0,1.0,0.0,7.0,8063.0,0.0
O,0.3851119,0.016611295681063124,0.39746747608992744,0,0.0,0,0.0,1.0,0.0,1.0,0.0,0.0,5.0,3237.0,137.0
BGE,0.39701563,0.015151515151515152,0.3974484933145118,0,0.0,0,0.0,0.0,0.0,0.0,0.0,0.0,0.0,0.0,133.0
AVA,0.3323059,0.023054755043227664,0.3973226366537792,0,0.0,0,2.0,0.0,1.0,1.0,0.0,2.0,1.0,3867.0,4106.0
BWG,0.33495057,0.022727272727272728,0.3972959567200054,0,0.0,0,4.0,2.0,1.0,1.0,1.0,4.0,4.0,1773.0,1791.0
UP,0.35763377,0.0199501246882793,0.39729205447242144,0,0.0,0,6.0,6.0,1.0,1.0,1.0,2.0,5.0,9199.0,9679.0
APJ,0.36399782,0.019169329073482427,0.3972793590146513,0,0.0,0,1.0,1.0,0.0,1.0,1.0,1.0,2.0,3077.0,3508.0
CNJ,0.4167121,0.012711864406779662,0.3972450693785134,0,0.0,0,0.0,0.0,0.0,1.0,1.0,0.0,10.0,6885.0,117.0
BBS,0.34650752,0.02127659574468085,0.3970402480439937,0,0.0,0,3.0,4.0,0.0,1.0,0.0,0.0,8.0,7230.0,74.0
AYX,0.34650752,0.02127659574468085,0.3970402480439937,0,0.0,0,3.0,4.0,0.0,1.0,0.0,0.0,8.0,7230.0,74.0
ATQ,0.3659952,0.018867924528301886,0.39687531241830787,0,0.0,0,3.0,3.0,0.0,1.0,0.0,0.0,1.0,1719.0,201.0
GF,0.36086267,0.01948051948051948,0.3967640739756745,0,0.0,0,2.0,1.0,0.0,0.0,0.0,2.0,3.0,1383.0,2568.0
BDH,0.33628494,0.02247191011235955,0.3966425799251942,0,0.0,0,4.0,4.0,0.0,0.0,0.0,0.0,6.0,1697.0,235.0
AMM,0.35089517,0.0206794682422452,0.39661390953085096,0,0.0,0,1.0,3.0,0.0,1.0,1.0,1.0,7.0,7856.0,8035.0
CO,0.3337934,0.022727272727272728,0.3962902773510326,0,0.0,0,1.0,0.0,0.0,0.0,0.0,0.0,7.0,3758.0,65.0
GQ,0.34169805,0.021739130434782608,0.39614434941955234,0,0.0,0,3.0,1.0,1.0,0.0,0.0,3.0,10.0,7469.0,7485.0
CIT,0.3866989,0.016216216216216217,0.39604166336961694,0,0.0,0,0.0,1.0,0.0,0.0,0.0,0.0,3.0,1630.0,4930.0
CEY,0.3866989,0.016216216216216217,0.39604166336961694,0,0.0,0,0.0,1.0,0.0,0.0,0.0,0.0,3.0,1630.0,4930.0
CEE,0.3866989,0.016216216216216217,0.39604166336961694,0,0.0,0,0.0,1.0,0.0,0.0,0.0,0.0,3.0,1630.0,4930.0
CCG,0.3866989,0.016216216216216217,0.39604166336961694,0,0.0,0,0.0,1.0,0.0,0.0,0.0,0.0,3.0,1630.0,4930.0
AYG,0.26466328,0.0311284046692607,0.3958577113740639,0,0.0,0,1.0,1.0,0.0,1.0,0.0,0.0,5.0,2421.0,267.0
VN,0.40890104,0.013461538461538462,0.3957792033598973,0,0.0,0,3.0,1.0,1.0,0.0,0.0,0.0,10.0,7758.0,0.0
BAS,0.38530767,0.01634877384196185,0.3957737124908198,0,0.0,0,3.0,1.0,1.0,2.0,0.0,2.0,3.0,6150.0,4137.0
MF,0.3447502,0.02127659574468085,0.39551296842859146,0,0.0,0,0.0,0.0,0.0,0.0,0.0,0.0,3.0,1269.0,137.0
ATW,0.3497422,0.02064896755162242,0.3953953409441101,0,0.0,0,0.0,1.0,0.0,0.0,0.0,0.0,3.0,3063.0,3193.0
MW,0.3531686,0.020202020202020204,0.39519986281491293,0,0.0,0,0.0,1.0,0.0,0.0,0.0,0.0,8.0,2034.0,2330.0
GB,0.45224532,0.008064516129032258,0.3951306293087621,0,0.0,0,0.0,0.0,0.0,0.0,0.0,0.0,0.0,283.0,878.0
EY,0.3302533,0.022964509394572025,0.39489798513484153,0,0.0,0,2.0,1.0,1.0,1.0,1.0,2.0,6.0,6612.0,6812.0
LA,0.33182758,0.02276176024279211,0.3948266609757008,0,0.0,0,2.0,4.0,0.0,1.0,0.0,0.0,7.0,11003.0,81.0
BAT,0.36296886,0.018943170488534396,0.3947793845759551,0,0.0,0,2.0,0.0,2.0,0.0,1.0,0.0,10.0,22904.0,281.0
APR,0.34488666,0.021156558533145273,0.3947792876674695,0,0.0,0,2.0,1.0,1.0,1.0,1.0,0.0,2.0,5984.0,89.0
APS,0.34488666,0.021156558533145273,0.3947792876674695,0,0.0,0,2.0,1.0,1.0,1.0,1.0,0.0,2.0,5984.0,89.0
YS,0.37066045,0.017994858611825194,0.39473109076752455,0,0.0,0,9.0,4.0,5.0,3.0,1.0,9.0,8.0,9972.0,10904.0
YN,0.37066045,0.017994858611825194,0.39473109076752455,0,0.0,0,9.0,4.0,5.0,3.0,1.0,9.0,8.0,9972.0,10904.0
AHF,0.37066045,0.017994858611825194,0.39473109076752455,0,0.0,0,9.0,4.0,5.0,3.0,1.0,9.0,8.0,9972.0,10904.0
BAL,0.3457809,0.021021021021021023,0.39459415629461364,0,0.0,0,2.0,0.0,0.0,0.0,1.0,0.0,6.0,2387.0,256.0
COP,0.42332846,0.011494252873563218,0.3943502663880929,0,0.0,0,0.0,0.0,0.0,0.0,0.0,0.0,3.0,218.0,97.0
BB,0.39417803,0.015037593984962405,0.39417351085440555,0,0.0,0,0.0,0.0,0.0,0.0,0.0,0.0,2.0,2863.0,0.0
AWF,0.33273372,0.022556390977443608,0.3941560655608213,0,0.0,0,0.0,2.0,0.0,0.0,0.0,0.0,6.0,5095.0,88.0
UA,0.38416505,0.016260162601626018,0.394151529500155,0,0.0,0,1.0,1.0,0.0,0.0,0.0,0.0,3.0,3254.0,477.0
ANG,0.37920097,0.016842105263157894,0.39396904880122136,0,0.0,0,1.0,1.0,0.0,2.0,1.0,0.0,10.0,6523.0,374.0
CLA,0.3151959,0.024667931688804556,0.3939059644541659,0,0.0,0,1.0,1.0,1.0,1.0,0.0,0.0,5.0,4781.0,82.0
BC,0.3461401,0.020876826722338204,0.3938825561009767,0,0.0,0,2.0,1.0,0.0,2.0,0.0,2.0,0.0,138.0,6251.0
AHZ,0.3555875,0.01971830985915493,0.3938677752017975,0,0.0,0,0.0,1.0,0.0,1.0,1.0,0.0,7.0,4271.0,0.0
BA,0.38408613,0.016224188790560472,0.3938275104954531,0,0.0,0,1.0,1.0,0.0,0.0,0.0,1.0,2.0,3262.0,4957.0
AVU,0.38408613,0.016224188790560472,0.3938275104954531,0,0.0,0,1.0,1.0,0.0,0.0,0.0,1.0,2.0,3262.0,4957.0
VP,0.35106784,0.020242914979757085,0.39366446586272974,0,0.0,0,1.0,1.0,0.0,0.0,0.0,0.0,4.0,4693.0,5941.0
VQ,0.35106784,0.020242914979757085,0.39366446586272974,0,0.0,0,1.0,1.0,0.0,0.0,0.0,0.0,4.0,4693.0,5941.0
RS,0.30896634,0.02535211267605634,0.3933495807647705,0,0.0,0,0.0,1.0,0.0,0.0,0.0,0.0,10.0,3325.0,112.0
BYW,0.38305023,0.016260162601626018,0.3931826261970086,0,0.0,0,0.0,1.0,0.0,0.0,0.0,0.0,4.0,319.0,65.0
AAZ,0.3723511,0.017543859649122806,0.39299834203301814,0,0.0,0,5.0,3.0,2.0,0.0,1.0,5.0,3.0,751.0,480.0
BWQ,0.36116716,0.0188953488372093,0.39287400703097497,0,0.0,0,10.0,4.0,5.0,3.0,1.0,1.0,6.0,9226.0,89.0
AXD,0.37501788,0.01718213058419244,0.39274773267945884,0,0.0,0,1.0,1.0,0.0,0.0,0.0,0.0,2.0,1687.0,282.0
DL,0.36815068,0.018018018018018018,0.3927142905759382,0,0.0,0,3.0,2.0,0.0,2.0,0.0,1.0,2.0,1306.0,103.0
COG,0.3371536,0.021791767554479417,0.39256854999729274,0,0.0,0,0.0,1.0,1.0,1.0,0.0,0.0,6.0,5130.0,58.0
AZO,0.38736022,0.015625,0.39241876602172854,0,0.0,0,0.0,0.0,0.0,0.0,0.0,0.0,5.0,6097.0,0.0
BUG,0.37478966,0.017142857142857144,0.3922705567904881,0,0.0,0,6.0,3.0,2.0,1.0,1.0,0.0,10.0,16452.0,78.0
BMJ,0.3857393,0.01580135440180587,0.3922621562976062,0,0.0,0,1.0,1.0,0.0,0.0,0.0,1.0,0.0,0.0,7944.0
BXZ,0.38907272,0.015384615384615385,0.39220036323253926,0,0.0,0,1.0,1.0,0.0,1.0,1.0,0.0,10.0,3336.0,3453.0
BFG,0.39080215,0.01507537688442211,0.39150779040614564,0,0.0,0,0.0,1.0,0.0,0.0,0.0,0.0,0.0,0.0,1103.0
CHI,0.40985775,0.012738853503184714,0.39147959514788,0,0.0,0,1.0,1.0,1.0,0.0,0.0,0.0,10.0,1580.0,0.0
CCT,0.40985775,0.012738853503184714,0.39147959514788,0,0.0,0,1.0,1.0,1.0,0.0,0.0,0.0,10.0,1580.0,0.0
CAV,0.40985775,0.012738853503184714,0.39147959514788,0,0.0,0,1.0,1.0,1.0,0.0,0.0,0.0,10.0,1580.0,0.0
CES,0.40985775,0.012738853503184714,0.39147959514788,0,0.0,0,1.0,1.0,1.0,0.0,0.0,0.0,10.0,1580.0,0.0
CKG,0.29766673,0.026442307692307692,0.39126953390928415,0,0.0,0,1.0,0.0,0.0,1.0,0.0,1.0,2.0,2591.0,782.0
FC,0.34803954,0.02023121387283237,0.39094951511118453,0,0.0,0,0.0,2.0,0.0,0.0,0.0,0.0,3.0,2809.0,113.0
KM,0.24098732,0.03333333333333333,0.39093606392542524,0,0.01,0,0.0,0.0,0.0,0.0,0.0,0.0,3.0,364.0,109.0
AMJ,0.34149367,0.02100840336134454,0.3907785653567114,0,0.0,0,3.0,2.0,0.0,0.0,1.0,0.0,1.0,2600.0,2780.0
BOZ,0.39511502,0.014388489208633094,0.39037918559938883,0,0.0,0,1.0,1.0,1.0,0.0,0.0,1.0,0.0,0.0,864.0
BSV,0.39511502,0.014388489208633094,0.39037918559938883,0,0.0,0,1.0,1.0,1.0,0.0,0.0,1.0,0.0,0.0,864.0
CAA,0.35978085,0.018691588785046728,0.39022246237113095,0,0.0,0,0.0,0.0,0.0,0.0,0.0,0.0,4.0,442.0,138.0
N,0.42641288,0.010526315789473684,0.39015857238518564,0,0.0,0,0.0,1.0,0.0,0.0,0.0,0.0,9.0,3554.0,313.0
IR,0.33172512,0.022099447513812154,0.3900351912606487,0,0.0,0,0.0,0.0,0.0,0.0,0.0,0.0,2.0,1164.0,187.0
QW,0.34821945,0.02005730659025788,0.38987111638815153,0,0.0,0,1.0,1.0,0.0,0.0,0.0,0.0,5.0,3296.0,58.0
BVK,0.36385512,0.018111254851228976,0.38964302457319655,0,0.0,0,4.0,4.0,1.0,1.0,1.0,1.0,10.0,16031.0,16138.0
QD,0.38358054,0.01568627450980392,0.3895689136607974,0,0.0,0,0.0,0.0,0.0,0.0,1.0,0.0,6.0,1964.0,406.0
ARK,0.33267847,0.02190923317683881,0.3895132038328383,0,0.0,0,2.0,1.0,1.0,1.0,1.0,2.0,10.0,8230.0,8675.0
ANE,0.33951497,0.021037868162692847,0.38926808203754715,0,0.0,0,2.0,2.0,1.0,1.0,1.0,0.0,8.0,9853.0,98.0
AEH,0.3903632,0.014760147601476014,0.3888881927706659,0,0.0,0,9.0,4.0,4.0,3.0,1.0,4.0,4.0,5387.0,323.0
ACX,0.3903632,0.014760147601476014,0.3888881927706659,0,0.0,0,9.0,4.0,4.0,3.0,1.0,4.0,4.0,5387.0,323.0
FQ,0.37948686,0.01606425702811245,0.3886947882941449,0,0.0,0,1.0,1.0,0.0,0.0,0.0,1.0,0.0,82.0,1976.0
IO,0.37644464,0.01634877384196185,0.3880708850372065,0,0.0,0,0.0,0.0,0.0,1.0,0.0,0.0,6.0,5133.0,0.0
NJ,0.34125054,0.020634920634920634,0.3879155395333729,0,0.0,0,2.0,1.0,0.0,2.0,0.0,1.0,6.0,7803.0,8121.0
OZ,0.35410893,0.01897810218978102,0.38732728421253004,0,0.0,0,2.0,1.0,1.0,0.0,0.0,0.0,10.0,14639.0,0.0
AJE,0.28739336,0.02708803611738149,0.3869256832596949,0,0.0,0,0.0,0.0,0.0,0.0,1.0,0.0,1.0,4458.0,94.0
AWW,0.40388048,0.01282051282051282,0.3868645632878328,0,0.0,0,3.0,2.0,1.0,1.0,0.0,2.0,4.0,666.0,159.0
EJ,0.34829625,0.0196078431372549,0.38674668307397875,0,0.0,0,1.0,0.0,0.0,0.0,0.0,0.0,4.0,2478.0,259.0
AVT,0.34829625,0.0196078431372549,0.38674668307397875,0,0.0,0,1.0,0.0,0.0,0.0,0.0,0.0,4.0,2478.0,259.0
CJI,0.31110513,0.024154589371980676,0.3867059957577986,0,0.0,0,0.0,1.0,0.0,0.0,0.0,0.0,10.0,2767.0,56.0
CFL,0.31110513,0.024154589371980676,0.3867059957577986,0,0.0,0,0.0,1.0,0.0,0.0,0.0,0.0,10.0,2767.0,56.0
AQL,0.25576317,0.030927835051546393,0.3866986382253391,0,0.0,0,0.0,1.0,0.0,2.0,1.0,0.0,1.0,2999.0,97.0
LZ,0.40318355,0.012875536480686695,0.3866495586771822,0,0.0,0,3.0,2.0,0.0,1.0,1.0,0.0,3.0,3746.0,4074.0
NC,0.3498028,0.01939655172413793,0.3865558492726293,0,0.0,0,1.0,1.0,1.0,0.0,0.0,0.0,9.0,6126.0,180.0
MG,0.34102696,0.02040816326530612,0.38611125106714206,0,0.0,0,1.0,1.0,0.0,0.0,0.0,0.0,1.0,1461.0,124.0
BCI,0.42082316,0.010638297872340425,0.38609562820576604,0,0.0,0,0.0,0.0,0.0,0.0,0.0,0.0,1.0,207.0,129.0
ARB,0.39589205,0.013683010262257697,0.3860456057054287,0,0.0,0,2.0,1.0,2.0,3.0,0.0,0.0,1.0,3703.0,569.0
GZ,0.37453735,0.016293279022403257,0.3860192666471368,0,0.0,0,1.0,1.0,0.0,0.0,0.0,0.0,3.0,5861.0,890.0
BQX,0.4126184,0.011627906976744186,0.3859911405762961,0,0.0,0,1.0,0.0,0.0,0.0,0.0,1.0,0.0,0.0,504.0
CND,0.32049206,0.022900763358778626,0.38596194859679417,0,0.0,0,4.0,6.0,1.0,1.0,1.0,4.0,4.0,314.0,669.0
LP,0.28473693,0.02727272727272727,0.3859283088554035,0,0.0,0,1.0,0.0,0.0,0.0,1.0,0.0,0.0,3792.0,321.0
CDD,0.45514333,0.00641025641025641,0.3859040093727601,0,0.0,0,0.0,0.0,0.0,0.0,0.0,0.0,2.0,556.0,616.0
CBF,0.45514333,0.00641025641025641,0.3859040093727601,0,0.0,0,0.0,0.0,0.0,0.0,0.0,0.0,2.0,556.0,616.0
CHS,0.45514333,0.00641025641025641,0.3859040093727601,0,0.0,0,0.0,0.0,0.0,0.0,0.0,0.0,2.0,556.0,616.0
AXY,0.41231257,0.011644832605531296,0.38584553542963107,0,0.0,0,2.0,3.0,0.0,1.0,0.0,0.0,4.0,8044.0,225.0
LD,0.34531277,0.01984126984126984,0.38581109141546577,0,0.0,0,1.0,1.0,0.0,1.0,0.0,0.0,6.0,6648.0,124.0
BSO,0.34636003,0.019704433497536946,0.38574971630068244,0,0.0,0,0.0,0.0,0.0,0.0,0.0,0.0,0.0,0.0,2080.0
BOS,0.34636003,0.019704433497536946,0.38574971630068244,0,0.0,0,0.0,0.0,0.0,0.0,0.0,0.0,0.0,0.0,2080.0
ANX,0.34389865,0.02,0.3857090575695038,0,0.0,0,1.0,0.0,0.0,1.0,1.0,0.0,1.0,2523.0,81.0
MK,0.3491822,0.01932367149758454,0.38549903723352774,0,0.0,0,1.0,0.0,0.0,0.0,0.0,1.0,0.0,1797.0,229.0
RU,0.34221,0.020172910662824207,0.38546913771189595,0,0.0,0,2.0,2.0,0.0,0.0,0.0,0.0,2.0,1978.0,273.0
BFK,0.40427366,0.012552301255230125,0.385301974602823,0,0.0,0,0.0,1.0,0.0,0.0,0.0,0.0,0.0,0.0,3223.0
CME,0.31780732,0.02313624678663239,0.3853005677078561,0,0.0,0,1.0,0.0,0.0,3.0,0.0,1.0,8.0,4730.0,5262.0
AWK,0.34121948,0.02027027027027027,0.3852995210402721,0,0.0,0,1.0,4.0,0.0,0.0,0.0,0.0,3.0,258.0,138.0
C,0.3393407,0.020491803278688523,0.3852395659587422,0,0.0,0,1.0,0.0,0.0,1.0,0.0,1.0,3.0,1140.0,676.0
BPA,0.33361328,0.0211864406779661,0.385193818201453,0,0.0,0,0.0,1.0,0.0,0.0,0.0,0.0,0.0,0.0,2693.0
BSW,0.33361328,0.0211864406779661,0.385193818201453,0,0.0,0,0.0,1.0,0.0,0.0,0.0,0.0,0.0,0.0,2693.0
DU,0.38390547,0.0149812734082397,0.38484581264663725,0,0.0,0,1.0,0.0,0.0,0.0,0.0,1.0,4.0,1728.0,1872.0
KP,0.3231066,0.022408963585434174,0.3847424482764984,0,0.0,0,1.0,1.0,0.0,0.0,0.0,0.0,3.0,4251.0,135.0
AE,0.38171917,0.015228426395939087,0.3847004921908306,0,0.0,0,1.0,0.0,0.0,0.0,1.0,0.0,3.0,1334.0,311.0
ANU,0.28992742,0.026446280991735537,0.3845715687885757,0,0.0,0,1.0,3.0,0.0,2.0,1.0,0.0,2.0,6112.0,177.0
FT,0.4000938,0.012944983818770227,0.38445732632115437,0,0.0,0,1.0,0.0,0.0,0.0,0.0,0.0,7.0,4593.0,103.0
BWJ,0.39901492,0.013071895424836602,0.38442075805726394,0,0.0,0,2.0,4.0,0.0,0.0,1.0,0.0,5.0,1015.0,0.0
II,0.4204991,0.010416666666666666,0.3842404146989187,0,0.0,0,0.0,0.0,0.0,0.0,0.0,0.0,0.0,285.0,116.0
YE,0.35700858,0.01818181818181818,0.38419372233477506,0,0.0,0,8.0,6.0,3.0,3.0,1.0,8.0,10.0,13969.0,14162.0
YO,0.3376072,0.020556227327690448,0.3841904097053131,0,0.0,0,10.0,6.0,5.0,2.0,1.0,0.0,6.0,10857.0,48.0
YT,0.3376072,0.020556227327690448,0.3841904097053131,0,0.0,0,10.0,6.0,5.0,2.0,1.0,0.0,6.0,10857.0,48.0
AHG,0.3376072,0.020556227327690448,0.3841904097053131,0,0.0,0,10.0,6.0,5.0,2.0,1.0,0.0,6.0,10857.0,48.0
UI,0.36245823,0.0175054704595186,0.3841279279872677,0,0.0,0,0.0,1.0,0.0,1.0,0.0,0.0,10.0,7431.0,76.0
AVC,0.31978604,0.022700119474313024,0.38392377700144814,0,0.0,0,2.0,2.0,1.0,1.0,0.0,2.0,0.0,914.0,12791.0
CKK,0.39163718,0.013888888888888888,0.3838094717926449,0,0.0,0,0.0,0.0,0.0,0.0,1.0,0.0,3.0,142.0,0.0
ADB,0.30400753,0.024615384615384615,0.38380912749583906,0,0.0,0,12.0,4.0,6.0,3.0,1.0,12.0,4.0,7917.0,7961.0
BNV,0.30534542,0.02442159383033419,0.38359598033225933,0,0.0,0,2.0,3.0,1.0,0.0,0.0,2.0,0.0,0.0,22399.0
CIL,0.435765,0.008438818565400843,0.38346521026977504,0,0.0,0,0.0,1.0,0.0,0.0,0.0,0.0,6.0,3502.0,0.0
CBY,0.435765,0.008438818565400843,0.38346521026977504,0,0.0,0,0.0,1.0,0.0,0.0,0.0,0.0,6.0,3502.0,0.0
CDW,0.435765,0.008438818565400843,0.38346521026977504,0,0.0,0,0.0,1.0,0.0,0.0,0.0,0.0,6.0,3502.0,0.0
ARA,0.40623674,0.012048192771084338,0.38342892771743864,0,0.0,0,0.0,1.0,0.0,2.0,0.0,0.0,1.0,814.0,256.0
VW,0.33651763,0.02056555269922879,0.3833096808516887,0,0.0,0,0.0,0.0,0.0,0.0,0.0,0.0,6.0,5359.0,240.0
AJY,0.32592124,0.02185792349726776,0.3832762382720989,0,0.0,0,0.0,1.0,0.0,1.0,1.0,0.0,2.0,3413.0,137.0
ABX,0.30400753,0.024539877300613498,0.3832730255609641,0,0.0,0,12.0,4.0,6.0,3.0,1.0,12.0,4.0,7917.0,7961.0
AQO,0.3159605,0.02304147465437788,0.38302265169433736,0,0.0,0,0.0,0.0,0.0,0.0,0.0,0.0,3.0,1335.0,103.0
AKB,0.30917662,0.02386634844868735,0.382983402591332,0,0.0,0,2.0,3.0,1.0,3.0,1.0,1.0,10.0,5770.0,492.0
AJA,0.34545955,0.019400352733686066,0.38280813389144036,0,0.0,0,1.0,0.0,0.0,1.0,0.0,0.0,3.0,7377.0,104.0
TQ,0.35952175,0.01764705882352941,0.38258111329639655,0,0.0,0,0.0,1.0,0.0,0.0,0.0,0.0,2.0,1298.0,173.0
LT,0.3557977,0.01808785529715762,0.38247423604785313,0,0.0,0,1.0,1.0,0.0,0.0,0.0,0.0,0.0,3822.0,33.0
BXI,0.25194204,0.03076923076923077,0.38225161543259256,0,0.0,0,1.0,1.0,0.0,0.0,0.0,1.0,8.0,1076.0,200.0
CJP,0.29833964,0.025069637883008356,0.38210838923547263,0,0.0,0,0.0,1.0,0.0,1.0,1.0,0.0,5.0,2237.0,85.0
ARO,0.3438728,0.01948051948051948,0.38199827493011174,0,0.0,0,0.0,1.0,0.0,0.0,0.0,0.0,5.0,3482.0,48.0
ALT,0.3453332,0.019287833827893175,0.38189942810231214,0,0.0,0,1.0,1.0,0.0,2.0,1.0,1.0,1.0,8036.0,9661.0
BOC,0.34960496,0.01876172607879925,0.38187662779054765,0,0.0,0,0.0,1.0,0.0,1.0,0.0,0.0,0.0,0.0,7404.0
BRY,0.34960496,0.01876172607879925,0.38187662779054765,0,0.0,0,0.0,1.0,0.0,1.0,0.0,0.0,0.0,0.0,7404.0
AXS,0.3176585,0.022670025188916875,0.3818610820872357,0,0.0,0,2.0,4.0,0.0,1.0,0.0,0.0,5.0,11683.0,87.0
GJ,0.3727975,0.015873015873015872,0.38152328805317953,0,0.0,0,3.0,2.0,0.0,0.0,0.0,0.0,1.0,1491.0,1585.0
BYK,0.34122777,0.019736842105263157,0.38151939323073936,0,0.0,0,0.0,1.0,0.0,0.0,0.0,0.0,6.0,1212.0,0.0
BXX,0.24225233,0.031818181818181815,0.38127791074189266,0,0.0,0,0.0,1.0,0.0,0.0,0.0,0.0,8.0,2162.0,2909.0
CE,0.34628558,0.01904761904761905,0.38102163286436175,0,0.0,0,1.0,0.0,0.0,0.0,0.0,0.0,3.0,5080.0,162.0
CL,0.24905872,0.030927835051546393,0.38087183716370887,0,0.0,0,0.0,1.0,0.0,0.0,0.0,0.0,4.0,3497.0,3738.0
AST,0.38792068,0.01391304347826087,0.38075096387448515,0,0.0,0,1.0,2.0,0.0,2.0,1.0,0.0,10.0,7575.0,53.0
AKI,0.3567797,0.017699115044247787,0.38056762935840976,0,0.0,0,1.0,3.0,0.0,2.0,0.0,1.0,0.0,847.0,284.0
QC,0.41495654,0.010558069381598794,0.3804273650027688,0,0.0,0,5.0,5.0,1.0,3.0,0.0,0.0,10.0,10884.0,231.0
BAC,0.3760957,0.01529051987767584,0.380254043260481,0,0.0,0,1.0,1.0,0.0,1.0,0.0,0.0,5.0,3385.0,74.0
BAU,0.3934697,0.013157894736842105,0.3802120196191888,0,0.0,0,0.0,1.0,0.0,0.0,0.0,0.0,1.0,227.0,3551.0
AJO,0.3657143,0.01650943396226415,0.37988591857676235,0,0.0,0,3.0,2.0,1.0,2.0,1.0,0.0,6.0,5289.0,0.0
BNN,0.37796295,0.015,0.3798141481876373,0,0.0,0,3.0,2.0,1.0,1.0,0.0,3.0,0.0,0.0,1656.0
BEH,0.35317558,0.018018018018018018,0.3796995269822645,0,0.0,0,0.0,0.0,0.0,0.0,0.0,0.0,0.0,1056.0,110.0
ALG,0.35697114,0.017543859649122806,0.3796317024189129,0,0.0,0,2.0,2.0,0.0,1.0,1.0,0.0,10.0,6589.0,107.0
AMB,0.37459728,0.015384615384615385,0.37961984927837666,0,0.0,0,0.0,0.0,0.0,0.0,0.0,0.0,1.0,1581.0,154.0
AJS,0.36422944,0.016648168701442843,0.3795804350608991,0,0.0,0,1.0,1.0,1.0,2.0,0.0,0.0,6.0,19207.0,364.0
AVR,0.31279516,0.022919179734620022,0.37940336498909316,0,0.0,0,3.0,2.0,3.0,1.0,0.0,3.0,0.0,914.0,12820.0
IL,0.3545229,0.017793594306049824,0.3792770816762252,0,0.0,0,1.0,1.0,0.0,0.0,0.0,0.0,3.0,1903.0,570.0
CKJ,0.29908377,0.02457002457002457,0.37920787491142305,0,0.0,0,3.0,2.0,0.0,2.0,1.0,0.0,3.0,3407.0,159.0
AXP,0.3278106,0.021052631578947368,0.37920068420861897,0,0.0,0,4.0,5.0,1.0,3.0,0.0,0.0,10.0,8472.0,165.0
AYT,0.31074595,0.02313624678663239,0.3791635840748147,0,0.0,0,1.0,2.0,0.0,0.0,0.0,0.0,1.0,4217.0,131.0
CLW,0.3482805,0.018475750577367205,0.3786951168304778,0,0.0,0,1.0,1.0,1.0,0.0,0.0,0.0,2.0,4841.0,436.0
BZK,0.43204284,0.00819672131147541,0.3785113968810097,0,0.0,0,0.0,0.0,0.0,0.0,0.0,0.0,10.0,822.0,138.0
HT,0.34915587,0.018292682926829267,0.37815613019757155,0,0.0,0,0.0,0.0,0.0,0.0,0.0,0.0,0.0,952.0,970.0
BPD,0.3779778,0.014760147601476014,0.37812410056371093,0,0.0,0,1.0,2.0,0.0,1.0,0.0,1.0,0.0,0.0,6047.0
BSZ,0.3779778,0.014760147601476014,0.37812410056371093,0,0.0,0,1.0,2.0,0.0,1.0,0.0,1.0,0.0,0.0,6047.0
QJ,0.34566635,0.018691588785046728,0.37795564766242123,0,0.0,0,1.0,1.0,1.0,0.0,0.0,1.0,3.0,4816.0,4926.0
ATT,0.3391936,0.019444444444444445,0.37767549607488843,0,0.0,0,2.0,2.0,1.0,0.0,0.0,0.0,3.0,4749.0,0.0
CJY,0.34549662,0.018666666666666668,0.3776311791261037,0,0.0,0,2.0,0.0,2.0,0.0,0.0,0.0,7.0,3392.0,109.0
HA,0.37194538,0.01532567049808429,0.3768965779821535,0,0.0,0,5.0,6.0,0.0,1.0,0.0,2.0,10.0,5796.0,6003.0
VR,0.33084312,0.020356234096692113,0.3768918304649625,0,0.0,0,0.0,1.0,0.0,0.0,0.0,0.0,5.0,4751.0,106.0
PE,0.36699647,0.01592356687898089,0.3768405711195271,0,0.0,0,0.0,0.0,0.0,0.0,0.0,0.0,3.0,3673.0,0.0
BEC,0.38669348,0.01348747591522158,0.37666289846561773,0,0.0,0,1.0,1.0,1.0,1.0,0.0,0.0,7.0,5920.0,283.0
CCE,0.35199836,0.017721518987341773,0.3765712701368935,0,0.0,0,0.0,1.0,0.0,0.0,0.0,0.0,10.0,8865.0,73.0
CEW,0.35199836,0.017721518987341773,0.3765712701368935,0,0.0,0,0.0,1.0,0.0,0.0,0.0,0.0,10.0,8865.0,73.0
CEC,0.35199836,0.017721518987341773,0.3765712701368935,0,0.0,0,0.0,1.0,0.0,0.0,0.0,0.0,10.0,8865.0,73.0
CIR,0.35199836,0.017721518987341773,0.3765712701368935,0,0.0,0,0.0,1.0,0.0,0.0,0.0,0.0,10.0,8865.0,73.0
AJP,0.31982222,0.02158273381294964,0.3760217802558872,0,0.0,0,1.0,0.0,0.0,1.0,0.0,0.0,4.0,5202.0,0.0
BVS,0.35062483,0.017811704834605598,0.37601785762922757,0,0.0,0,2.0,1.0,1.0,1.0,1.0,2.0,10.0,13901.0,14182.0
EX,0.38295454,0.013824884792626729,0.37580900527365196,0,0.0,0,1.0,1.0,1.0,0.0,0.0,0.0,3.0,1622.0,141.0
IJ,0.34715995,0.01818181818181818,0.375634346333417,0,0.0,0,0.0,1.0,0.0,0.0,0.0,0.0,0.0,3810.0,102.0
AQN,0.2472739,0.030405405405405407,0.3756114204993119,0,0.0,0,1.0,0.0,0.0,1.0,0.0,0.0,3.0,3145.0,220.0
ANC,0.3048045,0.023346303501945526,0.3754913171673563,0,0.0,0,0.0,0.0,0.0,2.0,0.0,0.0,2.0,1418.0,1832.0
BVW,0.33645397,0.0194672131147541,0.37545615669156684,0,0.0,0,12.0,6.0,6.0,3.0,1.0,11.0,10.0,15773.0,16231.0
BEE,0.3256948,0.02074688796680498,0.3751911012710872,0,0.0,0,0.0,0.0,0.0,0.0,0.0,0.0,2.0,1901.0,197.0
BVR,0.39347786,0.012448132780082987,0.37517980267892737,0,0.0,0,6.0,5.0,1.0,1.0,1.0,6.0,2.0,358.0,12217.0
AXM,0.3535335,0.017316017316017316,0.3750263986391422,0,0.0,0,0.0,0.0,0.0,0.0,0.0,0.0,10.0,5859.0,0.0
QS,0.37227637,0.015,0.374871969461441,0,0.0,0,1.0,1.0,1.0,0.0,1.0,0.0,6.0,7714.0,679.0
AQP,0.34167743,0.018691588785046728,0.3744888925106726,0,0.0,0,1.0,2.0,0.0,0.0,0.0,1.0,1.0,2170.0,79.0
AH,0.36467165,0.015873015873015872,0.3744611807285793,0,0.0,0,0.0,0.0,1.0,0.0,0.0,0.0,1.0,1414.0,1646.0
AHQ,0.33869958,0.01904761904761905,0.3744286736987886,0,0.0,0,0.0,0.0,0.0,0.0,0.0,0.0,3.0,1518.0,283.0
AWY,0.38747364,0.013071895424836602,0.3743903096205269,0,0.0,0,0.0,0.0,0.0,0.0,0.0,0.0,1.0,1038.0,0.0
CLN,0.3585854,0.016574585635359115,0.37415277144526904,0,0.0,0,3.0,2.0,1.0,2.0,1.0,0.0,0.0,41.0,105.0
AYJ,0.38456887,0.013392857142857142,0.37414461289133344,0,0.0,0,0.0,0.0,0.0,0.0,0.0,0.0,3.0,1242.0,165.0
BP,0.36902747,0.01529051987767584,0.3741110693606397,0,0.0,0,4.0,3.0,0.0,1.0,1.0,4.0,3.0,3994.0,4012.0
AVM,0.38913357,0.01282051282051282,0.3740481341496492,0,0.0,0,0.0,0.0,0.0,0.0,0.0,0.0,2.0,953.0,100.0
VU,0.28383118,0.02569593147751606,0.37394587506701654,0,0.0,0,1.0,1.0,0.0,0.0,0.0,1.0,10.0,6584.0,6743.0
CHZ,0.31573465,0.021739130434782608,0.37357972963996555,0,0.0,0,1.0,1.0,0.0,0.0,0.0,0.0,10.0,1596.0,0.0
CBM,0.31573465,0.021739130434782608,0.37357972963996555,0,0.0,0,1.0,1.0,0.0,0.0,0.0,0.0,10.0,1596.0,0.0
CDK,0.31573465,0.021739130434782608,0.37357972963996555,0,0.0,0,1.0,1.0,0.0,0.0,0.0,0.0,10.0,1596.0,0.0
CCR,0.35391155,0.017054263565891473,0.3734964878152507,0,0.0,0,1.0,0.0,1.0,0.0,0.0,1.0,10.0,9495.0,9996.0
CEQ,0.35391155,0.017054263565891473,0.3734964878152507,0,0.0,0,1.0,0.0,1.0,0.0,0.0,1.0,10.0,9495.0,9996.0
CAI,0.35391155,0.017054263565891473,0.3734964878152507,0,0.0,0,1.0,0.0,1.0,0.0,0.0,1.0,10.0,9495.0,9996.0
CAT,0.35391155,0.017054263565891473,0.3734964878152507,0,0.0,0,1.0,0.0,1.0,0.0,0.0,1.0,10.0,9495.0,9996.0
CHG,0.35391155,0.017054263565891473,0.3734964878152507,0,0.0,0,1.0,0.0,1.0,0.0,0.0,1.0,10.0,9495.0,9996.0
DG,0.30459493,0.023076923076923078,0.37339656435526336,0,0.0,0,1.0,1.0,1.0,0.0,0.0,0.0,10.0,5861.0,154.0
PG,0.30235472,0.023316062176165803,0.3731474960406209,0,0.0,0,0.0,1.0,0.0,0.0,1.0,0.0,10.0,4768.0,0.0
MS,0.30711675,0.022727272727272728,0.3731057394634594,0,0.0,0,1.0,1.0,0.0,0.0,0.0,0.0,0.0,2825.0,3414.0
SJ,0.32742545,0.02023121387283237,0.37303390861246627,0,0.0,0,1.0,5.0,0.0,1.0,0.0,0.0,3.0,3139.0,131.0
TM,0.32097802,0.02099737532808399,0.3728702222894183,0,0.0,0,0.0,1.0,0.0,0.0,0.0,0.0,10.0,3635.0,4826.0
BBW,0.39940566,0.011363636363636364,0.37263171618635005,0,0.0,0,0.0,1.0,0.0,0.0,0.0,0.0,1.0,760.0,111.0
BBV,0.39940566,0.011363636363636364,0.37263171618635005,0,0.0,0,0.0,1.0,0.0,0.0,0.0,0.0,1.0,760.0,111.0
AWI,0.3787496,0.013888888888888888,0.37260895437664454,0,0.0,0,0.0,0.0,0.0,0.0,0.0,0.0,1.0,853.0,1632.0
JC,0.34194595,0.01839080459770115,0.3725866769648146,0,0.0,0,2.0,2.0,1.0,2.0,0.0,2.0,2.0,4715.0,4854.0
ALY,0.3275569,0.020134228187919462,0.37245957235361904,0,0.0,0,1.0,2.0,0.0,1.0,1.0,0.0,8.0,5948.0,59.0
HC,0.34799504,0.017605633802816902,0.3722692131996155,0,0.0,0,1.0,1.0,0.0,0.0,0.0,0.0,1.0,3172.0,0.0
ASW,0.32892573,0.01989389920424403,0.3719428558722731,0,0.0,0,2.0,2.0,0.0,3.0,1.0,2.0,7.0,7155.0,10025.0
COF,0.3707925,0.014760147601476014,0.3718794113375604,0,0.0,0,0.0,0.0,0.0,1.0,0.0,0.0,8.0,2965.0,0.0
BYR,0.3082471,0.022388059701492536,0.3716797009332856,0,0.0,0,0.0,2.0,0.0,0.0,0.0,0.0,10.0,2746.0,2141.0
AQJ,0.34209806,0.018223234624145785,0.3715291332546834,0,0.0,0,0.0,0.0,0.0,2.0,1.0,0.0,2.0,1406.0,477.0
AKC,0.32066262,0.020833333333333332,0.371431432167689,0,0.0,0,2.0,0.0,1.0,2.0,0.0,0.0,5.0,5923.0,96.0
AQY,0.343775,0.017973856209150325,0.37121596947994107,0,0.0,0,2.0,3.0,0.0,1.0,1.0,0.0,1.0,4254.0,6106.0
AQX,0.343775,0.017973856209150325,0.37121596947994107,0,0.0,0,2.0,3.0,0.0,1.0,1.0,0.0,1.0,4254.0,6106.0
AQZ,0.343775,0.017973856209150325,0.37121596947994107,0,0.0,0,2.0,3.0,0.0,1.0,1.0,0.0,1.0,4254.0,6106.0
CHF,0.3827616,0.013192612137203167,0.3711521717520691,0,0.0,0,3.0,2.0,1.0,0.0,1.0,0.0,2.0,2195.0,95.0
CEP,0.3827616,0.013192612137203167,0.3711521717520691,0,0.0,0,3.0,2.0,1.0,0.0,1.0,0.0,2.0,2195.0,95.0
CAS,0.3827616,0.013192612137203167,0.3711521717520691,0,0.0,0,3.0,2.0,1.0,0.0,1.0,0.0,2.0,2195.0,95.0
CCQ,0.3827616,0.013192612137203167,0.3711521717520691,0,0.0,0,3.0,2.0,1.0,0.0,1.0,0.0,2.0,2195.0,95.0
BTQ,0.3079574,0.022321428571428572,0.3709548796926226,0,0.0,0,1.0,1.0,0.0,1.0,1.0,0.0,10.0,10483.0,99.0
QK,0.3625747,0.015625,0.3708777964115143,0,0.0,0,1.0,1.0,0.0,0.0,0.0,0.0,4.0,10200.0,125.0
AOL,0.24465713,0.030042918454935622,0.37076353302841025,0,0.0,0,2.0,2.0,1.0,2.0,1.0,0.0,0.0,2877.0,0.0
AKY,0.3508163,0.01699029126213592,0.3703522374329058,0,0.0,0,0.0,1.0,0.0,2.0,1.0,0.0,2.0,2210.0,2457.0
BO,0.36427608,0.01532567049808429,0.37023122897550065,0,0.0,0,0.0,2.0,0.0,0.0,0.0,0.0,5.0,1875.0,99.0
RQ,0.40060747,0.010869565217391304,0.3701682930407317,0,0.0,0,1.0,1.0,0.0,2.0,0.0,1.0,2.0,1178.0,159.0
GR,0.33487904,0.018867924528301886,0.36983244666513404,0,0.0,0,0.0,0.0,0.0,0.0,1.0,0.0,2.0,1778.0,187.0
BMB,0.3869043,0.012437810945273632,0.3693935018570269,0,0.0,0,3.0,1.0,0.0,0.0,0.0,0.0,0.0,0.0,0.0
VO,0.3278265,0.019656019656019656,0.36929859763574246,0,0.0,0,3.0,5.0,0.0,0.0,0.0,0.0,4.0,2622.0,85.0
ASL,0.29155362,0.024074074074074074,0.369142215207771,0,0.0,0,3.0,2.0,1.0,0.0,1.0,0.0,4.0,8560.0,0.0
BY,0.29155362,0.024074074074074074,0.369142215207771,0,0.0,0,3.0,2.0,1.0,0.0,1.0,0.0,4.0,8560.0,0.0
GS,0.38815296,0.012244897959183673,0.3691090116208913,0,0.0,0,0.0,1.0,0.0,0.0,0.0,0.0,0.0,2063.0,160.0
ALZ,0.3540039,0.016423357664233577,0.3690973135676697,0,0.0,0,3.0,2.0,0.0,1.0,0.0,2.0,0.0,2196.0,4957.0
UE,0.3577152,0.015957446808510637,0.36901482204173475,0,0.0,0,1.0,0.0,0.0,0.0,0.0,0.0,1.0,3991.0,114.0
ARD,0.343775,0.01765650080256822,0.3689627460932081,0,0.0,0,2.0,3.0,0.0,1.0,1.0,0.0,2.0,4209.0,6086.0
NL,0.33170056,0.01909307875894988,0.36866863463829697,0,0.0,0,0.0,1.0,0.0,0.0,0.0,0.0,4.0,5472.0,105.0
TT,0.34193563,0.017804154302670624,0.3684125191733816,0,0.0,0,1.0,1.0,0.0,0.0,0.0,0.0,5.0,2515.0,140.0
CKY,0.3264277,0.019642857142857142,0.36798944745744977,0,0.0,0,2.0,2.0,0.0,2.0,1.0,2.0,10.0,8017.0,8158.0
AIZ,0.31034344,0.021604938271604937,0.367941473957933,0,0.0,0,2.0,1.0,1.0,1.0,0.0,0.0,10.0,7007.0,103.0
CLV,0.3582328,0.01569506726457399,0.3676017635339044,0,0.0,0,2.0,1.0,1.0,0.0,1.0,0.0,10.0,6122.0,95.0
AIS,0.31602842,0.020802377414561663,0.3671840698899698,0,0.0,0,2.0,2.0,1.0,1.0,0.0,2.0,0.0,259.0,8423.0
AD,0.35337716,0.016216216216216217,0.36708191224046655,0,0.0,0,0.0,0.0,0.0,0.0,0.0,0.0,3.0,3788.0,234.0
COL,0.2896116,0.024,0.36692849435806274,0,0.0,0,0.0,0.0,0.0,0.0,1.0,0.0,7.0,2735.0,0.0
BFP,0.32223982,0.02,0.366885493516922,0,0.0,0,0.0,1.0,0.0,0.0,0.0,0.0,0.0,0.0,670.0
TA,0.24897699,0.028953229398663696,0.36678110319283064,0,0.0,0,0.0,0.0,0.0,0.0,0.0,0.0,6.0,5222.0,1390.0
CD,0.3281383,0.019261637239165328,0.3667694451912257,0,0.0,0,1.0,1.0,0.0,1.0,0.0,0.0,0.0,11632.0,0.0
CJX,0.33508807,0.01839080459770115,0.3666265403128218,0,0.0,0,1.0,2.0,0.0,1.0,1.0,0.0,7.0,2535.0,97.0
BR,0.29601792,0.023166023166023165,0.36657495850761884,0,0.0,0,1.0,1.0,0.0,0.0,0.0,0.0,1.0,2770.0,103.0
CGT,0.31741434,0.02053388090349076,0.3664822651253099,0,0.0,0,2.0,1.0,1.0,0.0,0.0,0.0,9.0,4879.0,0.0
CNL,0.28547043,0.024390243902439025,0.3661001486022298,0,0.0,0,2.0,0.0,1.0,0.0,0.0,1.0,4.0,1858.0,76.0
COA,0.2752361,0.02564102564102564,0.36608610642261996,0,0.0,0,1.0,1.0,0.0,0.0,0.0,0.0,4.0,2606.0,89.0
IV,0.30633637,0.021834061135371178,0.36608572571038156,0,0.0,0,1.0,0.0,0.0,0.0,0.0,0.0,2.0,2726.0,0.0
BZQ,0.31005746,0.021367521367521368,0.3660072625702263,0,0.0,0,0.0,1.0,0.0,0.0,0.0,0.0,2.0,244.0,3386.0
CHA,0.33281523,0.018561484918793503,0.36586307266472107,0,0.0,0,2.0,1.0,1.0,1.0,1.0,0.0,10.0,6765.0,0.0
RC,0.33234233,0.018604651162790697,0.3657585491690525,0,0.0,0,0.0,0.0,0.0,0.0,0.0,0.0,0.0,61.0,110.0
AVZ,0.38643682,0.011976047904191617,0.36570868920423316,0,0.0,0,1.0,1.0,1.0,0.0,0.0,0.0,2.0,1469.0,48.0
AJZ,0.2983197,0.022727272727272728,0.3654602814804424,0,0.0,0,0.0,0.0,0.0,2.0,0.0,0.0,1.0,1402.0,1814.0
ALE,0.31806728,0.02027027027027027,0.36517809565002857,0,0.0,0,5.0,5.0,1.0,1.0,1.0,0.0,5.0,5042.0,107.0
BWO,0.33412176,0.018292682926829267,0.3650900768070686,0,0.0,0,6.0,3.0,2.0,2.0,1.0,2.0,10.0,6909.0,156.0
CAD,0.29897466,0.022556390977443608,0.3648162454142606,0,0.0,0,0.0,0.0,0.0,0.0,0.0,0.0,10.0,1085.0,373.0
OG,0.3222535,0.01968503937007874,0.3646611641711137,0,0.0,0,1.0,1.0,0.0,1.0,0.0,1.0,2.0,5871.0,6326.0
ME,0.28931153,0.023715415019762844,0.3646471408751642,0,0.0,0,0.0,1.0,0.0,0.0,0.0,0.0,2.0,3092.0,0.0
ANJ,0.2641695,0.026785714285714284,0.3645954860108239,0,0.0,0,0.0,0.0,0.0,0.0,0.0,0.0,1.0,1252.0,1476.0
BDA,0.37160605,0.013605442176870748,0.36438806292151105,0,0.0,0,0.0,0.0,0.0,0.0,0.0,0.0,0.0,727.0,346.0
BDM,0.30642134,0.02158273381294964,0.3643751518760654,0,0.0,0,2.0,1.0,3.0,0.0,0.0,2.0,3.0,2979.0,5697.0
FV,0.3665149,0.014218009478672985,0.3643125697617282,0,0.0,0,3.0,2.0,1.0,1.0,0.0,1.0,10.0,1533.0,155.0
LE,0.34831017,0.01639344262295082,0.3639365391653092,0,0.0,0,0.0,1.0,0.0,0.0,0.0,0.0,6.0,4708.0,0.0
UQ,0.31291705,0.020710059171597635,0.3638245562477225,0,0.0,0,2.0,2.0,1.0,1.0,1.0,1.0,2.0,4266.0,6412.0
AWM,0.37463754,0.013108614232209739,0.3634952290227797,0,0.0,0,0.0,1.0,0.0,0.0,0.0,0.0,3.0,3187.0,2681.0
FY,0.42533615,0.006896551724137931,0.36345145459832817,0,0.0,0,0.0,0.0,0.0,0.0,0.0,0.0,0.0,715.0,162.0
AMV,0.32367927,0.019313304721030045,0.36326096912310357,0,0.0,0,0.0,0.0,0.0,2.0,1.0,0.0,3.0,4251.0,196.0
AAX,0.31138045,0.02080624187256177,0.3631719815560528,0,0.0,0,12.0,4.0,6.0,3.0,1.0,12.0,6.0,10810.0,10907.0
CEJ,0.26175767,0.026845637583892617,0.36292482488507394,0,0.0,0,1.0,1.0,0.0,0.0,1.0,0.0,10.0,6017.0,135.0
CFD,0.26175767,0.026845637583892617,0.36292482488507394,0,0.0,0,1.0,1.0,0.0,0.0,1.0,0.0,10.0,6017.0,135.0
CCL,0.26175767,0.026845637583892617,0.36292482488507394,0,0.0,0,1.0,1.0,0.0,0.0,1.0,0.0,10.0,6017.0,135.0
CIY,0.26175767,0.026845637583892617,0.36292482488507394,0,0.0,0,1.0,1.0,0.0,0.0,1.0,0.0,10.0,6017.0,135.0
AOD,0.32681805,0.018867924528301886,0.36282666572984656,0,0.0,0,2.0,1.0,0.0,2.0,0.0,0.0,3.0,5366.0,168.0
FG,0.35119605,0.015873015873015872,0.36274961308827475,0,0.0,0,1.0,3.0,0.0,0.0,0.0,0.0,1.0,741.0,2145.0
VE,0.35884863,0.01486988847583643,0.36227821404162835,0,0.0,0,0.0,1.0,0.0,0.0,0.0,0.0,6.0,7044.0,283.0
ARJ,0.34473267,0.016597510373443983,0.3622762333060696,0,0.0,0,0.0,0.0,0.0,0.0,0.0,0.0,0.0,1762.0,158.0
BEW,0.3937826,0.010582010582010581,0.3621951883116727,0,0.0,0,3.0,1.0,0.0,0.0,0.0,0.0,0.0,0.0,0.0
BXW,0.23850027,0.029585798816568046,0.36216708091941807,0,0.0,0,0.0,1.0,0.0,0.0,0.0,0.0,10.0,2122.0,89.0
CJZ,0.30625352,0.02127659574468085,0.3620557190255916,0,0.0,0,0.0,0.0,0.0,1.0,0.0,0.0,5.0,2143.0,0.0
AWC,0.40334475,0.009389671361502348,0.36204001704851785,0,0.0,0,0.0,0.0,0.0,1.0,0.0,0.0,0.0,1791.0,0.0
AIJ,0.3362267,0.017569546120058566,0.3617851912364429,0,0.0,0,2.0,1.0,1.0,1.0,0.0,2.0,10.0,8325.0,8611.0
AKM,0.3362267,0.017569546120058566,0.3617851912364429,0,0.0,0,2.0,1.0,1.0,1.0,0.0,2.0,10.0,8325.0,8611.0
CKX,0.41320926,0.008130081300813009,0.3616701020942471,0,0.0,0,0.0,0.0,0.0,1.0,0.0,0.0,2.0,246.0,306.0
BZU,0.37714285,0.0125,0.3613513958454132,0,0.0,0,0.0,0.0,0.0,0.0,0.0,0.0,4.0,200.0,0.0
AUT,0.29105178,0.022916666666666665,0.3604884656270345,0,0.0,0,1.0,1.0,0.0,0.0,0.0,0.0,2.0,1120.0,4942.0
PA,0.31467044,0.02,0.3603069884777069,0,0.0,0,1.0,1.0,1.0,0.0,0.0,0.0,3.0,5121.0,132.0
LM,0.31467044,0.02,0.3603069884777069,0,0.0,0,1.0,1.0,1.0,0.0,0.0,0.0,3.0,5121.0,132.0
BVF,0.3237505,0.018867924528301886,0.3601606691783329,0,0.0,0,0.0,0.0,0.0,0.0,1.0,0.0,5.0,1470.0,0.0
AMQ,0.28603333,0.023483365949119372,0.3601505351568155,0,0.0,0,2.0,0.0,0.0,2.0,1.0,0.0,2.0,3917.0,60.0
AQS,0.30812022,0.02077922077922078,0.36014670579464403,0,0.0,0,1.0,1.0,1.0,1.0,1.0,0.0,1.0,2526.0,942.0
DM,0.31209254,0.020289855072463767,0.3601245103020599,0,0.0,0,0.0,1.0,0.0,0.0,0.0,0.0,3.0,3406.0,4134.0
AUW,0.41225675,0.008,0.35991870574951174,0,0.0,0,0.0,0.0,0.0,0.0,0.0,0.0,2.0,409.0,217.0
PJ,0.29801545,0.02197802197802198,0.35987616515421605,0,0.0,0,0.0,1.0,0.0,0.0,0.0,0.0,0.0,840.0,803.0
BEL,0.38555363,0.011235955056179775,0.3596864413679316,0,0.0,0,0.0,0.0,0.0,0.0,0.0,0.0,0.0,895.0,222.0
BDJ,0.4254176,0.006329113924050633,0.35949342673337914,0,0.0,0,0.0,0.0,0.0,0.0,0.0,0.0,1.0,839.0,312.0
BZJ,0.3585809,0.014492753623188406,0.35936786005462423,0,0.0,0,0.0,0.0,0.0,0.0,0.0,0.0,2.0,121.0,14.0
VS,0.38509512,0.011235955056179775,0.3592879545152857,0,0.0,0,0.0,0.0,0.0,0.0,0.0,0.0,4.0,2345.0,137.0
BDS,0.3244458,0.018656716417910446,0.359265393285609,0,0.0,0,5.0,4.0,0.0,2.0,0.0,0.0,6.0,1643.0,1713.0
BU,0.33950126,0.01680672268907563,0.3592150580482323,0,0.0,0,1.0,1.0,0.0,0.0,0.0,0.0,1.0,2070.0,0.0
KK,0.23743695,0.029288702928870293,0.35913357480300523,0,0.0,0,0.0,0.0,0.0,0.0,0.0,0.0,1.0,1620.0,107.0
BMF,0.40502447,0.008771929824561403,0.3591138592937536,0,0.0,0,3.0,4.0,0.0,1.0,0.0,2.0,0.0,0.0,350.0
EF,0.30432922,0.02107728337236534,0.35896818425672117,0,0.0,0,1.0,0.0,0.0,0.0,0.0,0.0,9.0,6535.0,246.0
BAV,0.37359348,0.012578616352201259,0.35882485276498133,0,0.0,0,0.0,0.0,0.0,0.0,0.0,0.0,2.0,1481.0,0.0
AWA,0.30684566,0.02072538860103627,0.3586567748087058,0,0.0,0,0.0,1.0,0.0,0.0,0.0,0.0,4.0,874.0,455.0
BPI,0.30715653,0.02066115702479339,0.3584709184721482,0,0.0,0,2.0,1.0,0.0,0.0,0.0,2.0,0.0,0.0,13633.0
QT,0.337591,0.016891891891891893,0.358159531612654,0,0.0,0,0.0,1.0,0.0,0.0,0.0,0.0,0.0,2443.0,2459.0
RE,0.337591,0.016891891891891893,0.358159531612654,0,0.0,0,0.0,1.0,0.0,0.0,0.0,0.0,0.0,2443.0,2459.0
BGO,0.42070967,0.006666666666666667,0.3577984307607015,0,0.0,0,4.0,4.0,0.0,0.0,0.0,4.0,0.0,0.0,1279.0
UJ,0.36019734,0.014056224899598393,0.35767335779216874,0,0.0,0,0.0,1.0,0.0,0.0,0.0,0.0,9.0,6815.0,104.0
AIG,0.3373921,0.016791044776119403,0.35727066362082066,0,0.0,0,0.0,1.0,0.0,2.0,1.0,0.0,10.0,6799.0,301.0
LH,0.28456995,0.023255813953488372,0.3572631018799405,0,0.0,0,1.0,1.0,0.0,0.0,0.0,0.0,2.0,5727.0,297.0
AON,0.3827365,0.011235955056179775,0.35723809117681526,0,0.0,0,2.0,2.0,0.0,2.0,1.0,1.0,0.0,1548.0,124.0
HI,0.3251791,0.0182648401826484,0.3571203648771869,0,0.0,0,0.0,1.0,0.0,0.0,0.0,0.0,2.0,697.0,892.0
CMI,0.30110115,0.02120141342756184,0.3570440362283282,0,0.0,0,2.0,2.0,0.0,0.0,0.0,1.0,3.0,2184.0,90.0
AMX,0.29462194,0.021994134897360705,0.35704129925571226,0,0.0,0,5.0,5.0,0.0,2.0,1.0,1.0,6.0,9894.0,213.0
BGT,0.34248203,0.016129032258064516,0.35699402286160375,0,0.0,0,0.0,0.0,0.0,0.0,0.0,0.0,0.0,0.0,182.0
BIR,0.34248203,0.016129032258064516,0.35699402286160375,0,0.0,0,0.0,0.0,0.0,0.0,0.0,0.0,0.0,0.0,182.0
ARP,0.32866573,0.017777777777777778,0.35669243253601923,0,0.0,0,0.0,1.0,0.0,1.0,0.0,0.0,2.0,1847.0,97.0
BWS,0.33542815,0.01694915254237288,0.3566863901534323,0,0.0,0,0.0,1.0,0.0,0.0,0.0,0.0,8.0,2205.0,0.0
SA,0.3056028,0.020527859237536656,0.3561741311529165,0,0.0,0,1.0,1.0,0.0,0.0,0.0,1.0,1.0,2614.0,2672.0
ST,0.35173443,0.01488095238095238,0.35617385875611074,0,0.0,0,0.0,0.0,0.0,0.0,0.0,0.0,6.0,2376.0,2394.0
BAD,0.31521788,0.019337016574585635,0.3560755704318621,0,0.0,0,1.0,0.0,0.0,0.0,1.0,1.0,5.0,10704.0,11154.0
LJ,0.3678284,0.012875536480686695,0.35592258943508626,0,0.0,0,0.0,1.0,0.0,1.0,1.0,0.0,5.0,5882.0,167.0
CEU,0.34373114,0.015810276679841896,0.3558164376515174,0,0.0,0,0.0,1.0,1.0,0.0,0.0,0.0,10.0,4014.0,0.0
CAX,0.34373114,0.015810276679841896,0.3558164376515174,0,0.0,0,0.0,1.0,1.0,0.0,0.0,0.0,10.0,4014.0,0.0
CCV,0.34373114,0.015810276679841896,0.3558164376515174,0,0.0,0,0.0,1.0,1.0,0.0,0.0,0.0,10.0,4014.0,0.0
CHK,0.34373114,0.015810276679841896,0.3558164376515174,0,0.0,0,0.0,1.0,1.0,0.0,0.0,0.0,10.0,4014.0,0.0
CNI,0.36711955,0.01288244766505636,0.3553555852357124,0,0.0,0,9.0,7.0,1.0,5.0,1.0,9.0,10.0,10860.0,11601.0
BEQ,0.3453533,0.015527950310559006,0.35522174909248116,0,0.0,0,0.0,0.0,0.0,0.0,0.0,0.0,10.0,3107.0,3210.0
AMU,0.352224,0.01466275659824047,0.35505012665326297,0,0.0,0,1.0,1.0,1.0,1.0,0.0,1.0,8.0,8572.0,9533.0
CG,0.301148,0.020895522388059702,0.35491291982024464,0,0.0,0,0.0,0.0,0.0,0.0,0.0,0.0,10.0,3918.0,4172.0
CJL,0.43418542,0.004608294930875576,0.35489567828617885,0,0.0,0,0.0,1.0,0.0,0.0,0.0,0.0,10.0,2376.0,0.0
BZG,0.35991257,0.0136986301369863,0.35488695649251545,0,0.0,0,0.0,0.0,0.0,0.0,0.0,0.0,2.0,103.0,33.0
AVO,0.38299492,0.010869565217391304,0.3548613136229308,0,0.0,0,1.0,0.0,2.0,0.0,0.0,0.0,1.0,1063.0,196.0
ATS,0.38461083,0.010638297872340425,0.35462372011326726,0,0.0,0,3.0,2.0,0.0,0.0,0.0,3.0,3.0,1465.0,255.0
GG,0.3396936,0.016129032258064516,0.3545706172143259,0,0.0,0,2.0,2.0,0.0,2.0,0.0,0.0,7.0,4073.0,249.0
MT,0.30102605,0.020833333333333332,0.35436540047327675,0,0.0,0,0.0,1.0,0.0,0.0,0.0,0.0,5.0,3496.0,3765.0
BBF,0.35146534,0.014644351464435146,0.3542601334250622,0,0.0,0,4.0,2.0,1.0,1.0,0.0,3.0,2.0,8196.0,12451.0
AK,0.36471754,0.012987012987012988,0.35401043574531355,0,0.0,0,5.0,4.0,0.0,1.0,1.0,2.0,10.0,7128.0,7324.0
BJ,0.2976402,0.0211864406779661,0.35392984091225316,0,0.0,0,1.0,0.0,0.0,0.0,0.0,1.0,2.0,1389.0,740.0
ALI,0.2647243,0.025210084033613446,0.3538906829948185,0,0.0,0,3.0,0.0,1.0,2.0,0.0,0.0,1.0,1931.0,277.0
BLC,0.36456287,0.012987012987012988,0.35387599746902265,0,0.0,0,0.0,1.0,0.0,0.0,0.0,0.0,0.0,0.0,0.0
BHM,0.36456287,0.012987012987012988,0.35387599746902265,0,0.0,0,0.0,1.0,0.0,0.0,0.0,0.0,0.0,0.0,0.0
BJK,0.36456287,0.012987012987012988,0.35387599746902265,0,0.0,0,0.0,1.0,0.0,0.0,0.0,0.0,0.0,0.0,0.0
RP,0.2854693,0.02262443438914027,0.35356191758116984,0,0.0,0,0.0,1.0,0.0,0.0,0.0,0.0,1.0,4396.0,4740.0
BVL,0.23926662,0.028268551236749116,0.35348066030458514,0,0.0,0,1.0,0.0,0.0,1.0,1.0,0.0,10.0,3295.0,210.0
COD,0.30118528,0.020618556701030927,0.35297885856677574,0,0.0,0,3.0,6.0,0.0,2.0,1.0,0.0,10.0,3993.0,138.0
UK,0.39727223,0.008849557522123894,0.352927604924261,0,0.0,0,0.0,1.0,0.0,0.0,0.0,0.0,1.0,3668.0,106.0
BUE,0.35332224,0.014227642276422764,0.35291529394746796,0,0.0,0,11.0,6.0,5.0,3.0,1.0,4.0,10.0,18541.0,591.0
BAW,0.33591813,0.016355140186915886,0.35289471801196304,0,0.0,0,2.0,1.0,1.0,1.0,0.0,0.0,3.0,13630.0,208.0
QI,0.3517056,0.014367816091954023,0.3525055273510944,0,0.0,0,0.0,1.0,0.0,0.0,0.0,0.0,0.0,3387.0,293.0
AYH,0.38392293,0.010416666666666666,0.35245227416356406,0,0.0,0,2.0,0.0,1.0,0.0,0.0,0.0,3.0,1328.0,0.0
KZ,0.40277994,0.008097165991902834,0.3523723250699912,0,0.0,0,0.0,1.0,0.0,0.0,0.0,0.0,4.0,1651.0,158.0
APA,0.34364468,0.01532567049808429,0.352300602106299,0,0.0,0,0.0,1.0,0.0,0.0,0.0,0.0,2.0,2305.0,103.0
BKU,0.37462807,0.011494252873563218,0.352025008133088,0,0.0,0,4.0,3.0,1.0,4.0,0.0,4.0,0.0,0.0,1157.0
BHF,0.37462807,0.011494252873563218,0.352025008133088,0,0.0,0,4.0,3.0,1.0,4.0,0.0,4.0,0.0,0.0,1157.0
BJD,0.37462807,0.011494252873563218,0.352025008133088,0,0.0,0,4.0,3.0,1.0,4.0,0.0,4.0,0.0,0.0,1157.0
BAJ,0.36510584,0.012618296529968454,0.35173000059669324,0,0.0,0,2.0,0.0,0.0,0.0,0.0,0.0,0.0,246.0,2687.0
QH,0.3517056,0.014245014245014245,0.35163363423782196,0,0.0,0,0.0,1.0,0.0,0.0,0.0,0.0,0.0,3387.0,360.0
TO,0.40219164,0.008,0.3511711876869202,0,0.0,0,0.0,1.0,0.0,0.0,0.0,0.0,0.0,502.0,3773.0
TN,0.40219164,0.008,0.3511711876869202,0,0.0,0,0.0,1.0,0.0,0.0,0.0,0.0,0.0,502.0,3773.0
BAQ,0.28760952,0.022020725388601035,0.35113563602452447,0,0.0,0,4.0,4.0,1.0,1.0,0.0,3.0,10.0,9957.0,10674.0
VM,0.30518174,0.019867549668874173,0.35112002030113676,0,0.0,0,1.0,0.0,0.0,0.0,0.0,0.0,10.0,5658.0,136.0
AVX,0.37021738,0.011904761904761904,0.35110632833980376,0,0.0,0,1.0,1.0,0.0,0.0,0.0,0.0,2.0,1991.0,217.0
Q,0.3442334,0.01507537688442211,0.35103516372004945,0,0.0,0,0.0,0.0,0.0,0.0,0.0,0.0,1.0,697.0,436.0
CCA,0.30388686,0.02,0.3509350521564484,0,0.0,0,0.0,1.0,0.0,0.0,0.0,0.0,2.0,541.0,1881.0
CDY,0.30388686,0.02,0.3509350521564484,0,0.0,0,0.0,1.0,0.0,0.0,0.0,0.0,2.0,541.0,1881.0
CAL,0.30388686,0.02,0.3509350521564484,0,0.0,0,0.0,1.0,0.0,0.0,0.0,0.0,2.0,541.0,1881.0
CIN,0.30388686,0.02,0.3509350521564484,0,0.0,0,0.0,1.0,0.0,0.0,0.0,0.0,2.0,541.0,1881.0
CMG,0.32751626,0.017094017094017096,0.35083872803256044,0,0.0,0,1.0,1.0,0.0,1.0,0.0,1.0,4.0,6179.0,1243.0
BF,0.37059832,0.011811023622047244,0.3507718605319346,0,0.0,0,0.0,1.0,0.0,0.0,0.0,0.0,3.0,1965.0,234.0
ATJ,0.37059832,0.011811023622047244,0.3507718605319346,0,0.0,0,0.0,1.0,0.0,0.0,0.0,0.0,3.0,1965.0,234.0
ASV,0.25731373,0.02564102564102564,0.35050986302204623,0,0.0,0,0.0,0.0,0.0,1.0,1.0,0.0,2.0,2628.0,81.0
PK,0.4034148,0.007751937984496124,0.35047296641408937,0,0.0,0,0.0,1.0,0.0,0.0,0.0,0.0,6.0,2455.0,60.0
BXC,0.29184517,0.0213903743315508,0.35034132638079596,0,0.0,0,0.0,1.0,0.0,0.0,0.0,0.0,10.0,1165.0,1655.0
AQB,0.29010954,0.021568627450980392,0.35009850878341525,0,0.0,0,2.0,2.0,1.0,2.0,0.0,1.0,0.0,1641.0,3302.0
AMF,0.3379077,0.015665796344647518,0.34972950747679166,0,0.0,0,0.0,1.0,0.0,1.0,0.0,0.0,1.0,2771.0,2895.0
CEK,0.3273841,0.01694915254237288,0.3496953613677267,0,0.0,0,0.0,0.0,0.0,0.0,0.0,0.0,6.0,998.0,477.0
CCM,0.3273841,0.01694915254237288,0.3496953613677267,0,0.0,0,0.0,0.0,0.0,0.0,0.0,0.0,6.0,998.0,477.0
CIZ,0.3273841,0.01694915254237288,0.3496953613677267,0,0.0,0,0.0,0.0,0.0,0.0,0.0,0.0,6.0,998.0,477.0
HS,0.31723765,0.01818181818181818,0.3496290484341708,0,0.0,0,0.0,0.0,0.0,0.0,0.0,0.0,0.0,4919.0,619.0
BDQ,0.3792696,0.01056338028169014,0.34944976568222047,0,0.0,0,0.0,0.0,0.0,0.0,0.0,0.0,4.0,2943.0,0.0
PP,0.32105228,0.017684887459807074,0.3494161102549439,0,0.0,0,1.0,1.0,0.0,0.0,0.0,0.0,10.0,12236.0,0.0
RJ,0.34503224,0.014736842105263158,0.3493258416903646,0,0.0,0,5.0,5.0,0.0,0.0,1.0,5.0,4.0,1821.0,3107.0
BYD,0.2896289,0.021505376344086023,0.3492316867715569,0,0.0,0,0.0,0.0,0.0,0.0,0.0,0.0,8.0,481.0,119.0
BNS,0.30501005,0.0196078431372549,0.3491268836984447,0,0.0,0,0.0,1.0,0.0,0.0,0.0,0.0,0.0,0.0,467.0
JF,0.34132072,0.015151515151515152,0.34904436595512156,0,0.0,0,0.0,1.0,0.0,0.0,0.0,0.0,2.0,442.0,291.0
BZI,0.37318158,0.011235955056179775,0.34893397206670784,0,0.0,0,0.0,0.0,0.0,0.0,0.0,0.0,2.0,105.0,167.0
CMJ,0.32526553,0.017094017094017096,0.34888265260264406,0,0.0,0,0.0,1.0,0.0,2.0,0.0,0.0,4.0,2476.0,84.0
DB,0.368352,0.011764705882352941,0.34849074384745427,0,0.0,0,0.0,1.0,0.0,0.0,0.0,0.0,4.0,2227.0,108.0
OA,0.368352,0.011764705882352941,0.34849074384745427,0,0.0,0,0.0,1.0,0.0,0.0,0.0,0.0,4.0,2227.0,108.0
AYW,0.3736599,0.011111111111111112,0.3484632926517063,0,0.0,0,2.0,2.0,0.0,0.0,0.0,0.0,8.0,5120.0,133.0
RK,0.3617838,0.0125,0.3480029356479645,0,0.0,0,1.0,1.0,1.0,0.0,0.0,0.0,10.0,1753.0,122.0
AQE,0.30543688,0.01935483870967742,0.3477015017694043,0,0.0,0,0.0,0.0,0.0,1.0,0.0,0.0,7.0,3608.0,3737.0
AWX,0.32730335,0.016666666666666666,0.3476194973786672,0,0.0,0,5.0,2.0,2.0,0.0,0.0,0.0,3.0,1070.0,131.0
BCH,0.29992998,0.02,0.34749613237380983,0,0.0,0,0.0,0.0,0.0,0.0,0.0,0.0,2.0,265.0,958.0
IG,0.3287984,0.01646090534979424,0.3474579434826541,0,0.0,0,1.0,1.0,0.0,0.0,0.0,0.0,4.0,3185.0,0.0
ANT,0.28726795,0.0215311004784689,0.34736245313044367,0,0.0,0,0.0,0.0,0.0,0.0,0.0,0.0,1.0,2857.0,132.0
AKZ,0.3723721,0.011111111111111112,0.3473440664344364,0,0.0,0,1.0,1.0,1.0,1.0,1.0,1.0,2.0,4764.0,5027.0
GN,0.3549366,0.013245033112582781,0.34734180261757197,0,0.0,0,0.0,0.0,0.0,1.0,0.0,0.0,2.0,1080.0,16.0
APZ,0.31559354,0.01804123711340206,0.3472020206992159,0,0.0,0,2.0,4.0,0.0,2.0,1.0,0.0,2.0,4046.0,85.0
A,0.32831532,0.016483516483516484,0.3471986274142842,0,0.0,0,0.0,0.0,0.0,0.0,0.0,0.0,3.0,917.0,705.0
AME,0.36975396,0.011389521640091117,0.34704537387589385,0,0.0,0,1.0,1.0,0.0,1.0,0.0,0.0,2.0,6936.0,207.0
AMD,0.36975396,0.011389521640091117,0.34704537387589385,0,0.0,0,1.0,1.0,0.0,1.0,0.0,0.0,2.0,6936.0,207.0
CK,0.31690097,0.017857142857142856,0.3470312544277736,0,0.0,0,2.0,1.0,1.0,2.0,0.0,2.0,5.0,7724.0,7742.0
AGV,0.32737356,0.016574585635359115,0.34702675721263354,0,0.0,0,5.0,3.0,1.0,0.0,1.0,1.0,2.0,815.0,74.0
AAO,0.32737356,0.016574585635359115,0.34702675721263354,0,0.0,0,5.0,3.0,1.0,0.0,1.0,1.0,2.0,815.0,74.0
CLF,0.33952057,0.015037593984962405,0.3466710229565326,0,0.0,0,0.0,0.0,0.0,2.0,0.0,0.0,7.0,2265.0,222.0
IN,0.40245628,0.0072992700729927005,0.3464259897270342,0,0.0,0,1.0,0.0,0.0,1.0,0.0,0.0,10.0,1363.0,0.0
AOF,0.29548848,0.020361990950226245,0.3462061819177947,0,0.0,0,0.0,1.0,0.0,3.0,0.0,0.0,2.0,4427.0,181.0
OW,0.3232959,0.01694915254237288,0.3461422986903433,0,0.0,0,2.0,4.0,0.0,1.0,0.0,0.0,2.0,479.0,1419.0
ARW,0.3424913,0.014598540145985401,0.3461355754928867,0,0.0,0,0.0,0.0,0.0,1.0,0.0,0.0,0.0,1526.0,189.0
CJT,0.3206634,0.017241379310344827,0.3459292142555631,0,0.0,0,2.0,1.0,1.0,2.0,0.0,0.0,7.0,7111.0,677.0
BDD,0.33112565,0.015957446808510637,0.34590598205302625,0,0.0,0,0.0,0.0,0.0,0.0,0.0,0.0,3.0,3777.0,101.0
AMC,0.3229153,0.01694915254237288,0.34581152271416227,0,0.0,0,2.0,1.0,0.0,2.0,1.0,0.0,9.0,15720.0,277.0
BIS,0.46136227,0.0,0.34579604864120483,0,0.0,0,0.0,0.0,0.0,0.0,0.0,0.0,0.0,0.0,0.0
BGU,0.46136227,0.0,0.34579604864120483,0,0.0,0,0.0,0.0,0.0,0.0,0.0,0.0,0.0,0.0,0.0
TX,0.34520152,0.014204545454545454,0.3456936397335746,0,0.0,0,0.0,1.0,0.0,0.0,0.0,0.0,3.0,3664.0,150.0
ACC,0.29475653,0.020316027088036117,0.34524370792487946,0,0.0,0,10.0,6.0,3.0,2.0,1.0,8.0,3.0,4874.0,5467.0
AOC,0.2904257,0.020833333333333332,0.34515266815821327,0,0.0,0,0.0,0.0,0.0,0.0,0.0,0.0,2.0,3392.0,269.0
BVC,0.3150927,0.017811704834605598,0.3451370786012887,0,0.0,0,3.0,2.0,0.0,1.0,1.0,2.0,10.0,13208.0,13475.0
BWF,0.3790042,0.00992063492063492,0.3446556036434476,0,0.0,0,4.0,3.0,1.0,1.0,1.0,4.0,10.0,6556.0,6650.0
CJN,0.33547047,0.015217391304347827,0.34442766142928083,0,0.0,0,0.0,1.0,0.0,1.0,1.0,0.0,5.0,3378.0,104.0
OO,0.3324405,0.01556420233463035,0.34425668653811,0,0.0,0,0.0,1.0,0.0,0.0,0.0,0.0,5.0,2304.0,369.0
GL,0.3990479,0.007407407407407408,0.3442315629676536,0,0.0,0,0.0,0.0,0.0,0.0,0.0,0.0,2.0,886.0,131.0
BYO,0.33747858,0.014925373134328358,0.344099556421166,0,0.0,0,0.0,1.0,0.0,0.0,0.0,0.0,10.0,1511.0,262.0
CNB,0.27279252,0.0228310502283105,0.3440115674989953,0,0.0,0,1.0,0.0,0.0,1.0,1.0,1.0,3.0,4615.0,5483.0
CGR,0.36514726,0.011494252873563218,0.3437853216439828,0,0.0,0,0.0,1.0,0.0,0.0,0.0,0.0,10.0,3870.0,0.0
ARN,0.32333195,0.016580310880829015,0.3435548749365337,0,0.0,0,2.0,1.0,0.0,2.0,1.0,0.0,7.0,13877.0,110.0
AHW,0.32500422,0.016363636363636365,0.3434698259180242,0,0.0,0,3.0,0.0,1.0,1.0,0.0,0.0,2.0,5674.0,83.0
OE,0.31642282,0.017412935323383085,0.3434618173547052,0,0.0,0,0.0,1.0,0.0,0.0,1.0,0.0,3.0,4493.0,101.0
AG,0.36615923,0.011320754716981131,0.3434329512659109,0,0.0,0,0.0,1.0,0.0,0.0,0.0,0.0,1.0,368.0,618.0
ANQ,0.3052979,0.01874414245548266,0.3432447993543065,0,0.0,0,5.0,5.0,2.0,3.0,1.0,1.0,9.0,20284.0,149.0
CNH,0.30393013,0.01890359168241966,0.34318813383015884,0,0.0,0,1.0,2.0,0.0,2.0,1.0,1.0,4.0,3458.0,768.0
ASG,0.3460937,0.013740458015267175,0.34317404554090425,0,0.0,0,3.0,2.0,0.0,1.0,1.0,3.0,0.0,10602.0,11284.0
ATA,0.3460937,0.013740458015267175,0.34317404554090425,0,0.0,0,3.0,2.0,0.0,1.0,1.0,3.0,0.0,10602.0,11284.0
AYV,0.3524046,0.01293103448275862,0.3429118684653578,0,0.0,0,1.0,1.0,1.0,1.0,0.0,0.0,6.0,4540.0,154.0
ABJ,0.3011172,0.019206145966709345,0.34289158474315296,0,0.0,0,13.0,8.0,6.0,3.0,1.0,3.0,5.0,10883.0,222.0
MY,0.3185097,0.01702127659574468,0.3424947203220205,0,0.0,0,0.0,1.0,0.0,0.0,1.0,0.0,7.0,5251.0,6556.0
CP,0.25581938,0.024691358024691357,0.3424684973410618,0,0.0,0,0.0,1.0,0.0,0.0,0.0,0.0,1.0,1959.0,158.0
CKM,0.3458501,0.013651877133105802,0.34233340557931635,0,0.0,0,1.0,0.0,0.0,0.0,1.0,0.0,3.0,3939.0,49.0
AIY,0.34385973,0.013888888888888888,0.34228634304470484,0,0.0,0,0.0,1.0,0.0,1.0,1.0,0.0,1.0,1315.0,88.0
CJU,0.33461815,0.0149812734082397,0.3420104578416446,0,0.0,0,0.0,1.0,0.0,0.0,0.0,0.0,5.0,1130.0,58.0
CB,0.30668882,0.01838235294117647,0.34188490580109987,0,0.0,0,0.0,0.0,0.0,0.0,0.0,0.0,3.0,2794.0,101.0
SZ,0.33289272,0.015105740181268883,0.3413946084745701,0,0.0,0,0.0,1.0,0.0,0.0,0.0,0.0,6.0,4553.0,259.0
HQ,0.3581223,0.012,0.34127073307037353,0,0.0,0,0.0,1.0,0.0,0.0,0.0,0.0,0.0,1180.0,1592.0
CHH,0.3544153,0.012422360248447204,0.34104777037727163,0,0.0,0,0.0,1.0,0.0,0.0,0.0,0.0,3.0,279.0,1189.0
CAU,0.3544153,0.012422360248447204,0.34104777037727163,0,0.0,0,0.0,1.0,0.0,0.0,0.0,0.0,3.0,279.0,1189.0
CCS,0.3544153,0.012422360248447204,0.34104777037727163,0,0.0,0,0.0,1.0,0.0,0.0,0.0,0.0,3.0,279.0,1189.0
CER,0.3544153,0.012422360248447204,0.34104777037727163,0,0.0,0,0.0,1.0,0.0,0.0,0.0,0.0,3.0,279.0,1189.0
EQ,0.34947485,0.012987012987012988,0.34076309482772627,0,0.0,0,2.0,1.0,0.0,1.0,0.0,0.0,5.0,4137.0,142.0
AIT,0.27459642,0.022130013831258646,0.340601975150293,0,0.0,0,3.0,4.0,0.0,3.0,1.0,3.0,4.0,7766.0,10225.0
SO,0.3356199,0.014598540145985401,0.34016366692355077,0,0.0,0,0.0,1.0,0.0,0.0,0.0,0.0,3.0,2519.0,4357.0
BNI,0.3891769,0.008,0.33986013345718386,0,0.0,0,0.0,1.0,0.0,1.0,0.0,0.0,0.0,0.0,198.0
PI,0.27809402,0.021538461538461538,0.3394417013480113,0,0.0,0,4.0,4.0,0.0,0.0,0.0,2.0,10.0,3049.0,114.0
ATU,0.3869828,0.00819672131147541,0.33934998297300495,0,0.0,0,0.0,0.0,0.0,0.0,0.0,0.0,2.0,1439.0,536.0
BAE,0.3474957,0.013029315960912053,0.33934337510348145,0,0.0,0,1.0,1.0,0.0,1.0,0.0,0.0,5.0,8116.0,78.0
BXS,0.33776203,0.014084507042253521,0.33837575316429136,0,0.0,0,0.0,1.0,0.0,0.0,0.0,0.0,4.0,400.0,0.0
CMY,0.28524542,0.020512820512820513,0.3383748945975915,0,0.0,0,2.0,1.0,1.0,1.0,0.0,0.0,2.0,2162.0,93.0
CMN,0.29223222,0.019642857142857142,0.3382703331538609,0,0.0,0,0.0,1.0,0.0,1.0,0.0,0.0,6.0,5910.0,6097.0
VT,0.3080357,0.017595307917888565,0.33746746175449965,0,0.0,0,0.0,1.0,0.0,0.0,0.0,0.0,0.0,2491.0,106.0
KS,0.3080357,0.017595307917888565,0.33746746175449965,0,0.0,0,0.0,1.0,0.0,0.0,0.0,0.0,0.0,2491.0,106.0
ADM,0.31357306,0.016908212560386472,0.3374015637353998,0,0.0,0,9.0,4.0,5.0,2.0,1.0,9.0,3.0,13054.0,13072.0
AJC,0.30260113,0.01824817518248175,0.33737965787414215,0,0.0,0,0.0,0.0,0.0,1.0,0.0,0.0,4.0,3074.0,3092.0
BYZ,0.28051043,0.020942408376963352,0.3373098041530679,0,0.0,0,0.0,1.0,0.0,0.0,0.0,0.0,10.0,2447.0,2547.0
JV,0.35959435,0.011235955056179775,0.33712539786703133,0,0.0,0,0.0,0.0,0.0,0.0,0.0,0.0,1.0,183.0,118.0
ASO,0.3273794,0.015151515151515152,0.3369280231721473,0,0.0,0,3.0,1.0,1.0,3.0,1.0,0.0,2.0,5056.0,110.0
ASQ,0.3273794,0.015151515151515152,0.3369280231721473,0,0.0,0,3.0,1.0,1.0,3.0,1.0,0.0,2.0,5056.0,110.0
BYX,0.28575617,0.020202020202020204,0.33661210308171285,0,0.0,0,0.0,0.0,0.0,0.0,0.0,0.0,5.0,272.0,286.0
LO,0.34750015,0.012618296529968454,0.33642901144569226,0,0.0,0,0.0,1.0,0.0,1.0,0.0,0.0,1.0,238.0,5681.0
,0.27016366,0.0220125786163522,0.3359156985140447,0,0.0,0,0.0,0.0,0.0,0.0,0.0,0.0,9.0,900.0,1099.0
FO,0.26975435,0.022058823529411766,0.335888316876748,0,0.0,0,1.0,0.0,0.0,0.0,0.0,0.0,10.0,5075.0,217.0
UT,0.29466817,0.0189873417721519,0.3357332415973084,0,0.0,0,0.0,1.0,0.0,0.0,0.0,0.0,10.0,5745.0,439.0
NV,0.32348812,0.015444015444015444,0.33562289711131094,0,0.0,0,0.0,0.0,0.0,0.0,0.0,0.0,2.0,1270.0,222.0
AKL,0.32149416,0.015665796344647518,0.3354645960635989,0,0.0,0,1.0,1.0,1.0,2.0,1.0,1.0,4.0,8512.0,9750.0
AJW,0.32149416,0.015665796344647518,0.3354645960635989,0,0.0,0,1.0,1.0,1.0,2.0,1.0,1.0,4.0,8512.0,9750.0
QN,0.31146812,0.016891891891891893,0.33545630123164205,0,0.0,0,1.0,0.0,0.0,0.0,0.0,0.0,0.0,1990.0,150.0
ATH,0.377146,0.008849557522123894,0.3354360258684749,0,0.0,0,0.0,0.0,0.0,0.0,0.0,0.0,5.0,385.0,213.0
JO,0.377146,0.008849557522123894,0.3354360258684749,0,0.0,0,0.0,0.0,0.0,0.0,0.0,0.0,5.0,385.0,213.0
CLM,0.29492486,0.01888772298006296,0.3352490483588712,0,0.0,0,3.0,3.0,0.0,0.0,1.0,0.0,10.0,6101.0,6975.0
ASI,0.33573663,0.013888888888888888,0.33522661990589564,0,0.0,0,1.0,1.0,1.0,1.0,0.0,0.0,3.0,8817.0,90.0
ARZ,0.35473228,0.011560693641618497,0.3352054301369397,0,0.0,0,0.0,0.0,0.0,1.0,0.0,0.0,4.0,788.0,297.0
TB,0.27739656,0.02099737532808399,0.3349938249181262,0,0.0,0,1.0,1.0,0.0,0.0,1.0,0.0,6.0,3942.0,164.0
VI,0.26592922,0.022332506203473945,0.33450705950372567,0,0.0,0,2.0,3.0,0.0,0.0,0.0,0.0,3.0,2677.0,5044.0
APF,0.35970354,0.010805500982318271,0.334164064537097,0,0.0,0,2.0,1.0,1.0,1.0,1.0,2.0,3.0,16641.0,20901.0
CLI,0.26730245,0.022113022113022112,0.3341421862638553,0,0.0,0,2.0,0.0,1.0,1.0,1.0,0.0,7.0,5799.0,0.0
APK,0.3214448,0.015479876160990712,0.3341016772177197,0,0.0,0,0.0,1.0,1.0,2.0,1.0,0.0,3.0,2743.0,323.0
AKH,0.33542085,0.013740458015267175,0.3338983111163132,0,0.0,0,3.0,2.0,0.0,1.0,1.0,3.0,0.0,10608.0,11290.0
FL,0.34563354,0.012448132780082987,0.3335985892046537,0,0.0,0,0.0,0.0,0.0,0.0,0.0,0.0,1.0,1548.0,333.0
AYQ,0.3282082,0.014577259475218658,0.33357113000255284,0,0.0,0,2.0,0.0,1.0,0.0,0.0,2.0,7.0,3078.0,3244.0
HV,0.36886474,0.009584664536741214,0.33345808442027425,0,0.0,0,1.0,3.0,0.0,1.0,0.0,1.0,3.0,2269.0,796.0
PN,0.32758343,0.014613778705636743,0.33328741822461744,0,0.0,0,1.0,2.0,0.0,0.0,0.0,0.0,2.0,5645.0,197.0
APE,0.2855345,0.019736842105263157,0.3331166814816625,0,0.0,0,0.0,1.0,0.0,1.0,1.0,0.0,3.0,4521.0,86.0
AOS,0.31311268,0.01633605600933489,0.3329391262425564,0,0.0,0,0.0,2.0,0.0,1.0,1.0,0.0,10.0,11632.0,12429.0
LK,0.3120516,0.01646090534979424,0.3329033832981753,0,0.0,0,0.0,1.0,1.0,0.0,0.0,0.0,2.0,1578.0,1713.0
ATK,0.18419833,0.03211009174311927,0.33289606327857446,0,0.0,0,1.0,1.0,0.0,0.0,0.0,0.0,2.0,919.0,1006.0
AUM,0.28884798,0.01927710843373494,0.33273229632032925,0,0.0,0,0.0,0.0,0.0,0.0,0.0,0.0,5.0,4330.0,4690.0
AMH,0.29893118,0.017948717948717947,0.33206397756552086,0,0.0,0,2.0,1.0,1.0,1.0,1.0,2.0,5.0,7189.0,8697.0
ALK,0.29893115,0.017948717948717947,0.3320639477631985,0,0.0,0,2.0,1.0,1.0,1.0,1.0,2.0,5.0,7189.0,8697.0
RR,0.32206786,0.015105740181268883,0.33198679015715676,0,0.0,0,1.0,1.0,0.0,0.0,0.0,0.0,5.0,3626.0,23.0
PT,0.32206786,0.015105740181268883,0.33198679015715676,0,0.0,0,1.0,1.0,0.0,0.0,0.0,0.0,5.0,3626.0,23.0
ANO,0.29770473,0.018055555555555554,0.3317566147115495,0,0.0,0,2.0,0.0,1.0,1.0,1.0,0.0,3.0,11358.0,88.0
AYR,0.36615604,0.00966183574879227,0.3316518847781103,0,0.0,0,2.0,2.0,0.0,0.0,0.0,0.0,1.0,1181.0,109.0
CA,0.32648182,0.014492753623188406,0.3314707405325295,0,0.0,0,0.0,1.0,0.0,1.0,0.0,0.0,1.0,351.0,2326.0
AXK,0.32648182,0.014492753623188406,0.3314707405325295,0,0.0,0,0.0,1.0,0.0,1.0,0.0,0.0,1.0,351.0,2326.0
AOR,0.27943984,0.020224719101123594,0.3312837668885006,0,0.0,0,0.0,1.0,0.0,1.0,1.0,0.0,5.0,3387.0,3531.0
CMU,0.33893692,0.012903225806451613,0.33100974355974505,0,0.0,0,0.0,1.0,0.0,1.0,0.0,0.0,4.0,1067.0,1161.0
ALH,0.32354265,0.014760147601476014,0.33081482112187743,0,0.0,0,0.0,2.0,0.0,1.0,0.0,0.0,1.0,779.0,82.0
ALV,0.27907664,0.02018348623853211,0.33067536226653177,0,0.0,0,0.0,1.0,0.0,1.0,1.0,0.0,5.0,5864.0,6038.0
ANM,0.2854811,0.01937046004842615,0.330468951761001,0,0.0,0,0.0,0.0,0.0,0.0,1.0,0.0,3.0,4174.0,99.0
TZ,0.30572522,0.016853932584269662,0.3301956760079673,0,0.0,0,1.0,1.0,1.0,0.0,0.0,0.0,4.0,5400.0,65.0
AKP,0.30387598,0.017069701280227598,0.330120454107545,0,0.0,0,1.0,1.0,1.0,1.0,0.0,0.0,2.0,7238.0,83.0
EW,0.34676751,0.011811023622047244,0.3300606471816386,0,0.0,0,0.0,0.0,0.0,0.0,0.0,0.0,10.0,3843.0,129.0
AQH,0.27761245,0.020172910662824207,0.3293277612165346,0,0.0,0,1.0,1.0,1.0,1.0,1.0,1.0,4.0,4787.0,5086.0
BTC,0.3498924,0.011299435028248588,0.329144194200214,0,0.0,0,8.0,5.0,4.0,2.0,1.0,4.0,4.0,6787.0,4598.0
BAN,0.36403096,0.009554140127388535,0.3290403363431335,0,0.0,0,0.0,0.0,0.0,0.0,0.0,0.0,3.0,2475.0,281.0
AKN,0.33573663,0.013015184381778741,0.3290233179054136,0,0.0,0,1.0,1.0,1.0,1.0,0.0,1.0,3.0,8336.0,12959.0
CKV,0.29934496,0.017391304347826087,0.32846596562344094,0,0.0,0,0.0,1.0,0.0,1.0,0.0,0.0,1.0,1012.0,2261.0
FR,0.337721,0.012684989429175475,0.3284035047315392,0,0.0,0,1.0,1.0,0.0,1.0,0.0,0.0,10.0,8970.0,288.0
BEB,0.34329095,0.011976047904191617,0.32821087073423194,0,0.0,0,0.0,0.0,0.0,1.0,0.0,0.0,2.0,1303.0,0.0
AOO,0.34351492,0.011904761904761904,0.327899379105795,0,0.0,0,0.0,0.0,0.0,1.0,0.0,0.0,3.0,1637.0,35.0
ARF,0.26881605,0.02097902097902098,0.32740623782147893,0,0.0,0,1.0,1.0,1.0,2.0,0.0,0.0,2.0,6190.0,228.0
CKW,0.31137305,0.015748031496062992,0.32725228038359816,0,0.0,0,0.0,1.0,0.0,1.0,0.0,0.0,10.0,4612.0,88.0
KW,0.30895373,0.016042780748663103,0.32724235682563985,0,0.0,0,3.0,3.0,0.0,1.0,0.0,3.0,10.0,971.0,1072.0
AA,0.35017717,0.01098901098901099,0.3271876620067345,0,0.0,0,0.0,0.0,0.0,0.0,0.0,0.0,5.0,1351.0,0.0
AVF,0.4398769,0.0,0.32712322473526,0,0.0,0,0.0,0.0,0.0,0.0,0.0,0.0,2.0,266.0,0.0
ASM,0.28974497,0.018376722817764167,0.3271191275959541,0,0.0,0,1.0,0.0,0.0,1.0,1.0,0.0,3.0,8263.0,264.0
BDW,0.34838098,0.011194029850746268,0.3270822502783875,0,0.0,0,1.0,1.0,0.0,0.0,0.0,0.0,4.0,2205.0,128.0
BBT,0.31318137,0.015486725663716814,0.32696860464273303,0,0.0,0,2.0,1.0,0.0,1.0,0.0,0.0,10.0,19377.0,99.0
BG,0.3010456,0.01694915254237288,0.32680470418121854,0,0.0,0,1.0,0.0,0.0,0.0,0.0,0.0,4.0,2281.0,0.0
AXV,0.30500048,0.01639344262295082,0.3262963251989396,0,0.0,0,1.0,1.0,0.0,1.0,0.0,1.0,7.0,17099.0,18256.0
CU,0.3079932,0.016025641025641024,0.32628590174210376,0,0.0,0,1.0,1.0,0.0,1.0,1.0,0.0,10.0,10255.0,172.0
CV,0.3079932,0.016025641025641024,0.32628590174210376,0,0.0,0,1.0,1.0,0.0,1.0,1.0,0.0,10.0,10255.0,172.0
OQ,0.3475661,0.0111731843575419,0.32622602488741526,0,0.0,0,0.0,1.0,0.0,0.0,0.0,0.0,0.0,4229.0,164.0
CGG,0.3440129,0.011594202898550725,0.32612716968508737,0,0.0,0,0.0,1.0,0.0,0.0,0.0,0.0,10.0,5015.0,5881.0
ABV,0.31289148,0.015348288075560802,0.3257337489333597,0,0.0,0,13.0,6.0,7.0,5.0,1.0,13.0,8.0,19183.0,19268.0
JI,0.24957709,0.02304147465437788,0.32532918515018605,0,0.0,0,0.0,0.0,0.0,0.0,0.0,0.0,8.0,5334.0,231.0
BDC,0.32511353,0.013793103448275862,0.32531405202273667,0,0.0,0,2.0,1.0,0.0,1.0,0.0,1.0,2.0,375.0,947.0
APH,0.30280703,0.016519823788546256,0.32528732592313825,0,0.0,0,2.0,1.0,1.0,2.0,1.0,0.0,4.0,15770.0,240.0
BNX,0.33932182,0.012048192771084338,0.32527354007743925,0,0.0,0,0.0,0.0,0.0,0.0,0.0,0.0,0.0,0.0,0.0
BPW,0.33932182,0.012048192771084338,0.32527354007743925,0,0.0,0,0.0,0.0,0.0,0.0,0.0,0.0,0.0,0.0,0.0
SL,0.36199847,0.009259259259259259,0.3251802389268522,0,0.0,0,1.0,1.0,0.0,0.0,0.0,0.0,4.0,5364.0,272.0
ANK,0.26345158,0.02130681818181818,0.3250713673504916,0,0.0,0,2.0,1.0,1.0,2.0,1.0,0.0,5.0,12294.0,79.0
AJQ,0.35400653,0.01020408163265306,0.3249427485222719,0,0.0,0,0.0,0.0,0.0,1.0,0.0,0.0,5.0,3305.0,110.0
ASR,0.2841735,0.018711018711018712,0.3246504812069594,0,0.0,0,1.0,1.0,0.0,0.0,0.0,1.0,8.0,5113.0,5157.0
ASP,0.2841735,0.018711018711018712,0.3246504812069594,0,0.0,0,1.0,1.0,0.0,0.0,0.0,1.0,8.0,5113.0,5157.0
AHX,0.31676418,0.014649190439475714,0.32413588099601,0,0.0,0,5.0,3.0,1.0,3.0,1.0,5.0,9.0,19147.0,21723.0
TY,0.3066535,0.015873015873015872,0.3240379162251003,0,0.0,0,0.0,1.0,0.0,0.0,0.0,0.0,4.0,4968.0,113.0
PV,0.29757962,0.016971279373368148,0.32394953494594864,0,0.0,0,2.0,1.0,2.0,0.0,0.0,0.0,7.0,15343.0,41.0
AIE,0.25315282,0.022357723577235773,0.32358220457061515,0,0.0,0,1.0,1.0,0.0,0.0,1.0,1.0,0.0,5492.0,6712.0
ANW,0.30995044,0.015345268542199489,0.3231562544622689,0,0.0,0,2.0,0.0,1.0,2.0,1.0,0.0,6.0,4228.0,84.0
AII,0.30592766,0.015815085158150853,0.32299578239157833,0,0.0,0,2.0,1.0,2.0,1.0,0.0,2.0,1.0,2403.0,6371.0
ASD,0.30255008,0.016166281755196306,0.3225538388823802,0,0.0,0,0.0,1.0,0.0,0.0,1.0,0.0,8.0,4513.0,111.0
BGB,0.22998412,0.025,0.3222065770626068,0,0.0,0,5.0,1.0,1.0,3.0,0.0,1.0,0.0,0.0,348.0
APB,0.2871886,0.017973856209150325,0.3220370413431155,0,0.0,0,2.0,2.0,1.0,1.0,1.0,0.0,10.0,8167.0,147.0
ASB,0.26559633,0.020602218700475437,0.3219326972866965,0,0.0,0,1.0,1.0,1.0,1.0,1.0,0.0,4.0,4323.0,98.0
ALJ,0.31383622,0.014625228519195612,0.3214210800649479,0,0.0,0,3.0,2.0,0.0,1.0,1.0,0.0,4.0,4585.0,4950.0
OF,0.3007001,0.016216216216216217,0.3213005680651278,0,0.0,0,3.0,1.0,0.0,1.0,1.0,3.0,4.0,6105.0,6252.0
HZ,0.23365547,0.024390243902439025,0.3210680497128789,0,0.0,0,0.0,0.0,0.0,0.0,0.0,0.0,3.0,424.0,24.0
RO,0.34022313,0.011320754716981131,0.3208920541349447,0,0.0,0,0.0,0.0,0.0,0.0,0.0,0.0,5.0,2388.0,121.0
BZM,0.1319111,0.03680981595092025,0.3208215575048163,0,0.0,0,0.0,0.0,1.0,0.0,0.0,0.0,10.0,1782.0,1986.0
AP,0.29732874,0.01652892561983471,0.32059078950527287,0,0.0,0,0.0,0.0,0.0,0.0,1.0,0.0,1.0,894.0,1213.0
AT,0.29732874,0.01652892561983471,0.32059078950527287,0,0.0,0,0.0,0.0,0.0,0.0,1.0,0.0,1.0,894.0,1213.0
ATM,0.29705262,0.016544117647058824,0.3204586845986983,0,0.0,0,1.0,0.0,1.0,0.0,0.0,1.0,0.0,542.0,6427.0
BWU,0.32603896,0.012987012987012988,0.32039508502204694,0,0.0,0,0.0,1.0,0.0,0.0,0.0,0.0,6.0,288.0,43.0
AND,0.29165903,0.017167381974248927,0.32019631363803225,0,0.0,0,0.0,1.0,0.0,0.0,0.0,0.0,1.0,4024.0,185.0
LB,0.32416785,0.013157894736842105,0.3199821817247491,0,0.0,0,3.0,2.0,0.0,0.0,0.0,0.0,1.0,3191.0,232.0
BZ,0.32043585,0.013605442176870748,0.3199163221988548,0,0.0,0,0.0,0.0,0.0,0.0,0.0,0.0,4.0,2256.0,2380.0
CLD,0.31590456,0.014150943396226415,0.31985124237132523,0,0.0,0,1.0,0.0,0.0,0.0,1.0,0.0,10.0,2376.0,0.0
CKE,0.25447887,0.021660649819494584,0.3197854366973849,0,0.0,0,1.0,2.0,0.0,1.0,0.0,0.0,7.0,2489.0,151.0
ASS,0.28756118,0.017595307917888565,0.3196731656090605,0,0.0,0,2.0,2.0,2.0,2.0,1.0,2.0,8.0,7279.0,7705.0
AES,0.33111402,0.012254901960784314,0.31960781064687993,0,0.0,0,10.0,5.0,5.0,2.0,1.0,3.0,1.0,4439.0,86.0
APP,0.28427464,0.017964071856287425,0.3194350753894109,0,0.0,0,4.0,4.0,0.0,2.0,0.0,0.0,0.0,5714.0,93.0
JE,0.27139902,0.01953125,0.31937190890312195,0,0.0,0,0.0,1.0,0.0,0.0,0.0,0.0,1.0,49.0,2455.0
SM,0.33029824,0.012295081967213115,0.31918412124524354,0,0.0,0,0.0,1.0,0.0,1.0,0.0,0.0,3.0,2776.0,0.0
OK,0.34304935,0.01073345259391771,0.3191784568677435,0,0.0,0,2.0,1.0,0.0,0.0,0.0,0.0,9.0,6430.0,0.0
AMO,0.30313084,0.015594541910331383,0.3189992181157973,0,0.0,0,0.0,1.0,0.0,1.0,1.0,0.0,2.0,4649.0,84.0
QM,0.3085814,0.014925373134328358,0.31898519894969996,0,0.0,0,0.0,1.0,0.0,0.0,0.0,0.0,2.0,3767.0,417.0
ABT,0.33111402,0.012165450121654502,0.31897270258905824,0,0.0,0,10.0,5.0,5.0,2.0,1.0,3.0,1.0,4439.0,111.0
BUR,0.22240841,0.025466893039049237,0.31893751407216075,0,0.0,0,6.0,3.0,3.0,3.0,1.0,6.0,5.0,7391.0,9029.0
BBU,0.31318137,0.014317180616740088,0.31866483480919827,0,0.0,0,2.0,1.0,0.0,1.0,0.0,0.0,10.0,19550.0,101.0
CJS,0.27418405,0.019083969465648856,0.3186166723265903,0,0.0,0,1.0,2.0,1.0,2.0,1.0,1.0,4.0,3462.0,767.0
ARV,0.31256327,0.014373716632443531,0.3185290536596545,0,0.0,0,0.0,1.0,0.0,1.0,0.0,0.0,1.0,1228.0,5258.0
CLY,0.31543463,0.014,0.3183711332321167,0,0.0,0,2.0,3.0,0.0,2.0,1.0,0.0,5.0,3319.0,3466.0
BWT,0.24619721,0.02247191011235955,0.3183478407980351,0,0.0,0,0.0,1.0,0.0,0.0,0.0,0.0,10.0,744.0,0.0
CKS,0.32486886,0.012834224598930482,0.31829337262214824,0,0.0,0,1.0,1.0,1.0,1.0,1.0,0.0,4.0,7204.0,121.0
ACH,0.28263152,0.01800327332242226,0.31828538281827823,0,0.0,0,9.0,4.0,5.0,3.0,1.0,9.0,2.0,5689.0,6752.0
LW,0.32423878,0.012903225806451613,0.3182356635216744,0,0.0,0,0.0,0.0,0.0,0.0,0.0,0.0,1.0,229.0,716.0
AJM,0.27308416,0.019148936170212766,0.3181220264384087,0,0.0,0,1.0,2.0,1.0,1.0,0.0,1.0,0.0,342.0,12076.0
UR,0.34774995,0.009950248756218905,0.31770298217066484,0,0.0,0,1.0,1.0,1.0,0.0,0.0,0.0,4.0,5608.0,237.0
CNV,0.29262245,0.016648168701442843,0.3173471956485914,0,0.0,0,2.0,1.0,1.0,1.0,1.0,0.0,8.0,15783.0,101.0
AMY,0.29766625,0.015957446808510637,0.31682660440181165,0,0.0,0,1.0,1.0,1.0,1.0,1.0,0.0,2.0,5334.0,169.0
CKL,0.2964657,0.0160857908847185,0.31669446803609425,0,0.0,0,1.0,2.0,0.0,1.0,1.0,0.0,7.0,2219.0,116.0
JB,0.29350966,0.01643835616438356,0.3166286021226073,0,0.0,0,1.0,0.0,0.0,0.0,0.0,0.0,3.0,2422.0,112.0
AUV,0.30626163,0.01485148514851485,0.31644446714089647,0,0.0,0,0.0,0.0,0.0,0.0,0.0,0.0,3.0,1939.0,0.0
CFZ,0.35348046,0.00904977375565611,0.3162899651678439,0,0.0,0,0.0,0.0,0.0,0.0,0.0,0.0,6.0,2286.0,80.0
AN,0.29989702,0.01557632398753894,0.31605939265352173,0,0.0,0,0.0,1.0,0.0,0.0,0.0,0.0,2.0,3203.0,328.0
ASK,0.26526862,0.019801980198019802,0.3159661980253635,0,0.0,0,0.0,1.0,0.0,2.0,1.0,0.0,5.0,6783.0,138.0
AYB,0.30500048,0.01486988847583643,0.3154790907544274,0,0.0,0,2.0,2.0,0.0,1.0,0.0,0.0,7.0,17353.0,84.0
CNR,0.2522837,0.021321961620469083,0.31547293991549435,0,0.0,0,2.0,1.0,1.0,2.0,1.0,2.0,10.0,6351.0,6713.0
KT,0.3470745,0.009708737864077669,0.31540120869006927,0,0.0,0,1.0,1.0,0.0,0.0,0.0,0.0,4.0,1973.0,0.0
AJG,0.29174846,0.01643192488262911,0.3150522927443187,0,0.0,0,4.0,5.0,0.0,2.0,1.0,0.0,5.0,6799.0,7098.0
AOU,0.30831695,0.014326647564469915,0.31450441189345113,0,0.0,0,0.0,2.0,0.0,0.0,0.0,0.0,1.0,268.0,1947.0
AMR,0.30831695,0.014326647564469915,0.31450441189345113,0,0.0,0,0.0,2.0,0.0,0.0,0.0,0.0,1.0,268.0,1947.0
AHN,0.30189896,0.015089163237311385,0.3143404109078997,0,0.0,0,12.0,6.0,6.0,1.0,1.0,12.0,2.0,9227.0,10848.0
ZC,0.30189896,0.015089163237311385,0.3143404109078997,0,0.0,0,12.0,6.0,6.0,1.0,1.0,12.0,2.0,9227.0,10848.0
WY,0.30189896,0.015089163237311385,0.3143404109078997,0,0.0,0,12.0,6.0,6.0,1.0,1.0,12.0,2.0,9227.0,10848.0
ATF,0.3615349,0.007751937984496124,0.3140753900819971,0,0.0,0,1.0,1.0,0.0,0.0,0.0,0.0,1.0,503.0,143.0
BZH,0.25104415,0.02127659574468085,0.3140735627488887,0,0.0,0,0.0,1.0,0.0,0.0,0.0,0.0,9.0,729.0,855.0
AQQ,0.309855,0.014044943820224719,0.3138410388753655,0,0.0,0,1.0,3.0,0.0,1.0,1.0,0.0,8.0,4266.0,276.0
AHR,0.309855,0.014044943820224719,0.3138410388753655,0,0.0,0,1.0,3.0,0.0,1.0,1.0,0.0,8.0,4266.0,276.0
BBI,0.32981148,0.011583011583011582,0.31370537755111927,0,0.0,0,0.0,1.0,0.0,1.0,0.0,0.0,4.0,2203.0,202.0
RT,0.31590462,0.01327433628318584,0.3136273914733819,0,0.0,0,2.0,0.0,0.0,0.0,0.0,2.0,0.0,1002.0,251.0
CKN,0.3028343,0.014792899408284023,0.3130498556695746,0,0.0,0,1.0,1.0,1.0,1.0,1.0,1.0,4.0,3091.0,15323.0
ANY,0.30504864,0.014492753623188406,0.31284327576125875,0,0.0,0,0.0,1.0,0.0,0.0,1.0,0.0,2.0,1711.0,250.0
AIU,0.26526862,0.01935483870967742,0.3127914934581326,0,0.0,0,0.0,1.0,0.0,3.0,1.0,0.0,5.0,6683.0,387.0
BZT,0.36319605,0.007352941176470588,0.3126861968461205,0,0.0,0,0.0,1.0,1.0,0.0,0.0,0.0,10.0,1449.0,0.0
QE,0.28137606,0.01730103806228374,0.3122084047451976,0,0.0,0,4.0,4.0,0.0,0.0,0.0,0.0,0.0,2051.0,143.0
BZF,0.35835558,0.007874015748031496,0.312179019882923,0,0.0,0,0.0,1.0,0.0,0.0,0.0,0.0,2.0,676.0,152.0
AKV,0.28641146,0.016666666666666666,0.3120806004603704,0,0.0,0,0.0,1.0,0.0,1.0,1.0,0.0,3.0,4494.0,4817.0
CMB,0.30201125,0.014736842105263158,0.311936533476177,0,0.0,0,1.0,1.0,0.0,0.0,0.0,0.0,4.0,4702.0,107.0
LF,0.2641973,0.01935483870967742,0.31186040930209624,0,0.0,0,1.0,1.0,1.0,0.0,0.0,0.0,1.0,6668.0,39.0
CLC,0.26895958,0.01876675603217158,0.31182390922036307,0,0.0,0,0.0,1.0,0.0,1.0,0.0,0.0,4.0,2567.0,2792.0
CN,0.33684963,0.010452961672473868,0.31179883064708647,0,0.0,0,1.0,1.0,1.0,0.0,0.0,0.0,10.0,5385.0,0.0
AIO,0.26158062,0.019659239842726082,0.31174751663114264,0,0.0,0,5.0,4.0,1.0,2.0,1.0,0.0,3.0,5807.0,98.0
UC,0.30179352,0.014732965009208104,0.3117197613470243,0,0.0,0,0.0,1.0,0.0,0.0,0.0,0.0,0.0,1431.0,111.0
BWB,0.27812055,0.01762114537444934,0.3116518086798916,0,0.0,0,2.0,1.0,1.0,1.0,1.0,2.0,3.0,1127.0,17187.0
AYD,0.31190056,0.01348314606741573,0.3116300429654925,0,0.0,0,2.0,1.0,0.0,1.0,0.0,0.0,0.0,3840.0,168.0
SD,0.27450162,0.018030513176144243,0.31141313197874,0,0.0,0,4.0,2.0,2.0,0.0,1.0,1.0,10.0,14728.0,413.0
JW,0.30849898,0.013856812933025405,0.311326776737429,0,0.0,0,1.0,1.0,0.0,0.0,0.0,1.0,8.0,4916.0,5366.0
UX,0.29696563,0.015267175572519083,0.31131678737756857,0,0.0,0,0.0,1.0,0.0,0.0,0.0,0.0,2.0,5559.0,5852.0
AMG,0.23163787,0.02321083172147002,0.3109407439856742,0,0.0,0,1.0,0.0,0.0,1.0,0.0,0.0,4.0,4692.0,508.0
SB,0.3394941,0.01,0.31088109827041627,0,0.0,0,0.0,1.0,0.0,0.0,0.0,0.0,3.0,2625.0,49.0
BCZ,0.3472199,0.00904977375565611,0.3108489551695224,0,0.0,0,0.0,0.0,0.0,0.0,0.0,0.0,4.0,1015.0,221.0
APL,0.25791296,0.019886363636363636,0.31017255837267094,0,0.0,0,1.0,1.0,1.0,1.0,1.0,1.0,4.0,4764.0,5116.0
APM,0.30178452,0.014516129032258065,0.3101724177022134,0,0.0,0,1.0,0.0,1.0,1.0,1.0,1.0,4.0,7036.0,7564.0
AZJ,0.37912053,0.005025125628140704,0.30999857714427775,0,0.0,0,0.0,1.0,0.0,0.0,0.0,0.0,6.0,2005.0,217.0
BCK,0.31830996,0.012422360248447204,0.30966884553062246,0,0.0,0,1.0,0.0,0.0,0.0,0.0,0.0,0.0,654.0,470.0
SW,0.30973315,0.013468013468013467,0.30963891592089976,0,0.0,0,1.0,4.0,0.0,2.0,0.0,0.0,1.0,2252.0,2472.0
AQM,0.28222227,0.016830294530154277,0.3096015575766396,0,0.0,0,3.0,1.0,2.0,1.0,1.0,3.0,2.0,4881.0,4952.0
BVU,0.29541063,0.015209125475285171,0.309553185773893,0,0.0,0,7.0,6.0,1.0,3.0,1.0,5.0,10.0,11492.0,13666.0
ASJ,0.26568195,0.01884057971014493,0.309499476854352,0,0.0,0,1.0,1.0,2.0,2.0,1.0,1.0,6.0,4780.0,5012.0
KV,0.28305745,0.016666666666666666,0.3091656502087911,0,0.0,0,3.0,6.0,0.0,1.0,0.0,0.0,2.0,747.0,35.0
BYB,0.24401793,0.0213903743315508,0.30877493956191016,0,0.0,0,0.0,0.0,0.0,0.0,0.0,0.0,7.0,1060.0,749.0
MC,0.29979593,0.014553014553014554,0.3087060384219996,0,0.0,0,0.0,1.0,0.0,0.0,1.0,0.0,10.0,2146.0,151.0
CJW,0.26181197,0.019169329073482427,0.3084702264386625,0,0.0,0,1.0,0.0,0.0,1.0,1.0,0.0,8.0,2901.0,98.0
PH,0.316165,0.0125,0.3083558928966522,0,0.0,0,0.0,1.0,0.0,0.0,0.0,0.0,2.0,4389.0,5155.0
MN,0.2844658,0.016366612111292964,0.30825924424610046,0,0.0,0,1.0,1.0,1.0,0.0,0.0,0.0,8.0,9421.0,0.0
AIF,0.2837808,0.01639344262295082,0.3078544245880158,0,0.0,0,4.0,4.0,0.0,3.0,1.0,4.0,3.0,11341.0,13256.0
FN,0.3480773,0.00851063829787234,0.3077662408859172,0,0.0,0,1.0,0.0,0.0,0.0,0.0,0.0,7.0,5059.0,175.0
NO,0.35052198,0.00819672131147541,0.30766209745016254,0,0.0,0,0.0,0.0,0.0,0.0,0.0,0.0,3.0,2897.0,0.0
BI,0.24579665,0.02100840336134454,0.30760882193801786,0,0.0,0,0.0,1.0,0.0,0.0,0.0,0.0,2.0,2245.0,235.0
VJ,0.31091648,0.013020833333333334,0.3074923555056254,0,0.0,0,0.0,1.0,0.0,0.0,0.0,0.0,2.0,1414.0,1258.0
UV,0.32122684,0.011730205278592375,0.3072895605892729,0,0.0,0,0.0,1.0,0.0,0.0,0.0,0.0,3.0,3176.0,912.0
ANH,0.22393382,0.023622047244094488,0.3071648205359151,0,0.0,0,2.0,1.0,2.0,1.0,1.0,2.0,3.0,7609.0,10094.0
SG,0.3042872,0.013729977116704805,0.3067658019966064,0,0.0,0,0.0,1.0,0.0,0.0,0.0,0.0,4.0,4686.0,4857.0
UU,0.3262844,0.011029411764705883,0.30670944136731765,0,0.0,0,1.0,1.0,0.0,2.0,0.0,0.0,6.0,5344.0,111.0
NQ,0.31629962,0.012232415902140673,0.3065730497195451,0,0.0,0,1.0,1.0,0.0,1.0,0.0,0.0,3.0,2956.0,103.0
ML,0.25508237,0.019656019656019656,0.30607706850957517,0,0.0,0,1.0,0.0,0.0,0.0,0.0,0.0,1.0,3381.0,99.0
KO,0.2897063,0.015384615384615385,0.3058415478009444,0,0.0,0,0.0,0.0,1.0,0.0,0.0,0.0,2.0,2716.0,71.0
APW,0.25713807,0.01936619718309859,0.30580593347549434,0,0.0,0,0.0,1.0,1.0,1.0,1.0,0.0,3.0,5001.0,5353.0
AZA,0.3028648,0.013748854262144821,0.305663629396589,0,0.0,0,3.0,1.0,1.0,0.0,1.0,0.0,10.0,26915.0,217.0
BQK,0.3281775,0.010638297872340425,0.30557782954358037,0,0.0,0,0.0,0.0,0.0,1.0,0.0,0.0,0.0,0.0,247.0
ARQ,0.28571796,0.015822784810126583,0.305486317110967,0,0.0,0,2.0,1.0,1.0,3.0,1.0,0.0,2.0,6050.0,1607.0
AIH,0.349909,0.007936507936507936,0.30528183617289106,0,0.0,0,0.0,1.0,0.0,1.0,0.0,0.0,0.0,36.0,205.0
AMS,0.3478422,0.008130081300813009,0.3048599316821835,0,0.0,0,0.0,1.0,0.0,2.0,0.0,0.0,1.0,403.0,98.0
CFK,0.29383722,0.014705882352941176,0.3046127098448136,0,0.0,0,0.0,1.0,0.0,0.0,0.0,0.0,4.0,729.0,131.0
CJH,0.29383722,0.014705882352941176,0.3046127098448136,0,0.0,0,0.0,1.0,0.0,0.0,0.0,0.0,4.0,729.0,131.0
CKH,0.3531105,0.007444168734491315,0.304568632261333,0,0.0,0,0.0,3.0,0.0,1.0,1.0,0.0,3.0,2609.0,1210.0
AQV,0.28745395,0.015479876160990712,0.3045604082729794,0,0.0,0,3.0,4.0,0.0,3.0,0.0,0.0,2.0,4092.0,4763.0
AOX,0.2844183,0.01585014409221902,0.3045510599953297,0,0.0,0,0.0,1.0,0.0,2.0,1.0,0.0,5.0,6660.0,103.0
UW,0.26684248,0.017994858611825194,0.30450347195400984,0,0.0,0,0.0,1.0,0.0,0.0,0.0,0.0,2.0,3826.0,313.0
CNS,0.3269352,0.010610079575596816,0.30429780110123933,0,0.0,0,2.0,2.0,0.0,1.0,0.0,0.0,10.0,3185.0,96.0
ARH,0.2336965,0.02197802197802198,0.30397694742941594,0,0.0,0,0.0,0.0,0.0,1.0,1.0,0.0,0.0,3435.0,99.0
NB,0.30964994,0.012618296529968454,0.3035335954243452,0,0.0,0,1.0,1.0,0.0,0.0,0.0,0.0,1.0,3235.0,562.0
EC,0.2879849,0.015254237288135594,0.303419816534398,0,0.0,0,1.0,2.0,1.0,1.0,0.0,0.0,10.0,8887.0,715.0
ANB,0.3002193,0.0136986301369863,0.30300784854039753,0,0.0,0,0.0,0.0,0.0,2.0,1.0,0.0,2.0,3558.0,158.0
FM,0.26795584,0.01764705882352941,0.30300170035923224,0,0.0,0,1.0,0.0,0.0,1.0,0.0,1.0,1.0,3434.0,3726.0
UL,0.31068766,0.012396694214876033,0.3028620968672855,0,0.0,0,1.0,0.0,0.0,0.0,0.0,1.0,3.0,2192.0,2346.0
BZW,0.41138095,0.0,0.30235755443573,0,0.0,0,0.0,0.0,0.0,0.0,0.0,0.0,2.0,205.0,0.0
AOV,0.30410337,0.013100436681222707,0.3021362946543631,0,0.0,0,1.0,2.0,1.0,1.0,1.0,0.0,4.0,7975.0,492.0
AJN,0.27626222,0.01644736842105263,0.30170292995477976,0,0.0,0,3.0,5.0,0.0,1.0,0.0,1.0,1.0,777.0,1327.0
AHT,0.35049114,0.007352941176470588,0.30164443640147937,0,0.0,0,0.0,0.0,0.0,0.0,1.0,0.0,2.0,2160.0,249.0
AZS,0.35049114,0.007352941176470588,0.30164443640147937,0,0.0,0,0.0,0.0,0.0,0.0,1.0,0.0,2.0,2160.0,249.0
AHU,0.35049114,0.007352941176470588,0.30164443640147937,0,0.0,0,0.0,0.0,0.0,0.0,1.0,0.0,2.0,2160.0,249.0
ALQ,0.30062133,0.013440860215053764,0.3015270845223499,0,0.0,0,1.0,1.0,0.0,1.0,1.0,0.0,2.0,4976.0,0.0
AQC,0.26027966,0.018304431599229287,0.30099772269440983,0,0.0,0,6.0,4.0,1.0,2.0,1.0,0.0,10.0,16636.0,104.0
BDV,0.31240565,0.011904761904761904,0.3008624738170987,0,0.0,0,2.0,2.0,0.0,0.0,0.0,0.0,3.0,2602.0,0.0
SR,0.33365288,0.009216589861751152,0.30024229908868466,0,0.0,0,0.0,0.0,0.0,0.0,0.0,0.0,0.0,2633.0,0.0
BYC,0.22838011,0.022026431718061675,0.29970020882883786,0,0.0,0,0.0,0.0,0.0,0.0,0.0,0.0,10.0,7894.0,0.0
CMD,0.26593658,0.017429193899782137,0.299699934745666,0,0.0,0,1.0,1.0,1.0,2.0,0.0,1.0,4.0,3898.0,3992.0
IK,0.26506788,0.017482517482517484,0.29932354995003946,0,0.0,0,0.0,0.0,0.0,0.0,0.0,0.0,8.0,4294.0,66.0
AKQ,0.24769305,0.0196078431372549,0.2993129872808269,0,0.0,0,1.0,1.0,1.0,1.0,1.0,1.0,5.0,5983.0,6282.0
AIM,0.2979574,0.013445378151260505,0.2992439386524072,0,0.0,0,0.0,1.0,0.0,1.0,1.0,0.0,5.0,5605.0,5652.0
KQ,0.32039678,0.010657193605683837,0.2989497826959058,0,0.0,0,0.0,1.0,0.0,0.0,0.0,0.0,4.0,6969.0,105.0
APO,0.33890176,0.008333333333333333,0.29853295962015786,0,0.0,0,1.0,0.0,1.0,0.0,0.0,0.0,1.0,2526.0,0.0
WB,0.32182008,0.010416666666666666,0.29847904642422995,0,0.0,0,1.0,0.0,0.0,0.0,0.0,0.0,6.0,3196.0,147.0
BXK,0.26925942,0.01680672268907563,0.2981682490901787,0,0.0,0,0.0,1.0,0.0,0.0,0.0,0.0,8.0,727.0,0.0
BXN,0.23733655,0.020689655172413793,0.2979930745322129,0,0.0,0,0.0,1.0,0.0,0.0,0.0,0.0,10.0,1332.0,0.0
SV,0.25377837,0.018666666666666668,0.2979193544705709,0,0.0,0,1.0,0.0,0.0,1.0,0.0,0.0,8.0,4606.0,71.0
APQ,0.28596848,0.014705882352941176,0.2977740454323151,0,0.0,0,0.0,1.0,0.0,1.0,0.0,0.0,3.0,3873.0,177.0
AXF,0.30338746,0.012552301255230125,0.2976223500453279,0,0.0,0,1.0,0.0,0.0,1.0,0.0,1.0,1.0,3794.0,4731.0
AXE,0.30338746,0.012552301255230125,0.2976223500453279,0,0.0,0,1.0,0.0,0.0,1.0,0.0,1.0,1.0,3794.0,4731.0
ALS,0.32281512,0.010169491525423728,0.2975888769101288,0,0.0,0,1.0,0.0,1.0,1.0,1.0,0.0,2.0,2900.0,218.0
AXZ,0.3263064,0.00964630225080386,0.2969084969095862,0,0.0,0,0.0,1.0,0.0,0.0,0.0,0.0,1.0,2154.0,136.0
BSS,0.2607447,0.017543859649122806,0.29600182604371456,0,0.0,0,0.0,0.0,0.0,0.0,0.0,0.0,0.0,0.0,48.0
BOV,0.26074457,0.017543859649122806,0.2960017217355862,0,0.0,0,0.0,0.0,0.0,0.0,0.0,0.0,0.0,0.0,48.0
AXH,0.30603468,0.012,0.29600169081687927,0,0.0,0,0.0,0.0,0.0,0.0,0.0,0.0,1.0,1051.0,1181.0
CNC,0.3115511,0.011320754716981131,0.29597334890995386,0,0.0,0,0.0,1.0,0.0,2.0,0.0,0.0,2.0,1867.0,2798.0
AMI,0.2655348,0.01675977653631285,0.29459787765361745,0,0.0,0,0.0,0.0,0.0,1.0,1.0,0.0,5.0,8369.0,764.0
BDT,0.2781513,0.015209125475285171,0.29455320007900776,0,0.0,0,0.0,1.0,0.0,0.0,0.0,0.0,2.0,2200.0,259.0
AQD,0.25255573,0.01832208293153327,0.2944102230475517,0,0.0,0,6.0,4.0,1.0,2.0,1.0,0.0,10.0,16782.0,106.0
BXQ,0.24460675,0.019230769230769232,0.29395347902408014,0,0.0,0,0.0,0.0,0.0,0.0,0.0,0.0,10.0,488.0,0.0
BDB,0.31678584,0.010309278350515464,0.2933413402321412,0,0.0,0,1.0,1.0,0.0,0.0,0.0,0.0,1.0,1715.0,205.0
TL,0.31232768,0.01084010840108401,0.29323569326219845,0,0.0,0,0.0,1.0,0.0,0.0,0.0,0.0,2.0,5253.0,0.0
AOW,0.22432126,0.021604938271604937,0.2931800832718978,0,0.0,0,2.0,1.0,1.0,1.0,1.0,2.0,1.0,1209.0,6660.0
AMZ,0.2386761,0.019823788546255508,0.2930096343094032,0,0.0,0,0.0,1.0,0.0,2.0,1.0,0.0,2.0,3669.0,3868.0
MO,0.25328964,0.017902813299232736,0.2920712528631205,0,0.0,0,1.0,0.0,0.0,0.0,0.0,0.0,1.0,5067.0,106.0
AMP,0.25891328,0.01718213058419244,0.2918418821497881,0,0.0,0,1.0,1.0,1.0,1.0,0.0,1.0,1.0,1207.0,4413.0
AOQ,0.3091667,0.011002444987775062,0.2916410751476847,0,0.0,0,2.0,1.0,1.0,1.0,1.0,2.0,2.0,5408.0,5818.0
CLG,0.17160176,0.027777777777777776,0.2911890192164315,0,0.0,0,1.0,1.0,0.0,0.0,0.0,0.0,10.0,2559.0,419.0
AFH,0.26232138,0.016666666666666666,0.291144051750501,0,0.0,0,0.0,1.0,0.0,0.0,1.0,0.0,1.0,59.0,0.0
ASE,0.3042904,0.011494252873563218,0.2908949612886056,0,0.0,0,0.0,0.0,0.0,1.0,1.0,0.0,3.0,2640.0,2707.0
MM,0.3007193,0.011904761904761904,0.2907059317543393,0,0.0,0,1.0,1.0,0.0,0.0,0.0,0.0,5.0,4335.0,4606.0
ALA,0.24164432,0.01904761904761905,0.29007849009264086,0,0.0,0,1.0,1.0,1.0,1.0,0.0,0.0,3.0,4345.0,98.0
BTX,0.22666554,0.020876826722338204,0.29004788233865525,0,0.0,0,5.0,5.0,1.0,1.0,1.0,5.0,10.0,6438.0,6716.0
PY,0.3036245,0.011450381679389313,0.29000474451152425,0,0.0,0,0.0,0.0,0.0,1.0,0.0,0.0,4.0,2432.0,137.0
AJF,0.24164432,0.018957345971563982,0.28943755125264986,0,0.0,0,1.0,1.0,1.0,1.0,0.0,0.0,3.0,4345.0,98.0
BW,0.32260787,0.009009009009009009,0.2891693258070731,0,0.0,0,0.0,1.0,0.0,0.0,0.0,0.0,1.0,917.0,743.0
CMO,0.39593726,0.0,0.2889355421066284,0,0.0,0,0.0,0.0,0.0,0.0,0.0,0.0,1.0,40.0,0.0
AIA,0.27035487,0.015360983102918587,0.2888555481182998,0,0.0,0,0.0,1.0,1.0,2.0,1.0,0.0,4.0,5703.0,317.0
AJT,0.2682479,0.015590200445434299,0.28865184715569414,0,0.0,0,1.0,1.0,1.0,3.0,0.0,0.0,4.0,4379.0,160.0
PB,0.31249088,0.010135135135135136,0.28837221232620447,0,0.0,0,1.0,1.0,0.0,0.0,0.0,0.0,3.0,2931.0,139.0
CMK,0.28202078,0.013717421124828532,0.2873250379524767,0,0.0,0,1.0,1.0,1.0,1.0,0.0,0.0,2.0,2513.0,1817.0
NT,0.39395684,0.0,0.28721436858177185,0,0.0,0,0.0,0.0,0.0,0.0,0.0,0.0,2.0,185.0,0.0
AY,0.26552397,0.015706806282722512,0.2871123862204127,0,0.0,0,0.0,0.0,0.0,0.0,0.0,0.0,1.0,262.0,402.0
AOI,0.28630278,0.013157894736842105,0.2870738612978082,0,0.0,0,0.0,0.0,0.0,2.0,0.0,0.0,0.0,83.0,138.0
TJ,0.3175245,0.009302325581395349,0.28683394739794177,0,0.0,0,0.0,1.0,0.0,0.0,0.0,0.0,2.0,1299.0,106.0
JR,0.3935093,0.0,0.28682538866996765,0,0.0,0,0.0,0.0,0.0,0.0,0.0,0.0,1.0,90.0,0.0
OR,0.2894124,0.012461059190031152,0.2848288929165338,0,0.0,0,0.0,1.0,0.0,0.0,0.0,0.0,4.0,3932.0,0.0
GI,0.2654934,0.015337423312883436,0.28446319836414663,0,0.0,0,1.0,0.0,0.0,0.0,0.0,0.0,10.0,3329.0,119.0
TS,0.30071777,0.01078167115902965,0.28273067615745523,0,0.0,0,0.0,1.0,0.0,0.0,0.0,0.0,1.0,3784.0,352.0
ARR,0.2718964,0.014285714285714285,0.2825608731167657,0,0.0,0,2.0,1.0,1.0,2.0,1.0,1.0,1.0,4647.0,3864.0
BUA,0.21281335,0.021447721179624665,0.2820623762406229,0,0.0,0,3.0,5.0,1.0,0.0,1.0,1.0,10.0,5475.0,5951.0
ALL,0.24683177,0.017266187050359712,0.28193871393478176,0,0.0,0,3.0,2.0,1.0,1.0,1.0,1.0,10.0,13216.0,13328.0
BQ,0.2780817,0.013333333333333334,0.2811745771567027,0,0.0,0,0.0,1.0,0.0,0.0,0.0,0.0,4.0,2210.0,159.0
ASC,0.30689812,0.009784735812133072,0.2810237375607463,0,0.0,0,0.0,0.0,0.0,1.0,0.0,0.0,2.0,2402.0,105.0
AUA,0.33760646,0.005988023952095809,0.28075551008749866,0,0.0,0,0.0,0.0,0.0,0.0,0.0,0.0,1.0,715.0,602.0
CMP,0.2744855,0.013714285714285714,0.2807539099080222,0,0.0,0,2.0,1.0,1.0,1.0,0.0,1.0,2.0,2809.0,3464.0
LC,0.32158253,0.007894736842105263,0.280366874180342,0,0.0,0,0.0,1.0,0.0,0.0,0.0,0.0,3.0,3163.0,161.0
ATB,0.24989402,0.016666666666666666,0.2803434964021047,0,0.0,0,0.0,0.0,0.0,0.0,0.0,0.0,3.0,2626.0,94.0
VF,0.3392937,0.005698005698005698,0.2801627441519006,0,0.0,0,0.0,0.0,0.0,1.0,0.0,0.0,7.0,3958.0,1343.0
AKK,0.2620527,0.015151515151515152,0.2801529747970176,0,0.0,0,2.0,1.0,1.0,2.0,1.0,1.0,6.0,6566.0,8250.0
AFU,0.3019388,0.01020408163265306,0.2796909618134401,0,0.0,0,4.0,1.0,0.0,2.0,1.0,0.0,3.0,447.0,0.0
CLZ,0.27400628,0.013618677042801557,0.2796586008851166,0,0.0,0,0.0,0.0,0.0,1.0,0.0,0.0,2.0,923.0,2073.0
S,0.38460445,0.0,0.27908626198768616,0,0.0,0,0.0,0.0,0.0,0.0,0.0,0.0,0.0,28.0,0.0
AUR,0.32947254,0.006734006734006734,0.2789828471663825,0,0.0,0,0.0,0.0,0.0,0.0,0.0,0.0,2.0,2619.0,90.0
ATC,0.30635768,0.009533898305084746,0.27877310665987304,0,0.0,0,2.0,2.0,2.0,1.0,0.0,2.0,2.0,5202.0,3877.0
CLU,0.2775528,0.01297016861219196,0.2781364664184135,0,0.0,0,2.0,1.0,2.0,1.0,1.0,1.0,5.0,3455.0,6659.0
AOY,0.29030523,0.01139240506329114,0.27801738188236574,0,0.0,0,1.0,2.0,1.0,1.0,0.0,1.0,2.0,4662.0,8766.0
AMA,0.2888121,0.011574074074074073,0.27800957913751956,0,0.0,0,0.0,1.0,0.0,1.0,1.0,0.0,3.0,3099.0,638.0
MD,0.28635162,0.01182033096926714,0.2776196119562672,0,0.0,0,0.0,1.0,0.0,0.0,0.0,0.0,7.0,5444.0,0.0
BCP,0.38257197,0.0,0.2773198187351227,0,0.0,0,0.0,0.0,0.0,0.0,0.0,0.0,1.0,357.0,0.0
AUS,0.34557223,0.004524886877828055,0.27729025674621444,0,0.0,0,1.0,0.0,1.0,0.0,0.0,0.0,1.0,2391.0,131.0
ART,0.27483705,0.013173652694610778,0.2772209339762876,0,0.0,0,1.0,1.0,1.0,1.0,1.0,0.0,2.0,8194.0,121.0
BYE,0.3189091,0.007692307692307693,0.2766061785587898,0,0.0,0,0.0,1.0,0.0,0.0,0.0,0.0,10.0,1838.0,0.0
EV,0.32381558,0.007075471698113208,0.27649081889188515,0,0.0,0,0.0,0.0,0.0,0.0,0.0,0.0,6.0,4423.0,4574.0
AZB,0.2903518,0.011152416356877323,0.27635396342295254,0,0.0,0,0.0,1.0,0.0,0.0,0.0,0.0,8.0,3510.0,3571.0
ARX,0.26198643,0.014563106796116505,0.27591766758451186,0,0.0,0,0.0,1.0,0.0,1.0,0.0,0.0,2.0,3632.0,5243.0
ARC,0.29603016,0.010395010395010396,0.2759114072625206,0,0.0,0,3.0,0.0,2.0,0.0,0.0,0.0,4.0,3855.0,98.0
CMR,0.27199697,0.013333333333333334,0.27588637856642406,0,0.0,0,1.0,1.0,2.0,2.0,1.0,0.0,6.0,8178.0,84.0
BRD,0.3043145,0.009345794392523364,0.27566182730353883,0,0.0,0,0.0,0.0,0.0,0.0,0.0,0.0,0.0,0.0,392.0
BZX,0.19892177,0.022222222222222223,0.2754882340298759,0,0.0,0,0.0,1.0,0.0,0.0,0.0,0.0,3.0,340.0,273.0
WA,0.274183,0.012987012987012988,0.27532737235744276,0,0.0,0,0.0,1.0,0.0,0.0,0.0,0.0,0.0,3833.0,0.0
FX,0.28111723,0.012121212121212121,0.27520667773304563,0,0.0,0,0.0,0.0,0.0,0.0,0.0,0.0,4.0,1208.0,95.0
ARS,0.30797818,0.008781558726673985,0.274839864002232,0,0.0,0,1.0,1.0,1.0,2.0,0.0,0.0,2.0,7397.0,254.0
ARY,0.23007926,0.018292682926829267,0.2746673123865593,0,0.0,0,1.0,1.0,1.0,1.0,0.0,0.0,2.0,2799.0,3343.0
AYS,0.31471056,0.007905138339920948,0.27446833940833926,0,0.0,0,0.0,1.0,0.0,0.0,0.0,0.0,3.0,1537.0,163.0
ASH,0.2669048,0.013717421124828532,0.27418783151727316,0,0.0,0,1.0,1.0,1.0,1.0,0.0,0.0,1.0,2498.0,1801.0
CMX,0.2669048,0.013717421124828532,0.27418783151727316,0,0.0,0,1.0,1.0,1.0,1.0,0.0,0.0,2.0,2520.0,1817.0
RN,0.26098856,0.01444043321299639,0.2741794375628771,0,0.0,0,0.0,2.0,0.0,1.0,0.0,0.0,10.0,5083.0,1034.0
CNO,0.31643924,0.007633587786259542,0.27404272515355177,0,0.0,0,0.0,0.0,0.0,0.0,0.0,0.0,7.0,1160.0,0.0
JM,0.3215184,0.006928406466512702,0.2734501981707699,0,0.0,0,1.0,2.0,1.0,1.0,0.0,0.0,0.0,6098.0,282.0
NU,0.3114221,0.008108108108108109,0.2730514416501329,0,0.0,0,0.0,0.0,0.0,0.0,0.0,0.0,5.0,2224.0,504.0
ANI,0.25619853,0.014847161572052401,0.27290421190480474,0,0.0,0,2.0,1.0,1.0,3.0,1.0,2.0,5.0,8495.0,19868.0
AZR,0.31480032,0.007575757575757576,0.2722077584627903,0,0.0,0,0.0,0.0,0.0,0.0,0.0,0.0,3.0,806.0,243.0
ANS,0.27136493,0.01288659793814433,0.27216525575549333,0,0.0,0,0.0,0.0,0.0,1.0,1.0,0.0,5.0,3049.0,126.0
BWE,0.20270014,0.02127659574468085,0.27205805493162033,0,0.0,0,10.0,7.0,3.0,5.0,1.0,0.0,10.0,11689.0,0.0
CLT,0.22887455,0.018065887353878853,0.27201004862848677,0,0.0,0,1.0,1.0,1.0,1.0,1.0,0.0,4.0,6768.0,96.0
ATD,0.28029418,0.011714589989350373,0.27160436015603895,0,0.0,0,1.0,1.0,1.0,1.0,1.0,1.0,8.0,7359.0,11960.0
VD,0.24064255,0.01644736842105263,0.27074608049894633,0,0.0,0,0.0,1.0,0.0,0.0,1.0,0.0,0.0,966.0,1912.0
MX,0.25208998,0.015037593984962405,0.27068557638422885,0,0.0,0,1.0,1.0,0.0,0.0,0.0,0.0,1.0,7363.0,94.0
BOW,0.25781715,0.014285714285714285,0.27032468029430934,0,0.0,0,1.0,1.0,0.0,0.0,0.0,0.0,0.0,0.0,0.0
BSR,0.25781715,0.014285714285714285,0.27032468029430934,0,0.0,0,1.0,1.0,0.0,0.0,0.0,0.0,0.0,0.0,0.0
MA,0.2881985,0.01048951048951049,0.2697758949303127,0,0.0,0,0.0,1.0,0.0,0.0,0.0,0.0,2.0,2846.0,3136.0
H,0.2816202,0.011235955056179775,0.2693584930360987,0,0.0,0,0.0,1.0,0.0,0.0,0.0,0.0,3.0,3063.0,33.0
AIW,0.2640317,0.013377926421404682,0.2692804315417108,0,0.0,0,0.0,1.0,0.0,2.0,1.0,0.0,4.0,4840.0,422.0
AQF,0.27563342,0.011922503725782414,0.2690299054327381,0,0.0,0,4.0,2.0,2.0,2.0,0.0,0.0,2.0,5897.0,80.0
KL,0.3053174,0.008264462809917356,0.2688560015899091,0,0.0,0,0.0,0.0,0.0,0.0,0.0,0.0,3.0,553.0,41.0
KX,0.25102857,0.01483679525222552,0.26833743409693067,0,0.0,0,0.0,0.0,0.0,0.0,0.0,0.0,2.0,3411.0,120.0
QL,0.2330294,0.017017828200972446,0.2681797823314728,0,0.0,0,1.0,1.0,1.0,0.0,0.0,1.0,6.0,10128.0,21815.0
ALD,0.24356034,0.015706806282722512,0.26802392422528787,0,0.0,0,2.0,2.0,1.0,3.0,1.0,0.0,10.0,16290.0,93.0
AML,0.24291658,0.015727391874180863,0.2676105880252968,0,0.0,0,2.0,2.0,1.0,3.0,1.0,0.0,10.0,16312.0,93.0
RW,0.27085987,0.012244897959183673,0.2671702423995855,0,0.0,0,1.0,1.0,0.0,0.0,0.0,0.0,4.0,4945.0,90.0
AIK,0.32769045,0.005208333333333333,0.26660176912943523,0,0.0,0,1.0,0.0,1.0,0.0,0.0,0.0,4.0,1468.0,149.0
ALB,0.26113266,0.01335113484646195,0.2665706485191557,0,0.0,0,1.0,1.0,0.0,1.0,0.0,0.0,1.0,2314.0,149.0
AIB,0.26349223,0.012971698113207548,0.26592734551654673,0,0.0,0,2.0,0.0,1.0,1.0,1.0,1.0,1.0,4437.0,4420.0
TV,0.28229892,0.010666666666666666,0.26590640793641407,0,0.0,0,0.0,0.0,0.0,0.0,0.0,0.0,1.0,3564.0,469.0
QX,0.28996715,0.009708737864077669,0.26576952367152984,0,0.0,0,0.0,1.0,0.0,0.0,0.0,0.0,5.0,5420.0,7600.0
DO,0.25736618,0.013651877133105802,0.26543250616906855,0,0.0,0,0.0,0.0,0.0,1.0,0.0,0.0,4.0,5327.0,257.0
AKF,0.23389378,0.016355140186915886,0.2642259394732591,0,0.0,0,2.0,1.0,1.0,1.0,1.0,2.0,7.0,8416.0,9114.0
BMM,0.36643934,0.0,0.26329904794692993,0,0.0,0,0.0,0.0,0.0,0.0,0.0,0.0,0.0,0.0,0.0
CKC,0.26545638,0.012114537444933921,0.26154853709468756,0,0.0,0,5.0,4.0,1.0,2.0,0.0,0.0,1.0,613.0,2835.0
AOH,0.24526362,0.014545454545454545,0.2612586380460046,0,0.0,0,0.0,1.0,0.0,1.0,1.0,0.0,0.0,4581.0,4789.0
BPZ,0.3639238,0.0,0.2611128091812134,0,0.0,0,0.0,0.0,0.0,0.0,0.0,0.0,0.0,0.0,0.0
ASA,0.27525795,0.01078582434514638,0.26063316130123815,0,0.0,0,4.0,2.0,2.0,2.0,0.0,0.0,2.0,5992.0,80.0
AIR,0.24422011,0.01456953642384106,0.26052270490996887,0,0.0,0,2.0,1.0,2.0,1.0,0.0,1.0,4.0,4649.0,3978.0
MP,0.29623494,0.008156606851549755,0.26019669177092697,0,0.0,0,1.0,1.0,0.0,2.0,0.0,0.0,1.0,8011.0,158.0
AWJ,0.29801893,0.0079155672823219,0.260035776651629,0,0.0,0,0.0,2.0,0.0,0.0,0.0,0.0,4.0,3699.0,93.0
CLK,0.24498317,0.014354066985645933,0.25965604807771564,0,0.0,0,2.0,3.0,1.0,4.0,1.0,0.0,10.0,4783.0,82.0
BMS,0.3604861,0.0,0.2581251263618469,0,0.0,0,0.0,0.0,0.0,1.0,0.0,0.0,0.0,0.0,446.0
IH,0.2751902,0.010309278350515464,0.2571908102514817,0,0.0,0,0.0,0.0,0.0,0.0,0.0,0.0,1.0,401.0,98.0
AUP,0.3035637,0.006711409395973154,0.2563052017816761,0,0.0,0,0.0,0.0,0.0,0.0,0.0,0.0,5.0,2042.0,35.0
VX,0.31621915,0.005154639175257732,0.25625088890803227,0,0.0,0,0.0,1.0,0.0,0.0,0.0,0.0,0.0,2227.0,0.0
AQU,0.28317916,0.009157509157509158,0.2559564152370879,0,0.0,0,1.0,1.0,1.0,1.0,1.0,0.0,5.0,4836.0,82.0
AQT,0.28317916,0.009157509157509158,0.2559564152370879,0,0.0,0,1.0,1.0,1.0,1.0,1.0,0.0,5.0,4836.0,82.0
AJU,0.24930418,0.013297872340425532,0.2559124269384019,0,0.0,0,1.0,2.0,1.0,1.0,0.0,0.0,2.0,5839.0,1720.0
AJR,0.2744295,0.01020408163265306,0.25578279373597124,0,0.0,0,1.0,1.0,1.0,2.0,0.0,1.0,3.0,8247.0,9615.0
BCM,0.35723436,0.0,0.25529906153678894,0,0.0,0,0.0,0.0,0.0,0.0,0.0,0.0,1.0,88.0,0.0
CNT,0.2485483,0.013134851138353765,0.2540980438113004,0,0.0,0,4.0,4.0,1.0,2.0,1.0,1.0,3.0,6355.0,102.0
ALX,0.2187065,0.01676829268292683,0.253960141830328,0,0.0,0,1.0,1.0,0.0,1.0,1.0,0.0,6.0,5968.0,102.0
BGW,0.20951718,0.017857142857142856,0.2537045815161296,0,0.0,0,0.0,0.0,0.0,0.0,0.0,0.0,0.0,0.0,130.0
BIU,0.20951718,0.017857142857142856,0.2537045815161296,0,0.0,0,0.0,0.0,0.0,0.0,0.0,0.0,0.0,0.0,130.0
BWM,0.24434668,0.013289036544850499,0.25154115614106887,0,0.0,0,4.0,3.0,1.0,2.0,1.0,0.0,10.0,9293.0,131.0
JU,0.3525955,0.0,0.2512674629688263,0,0.0,0,0.0,0.0,0.0,0.0,0.0,0.0,0.0,21.0,0.0
BXP,0.2637506,0.010869565217391304,0.2512267624554427,0,0.0,0,0.0,0.0,0.0,0.0,0.0,0.0,9.0,436.0,46.0
MJ,0.23636588,0.01411764705882353,0.25048823238821594,0,0.0,0,0.0,0.0,0.0,1.0,0.0,0.0,7.0,5012.0,97.0
AJK,0.27607733,0.009146341463414634,0.24970495933439674,0,0.0,0,1.0,3.0,0.0,1.0,0.0,0.0,10.0,3831.0,120.0
AOB,0.22907557,0.014830508474576272,0.24921357470043634,0,0.0,0,2.0,2.0,1.0,2.0,0.0,1.0,1.0,432.0,10135.0
AOE,0.23696356,0.013647642679900745,0.24767062597475928,0,0.0,0,1.0,1.0,1.0,1.0,0.0,1.0,1.0,2551.0,3341.0
APG,0.271447,0.009345794392523364,0.2470968824402194,0,0.0,0,1.0,1.0,1.0,2.0,0.0,1.0,3.0,3850.0,4024.0
AZU,0.2816282,0.008064516129032258,0.24684822059446765,0,0.0,0,0.0,0.0,0.0,0.0,0.0,0.0,1.0,254.0,223.0
RH,0.27346027,0.00906344410876133,0.24684190467405176,0,0.0,0,0.0,1.0,0.0,0.0,0.0,0.0,3.0,3918.0,0.0
BRA,0.26459533,0.01,0.24578698492050172,0,0.0,0,3.0,2.0,0.0,0.0,0.0,3.0,0.0,0.0,452.0
COB,0.24217804,0.012720156555772993,0.24561734974617594,0,0.0,0,1.0,1.0,1.0,1.0,1.0,0.0,5.0,8948.0,99.0
OL,0.28349683,0.007462686567164179,0.24419924865907697,0,0.0,0,0.0,1.0,0.0,0.0,0.0,0.0,3.0,3547.0,4052.0
AKO,0.2290386,0.013916500994035786,0.24269197978390378,0,0.0,0,1.0,1.0,1.0,1.0,0.0,0.0,3.0,2534.0,95.0
APN,0.20760088,0.016359918200409,0.24140884327132767,0,0.0,0,1.0,1.0,1.0,1.0,0.0,0.0,4.0,5798.0,29.0
AQK,0.25169188,0.01048951048951049,0.2380481935047603,0,0.0,0,1.0,3.0,0.0,2.0,1.0,0.0,5.0,6659.0,301.0
BCF,0.24634296,0.011049723756906077,0.23737699244562432,0,0.0,0,1.0,1.0,0.0,0.0,0.0,0.0,1.0,689.0,148.0
BGA,0.33590066,0.0,0.2367580533027649,0,0.0,0,0.0,0.0,0.0,1.0,0.0,0.0,0.0,0.0,201.0
AMN,0.25328612,0.009881422924901186,0.23511632646732178,0,0.0,0,1.0,1.0,1.0,1.0,0.0,1.0,2.0,7491.0,6397.0
AKD,0.22200516,0.013679890560875513,0.23489933606700925,0,0.0,0,4.0,1.0,2.0,2.0,1.0,0.0,2.0,5203.0,241.0
BYA,0.2731452,0.007407407407407408,0.23481022035634075,0,0.0,0,0.0,0.0,0.0,0.0,0.0,0.0,8.0,757.0,0.0
ARM,0.24825571,0.010387157695939566,0.23433513205438655,0,0.0,0,2.0,1.0,2.0,1.0,1.0,2.0,4.0,11762.0,14588.0
CMA,0.24825571,0.010377358490566037,0.2342655576962345,0,0.0,0,2.0,1.0,2.0,1.0,1.0,2.0,7.0,11862.0,14728.0
ASU,0.2662217,0.008174386920980926,0.2342386115068311,0,0.0,0,1.0,2.0,1.0,1.0,0.0,1.0,1.0,3081.0,4046.0
BYI,0.21536763,0.013953488372093023,0.2310732386971629,0,0.0,0,0.0,1.0,0.0,0.0,0.0,0.0,10.0,2462.0,489.0
AXJ,0.2740926,0.006756756756756757,0.2310139942008096,0,0.0,0,1.0,0.0,0.0,0.0,0.0,0.0,2.0,914.0,0.0
AMW,0.20294756,0.015410958904109588,0.23062705711959158,0,0.0,0,1.0,1.0,1.0,1.0,1.0,0.0,6.0,6640.0,86.0
AUI,0.22068247,0.013215859030837005,0.23045516212343645,0,0.0,0,0.0,0.0,0.0,0.0,0.0,0.0,8.0,3328.0,0.0
AHS,0.32676795,0.0,0.22882086038589478,0,0.0,0,0.0,0.0,0.0,0.0,0.0,0.0,0.0,35.0,0.0
IE,0.24270454,0.010183299389002037,0.2280632487200428,0,0.0,0,5.0,2.0,1.0,2.0,1.0,0.0,1.0,4337.0,111.0
ALR,0.23540491,0.01107011070110701,0.22801554396583584,0,0.0,0,3.0,2.0,2.0,3.0,0.0,3.0,6.0,15974.0,16746.0
CNF,0.2447088,0.009302325581395349,0.22355023572611255,0,0.0,0,0.0,1.0,0.0,1.0,0.0,0.0,3.0,4563.0,4695.0
BYY,0.31868458,0.0,0.22179564833641052,0,0.0,0,0.0,0.0,0.0,0.0,0.0,0.0,8.0,492.0,0.0
ASF,0.23668882,0.009900990099009901,0.22083063134462527,0,0.0,0,1.0,1.0,1.0,1.0,0.0,1.0,3.0,5654.0,9690.0
AC,0.313087,0.0,0.2169308066368103,0,0.0,0,0.0,0.0,0.0,0.0,0.0,0.0,0.0,58.0,0.0
AVL,0.30934623,0.0,0.2136797308921814,0,0.0,0,0.0,0.0,0.0,0.0,0.0,0.0,0.0,36.0,0.0
CMT,0.24688172,0.007462686567164179,0.21237726758665113,0,0.0,0,0.0,1.0,0.0,1.0,0.0,0.0,4.0,3554.0,86.0
CJO,0.22062238,0.01050420168067227,0.2111501663672824,0,0.0,0,0.0,1.0,0.0,1.0,0.0,0.0,2.0,1278.0,4142.0
BBZ,0.21897605,0.010666666666666666,0.21087285827000934,0,0.0,0,0.0,0.0,0.0,0.0,0.0,0.0,5.0,3949.0,100.0
P,0.30358663,0.0,0.2086741030216217,0,0.0,0,0.0,0.0,0.0,0.0,0.0,0.0,2.0,94.0,205.0
COQ,0.2398445,0.007556675062972292,0.2069285682076471,0,0.0,0,0.0,0.0,0.0,1.0,0.0,0.0,6.0,3065.0,110.0
AOG,0.22585365,0.009009009009009009,0.20508077678916692,0,0.0,0,1.0,0.0,1.0,1.0,0.0,0.0,2.0,1638.0,210.0
CKI,0.15807307,0.017241379310344827,0.20462287356113565,0,0.0,0,0.0,0.0,0.0,0.0,0.0,0.0,0.0,38.0,0.0
AYN,0.29617304,0.0,0.20223098993301392,0,0.0,0,0.0,0.0,0.0,0.0,0.0,0.0,2.0,100.0,0.0
ASX,0.22008798,0.008928571428571428,0.19949875218527657,0,0.0,0,1.0,1.0,1.0,1.0,0.0,0.0,1.0,3293.0,133.0
AJX,0.22008798,0.008928571428571428,0.19949875218527657,0,0.0,0,1.0,1.0,1.0,1.0,0.0,0.0,1.0,3293.0,133.0
BFC,0.1798122,0.013513513513513514,0.1970483874952471,0,0.0,0,0.0,0.0,0.0,0.0,0.0,0.0,0.0,0.0,70.0
BNQ,0.2867647,0.0,0.1940542757511139,0,0.0,0,0.0,0.0,0.0,0.0,0.0,0.0,0.0,0.0,0.0
AXC,0.27704418,0.0,0.1856062114238739,0,0.0,0,0.0,0.0,0.0,0.0,0.0,0.0,0.0,58.0,0.0
AKA,0.27612773,0.0,0.18480972945690155,0,0.0,0,0.0,0.0,0.0,0.0,0.0,0.0,0.0,22.0,0.0
BXD,0.20386812,0.008620689655172414,0.1832162036977965,0,0.0,0,0.0,1.0,0.0,0.0,0.0,0.0,6.0,786.0,26.0
BZO,0.27139336,0.0,0.18069511651992798,0,0.0,0,0.0,0.0,0.0,0.0,0.0,0.0,8.0,460.0,0.0
BCL,0.2680615,0.0,0.17779940366744995,0,0.0,0,0.0,0.0,0.0,0.0,0.0,0.0,1.0,72.0,0.0
ANZ,0.18368743,0.01020408163265306,0.17691936669301012,0,0.0,0,0.0,2.0,0.0,2.0,0.0,0.0,1.0,3856.0,1454.0
BFW,0.26432094,0.0,0.17454852163791656,0,0.0,0,0.0,0.0,0.0,0.0,0.0,0.0,0.0,0.0,0.0
BYN,0.26336843,0.0,0.17372068762779236,0,0.0,0,0.0,0.0,0.0,0.0,0.0,0.0,2.0,89.0,0.0
BIJ,0.25988016,0.0,0.17068906128406525,0,0.0,0,0.0,1.0,0.0,0.0,0.0,0.0,0.0,0.0,114.0
BKH,0.25988016,0.0,0.17068906128406525,0,0.0,0,0.0,1.0,0.0,0.0,0.0,0.0,0.0,0.0,114.0
BKP,0.25830913,0.0,0.16932368278503418,0,0.0,0,0.0,0.0,0.0,0.0,0.0,0.0,0.0,0.0,33.0
BIY,0.25830913,0.0,0.16932368278503418,0,0.0,0,0.0,0.0,0.0,0.0,0.0,0.0,0.0,0.0,33.0
BHA,0.25830913,0.0,0.16932368278503418,0,0.0,0,0.0,0.0,0.0,0.0,0.0,0.0,0.0,0.0,33.0
BQY,0.17008163,0.010638297872340425,0.16817757493637978,0,0.0,0,1.0,0.0,0.0,0.0,0.0,1.0,0.0,0.0,368.0
BJS,0.25558686,0.0,0.1669577807188034,0,0.0,0,2.0,3.0,0.0,0.0,0.0,2.0,0.0,0.0,334.0
BHU,0.25558686,0.0,0.1669577807188034,0,0.0,0,2.0,3.0,0.0,0.0,0.0,2.0,0.0,0.0,334.0
BLK,0.25558686,0.0,0.1669577807188034,0,0.0,0,2.0,3.0,0.0,0.0,0.0,2.0,0.0,0.0,334.0
BGJ,0.23551252,0.0,0.14951127767562866,0,0.0,0,5.0,4.0,1.0,0.0,0.0,5.0,0.0,0.0,204.0
BSM,0.2251291,0.0,0.14048710465431213,0,0.0,0,0.0,0.0,0.0,0.0,0.0,0.0,0.0,0.0,0.0
BOQ,0.2251291,0.0,0.14048710465431213,0,0.0,0,0.0,0.0,0.0,0.0,0.0,0.0,0.0,0.0,0.0
BXR,0.2240891,0.0,0.13958324491977692,0,0.0,0,0.0,0.0,0.0,0.0,0.0,0.0,6.0,347.0,0.0
CAC,0.22195351,0.0,0.13772721588611603,0,0.0,0,0.0,0.0,0.0,0.0,0.0,0.0,2.0,125.0,0.0
BMN,0.21985984,0.0,0.1359076201915741,0,0.0,0,0.0,0.0,0.0,0.0,0.0,0.0,0.0,0.0,0.0
BNO,0.2188988,0.0,0.13507239520549774,0,0.0,0,0.0,0.0,0.0,0.0,0.0,0.0,0.0,0.0,0.0
BXU,0.108430676,0.012195121951219513,0.12565052943622193,0,0.0,0,0.0,0.0,0.0,0.0,0.0,0.0,2.0,379.0,0.0
BMT,0.20738785,0.0,0.1250682920217514,0,0.0,0,1.0,0.0,0.0,0.0,0.0,1.0,0.0,0.0,317.0
BQF,0.1992816,0.0,0.11802318692207336,0,0.0,0,0.0,0.0,0.0,0.0,0.0,0.0,0.0,0.0,221.0
BGK,0.19770885,0.0,0.11665631830692291,0,0.0,0,0.0,0.0,0.0,0.0,0.0,0.0,0.0,0.0,48.0
BPY,0.19430707,0.0,0.11369985342025757,0,0.0,0,0.0,0.0,0.0,0.0,0.0,0.0,0.0,0.0,0.0
BGD,0.19348326,0.0,0.11298388242721558,0,0.0,0,0.0,0.0,0.0,0.0,0.0,0.0,0.0,0.0,260.0
BPV,0.18819425,0.0,0.10838723182678223,0,0.0,0,0.0,0.0,0.0,0.0,0.0,0.0,0.0,0.0,117.0
BMQ,0.184784,0.0,0.10542340576648712,0,0.0,0,0.0,0.0,0.0,0.0,0.0,0.0,0.0,0.0,0.0
BRU,0.184784,0.0,0.10542340576648712,0,0.0,0,0.0,0.0,0.0,0.0,0.0,0.0,0.0,0.0,0.0
BNZ,0.184784,0.0,0.10542340576648712,0,0.0,0,0.0,0.0,0.0,0.0,0.0,0.0,0.0,0.0,0.0
BQC,0.18061355,0.0,0.1017988920211792,0,0.0,0,0.0,0.0,0.0,0.0,0.0,0.0,0.0,0.0,0.0
BQB,0.18052906,0.0,0.10172545909881592,0,0.0,0,0.0,0.0,0.0,0.0,0.0,0.0,0.0,0.0,0.0
BWW,0.17969176,0.0,0.10099777579307556,0,0.0,0,0.0,0.0,0.0,0.0,0.0,0.0,8.0,322.0,0.0
BHH,0.15774804,0.0,0.08192659914493561,0,0.0,0,0.0,0.0,0.0,0.0,0.0,0.0,0.0,0.0,87.0
BKW,0.15774804,0.0,0.08192659914493561,0,0.0,0,0.0,0.0,0.0,0.0,0.0,0.0,0.0,0.0,87.0
BJF,0.15774804,0.0,0.08192659914493561,0,0.0,0,0.0,0.0,0.0,0.0,0.0,0.0,0.0,0.0,87.0
BFE,0.149665,0.0,0.07490167021751404,0,0.0,0,0.0,0.0,0.0,0.0,0.0,0.0,0.0,0.0,0.0
BXF,0.14603966,0.0,0.07175092399120331,0,0.0,0,0.0,0.0,0.0,0.0,0.0,0.0,2.0,77.0,0.0
BLV,0.1386801,0.0,0.06535476446151733,0,0.0,0,0.0,0.0,0.0,0.0,0.0,0.0,0.0,0.0,0.0
BFI,0.1386801,0.0,0.06535476446151733,0,0.0,0,0.0,0.0,0.0,0.0,0.0,0.0,0.0,0.0,0.0
BGQ,0.132512,0.0,0.059994105249643326,0,0.0,0,2.0,2.0,0.0,2.0,0.0,2.0,0.0,0.0,317.0
BFT,0.12734963,0.0,0.055507514625787735,0,0.0,0,0.0,0.0,0.0,0.0,0.0,0.0,0.0,0.0,107.0
BFQ,0.11105874,0.0,0.041349198669195175,0,0.0,0,0.0,0.0,0.0,0.0,0.0,0.0,0.0,0.0,144.0
BOE,0.10054988,0.0,0.03221600130200386,0,0.0,0,0.0,0.0,0.0,0.0,0.0,0.0,0.0,0.0,147.0
BSA,0.10054988,0.0,0.03221600130200386,0,0.0,0,0.0,0.0,0.0,0.0,0.0,0.0,0.0,0.0,147.0
BNA,0.063481405,0.0,0.0,0,0.0,0,0.0,0.0,0.0,0.0,0.0,0.0,0.0,0.0,19.0
