Resume_ID,ML_Prediction_KFold,ML_Probability_KFold,S-BERT_Similarity,TF-IDF_Jaccard_Combined,True_Label
676,1,1.0,0.3463573,0.03129278424066771,1
867,1,1.0,0.38592303,0.016320505252264,1
669,1,1.0,0.34195155,0.03445464728469018,1
2272,1,1.0,0.38058633,0.003721742014872283,1
887,1,1.0,0.29692,0.017900265429318822,1
2103,1,1.0,0.3805864,0.003721742014872283,1
2067,1,1.0,0.33021674,0.01253420845371403,1
701,1,1.0,0.32886934,0.008706896437144474,1
629,1,1.0,0.44980252,0.028263280059696996,1
894,1,1.0,0.31848228,0.02996902906392248,1
2162,1,1.0,0.38028982,0.010451922932679734,1
722,1,1.0,0.29692,0.017900265429318822,1
620,1,1.0,0.3463573,0.03129278424066771,1
615,1,1.0,0.44980252,0.028263280059696996,1
1743,1,1.0,0.37376514,0.0053660968847930104,1
1834,1,1.0,0.37376514,0.0053660968847930104,1
1327,1,1.0,0.4505216,0.02431446081099038,1
685,1,1.0,0.44980252,0.028263280059696996,1
618,1,1.0,0.31848228,0.02996902906392248,1
2164,1,1.0,0.33021674,0.01253420845371403,1
672,1,1.0,0.45335346,0.0216083287768746,1
895,1,1.0,0.4990071,0.05544793656632755,1
2283,1,1.0,0.33021674,0.01253420845371403,1
643,1,1.0,0.38592303,0.016320505252264,1
886,1,1.0,0.29692,0.017900265429318822,1
2182,1,1.0,0.38028982,0.010451922932679734,1
674,1,1.0,0.31848228,0.02996902906392248,1
876,1,1.0,0.41400385,0.02076075651006317,1
671,1,1.0,0.45335346,0.0216083287768746,1
865,1,1.0,0.32886934,0.008706896437144474,1
652,1,1.0,0.4140038,0.02076075651006317,1
638,1,1.0,0.54768974,0.04321962691730214,1
641,1,1.0,0.32886934,0.008706896437144474,1
686,1,1.0,0.3796733,0.02203067693400978,1
694,1,1.0,0.54768974,0.04321962691730214,1
675,1,1.0,0.4990071,0.05544793656632755,1
630,1,1.0,0.3796733,0.02203067693400978,1
631,1,1.0,0.3796733,0.02203067693400978,1
1683,1,1.0,0.35049206,0.015643030441322238,1
2153,1,1.0,0.38058633,0.003721742014872283,1
1639,1,1.0,0.35049206,0.015643030441322238,1
703,1,1.0,0.38592303,0.016320505252264,1
2112,1,1.0,0.38028982,0.010451922932679734,1
859,1,1.0,0.5476897,0.04321962691730214,1
667,1,1.0,0.45335343,0.0216083287768746,1
1589,1,1.0,0.35049206,0.015643030441322238,1
2065,1,1.0,0.3805864,0.003721742014872283,1
2281,1,1.0,0.38028982,0.010451922932679734,1
1360,1,1.0,0.3374356,0.013721428294247958,1
782,1,1.0,0.34222668,0.030595030626584162,1
616,1,1.0,0.3796733,0.02203067693400978,1
664,1,1.0,0.34195155,0.03445464728469018,1
1843,1,1.0,0.37376514,0.0053660968847930104,1
2184,1,1.0,0.33021674,0.01253420845371403,1
892,1,1.0,0.45335343,0.0216083287768746,1
661,1,1.0,0.29692,0.017900265429318822,1
712,1,1.0,0.41400385,0.02076075651006317,1
896,1,1.0,0.3463573,0.03129278424066771,1
619,1,1.0,0.4990071,0.05544793656632755,1
890,1,1.0,0.34195155,0.03445464728469018,1
749,1,1.0,0.54175866,0.048775714047933176,1
2114,1,1.0,0.33021674,0.01253420845371403,1
653,1,0.99,0.29966226,0.029652373159643645,1
1887,1,0.99,0.39836854,0.03393793447132716,1
2171,1,0.99,0.34889024,0.007934819463155695,1
877,1,0.99,0.29966226,0.029652373159643645,1
634,1,0.99,0.38286746,0.029608402432735943,1
679,1,0.99,0.35764986,0.0296742632734335,1
657,1,0.99,0.49748933,0.06965391533102376,1
854,1,0.99,0.32630473,0.01870085751136023,1
689,1,0.99,0.32630473,0.01870085751136023,1
2166,1,0.99,0.38713008,0.005215946722689489,1
2239,1,0.99,0.34889024,0.007934819463155695,1
864,1,0.99,0.37945,0.013333424988434772,1
716,1,0.99,0.49748933,0.06965391533102376,1
2186,1,0.99,0.38713008,0.005215946722689489,1
683,1,0.99,0.31300545,0.018996383655474285,1
1562,1,0.99,0.41430923,0.020106648212246003,1
637,1,0.99,0.38595992,0.04172088089605594,1
613,1,0.99,0.31300545,0.018996383655474285,1
2070,1,0.99,0.34889024,0.007934819463155695,1
726,1,0.99,0.3383579,0.029658238983296434,1
623,1,0.99,0.35764986,0.0296742632734335,1
855,1,0.99,0.38286746,0.029608402432735943,1
2120,1,0.99,0.34889024,0.007934819463155695,1
898,1,0.99,0.35764986,0.0296742632734335,1
627,1,0.99,0.31300545,0.018996383655474285,1
1569,1,0.99,0.30602556,0.015587277283857075,1
718,1,0.99,0.34093285,0.029634949704339615,1
658,1,0.99,0.34093285,0.029634949704339615,1
690,1,0.99,0.38286746,0.029608402432735943,1
858,1,0.99,0.38595992,0.04172088089605594,1
2285,1,0.99,0.38713008,0.005215946722689489,1
687,1,0.99,0.32630473,0.01870085751136023,1
632,1,0.99,0.32630473,0.01870085751136023,1
1663,1,0.99,0.30602556,0.015587277283857075,1
1619,1,0.99,0.30602556,0.015587277283857075,1
1655,1,0.99,0.41430914,0.020106648212246003,1
700,1,0.99,0.37945,0.013333424988434772,1
882,1,0.99,0.34093285,0.029634949704339615,1
2116,1,0.99,0.38713008,0.005215946722689489,1
693,1,0.99,0.38595992,0.04172088089605594,1
713,1,0.99,0.29966226,0.029652373159643645,1
640,1,0.99,0.37945,0.013333424988434772,1
1612,1,0.99,0.41430914,0.020106648212246003,1
1856,1,0.98,0.30963194,0.005478392416460054,1
851,1,0.98,0.35638577,0.023285918723012854,1
2240,1,0.98,0.32062468,0.016400327071243823,1
857,1,0.98,0.4376483,0.021466869667008715,1
1616,1,0.98,0.32410654,0.005974985315360237,1
617,1,0.98,0.37663484,0.016288919025963182,1
2253,1,0.98,0.30026653,0.01039098902454895,1
1669,1,0.98,0.3721646,0.021491115497636454,1
612,1,0.98,0.295733,0.025351102399218183,1
868,1,0.98,0.3324315,0.03196653404298982,1
636,1,0.98,0.4376483,0.021466869667008715,1
682,1,0.98,0.295733,0.025351102399218183,1
1756,1,0.98,0.30963194,0.005478392416460054,1
879,1,0.98,0.38995427,0.019526696093888796,1
715,1,0.98,0.38995427,0.019526696093888796,1
871,1,0.98,0.3508042,0.013862732494742902,1
790,1,0.98,0.32434952,0.028775623517249892,1
1659,1,0.98,0.32410654,0.005974985315360237,1
2152,1,0.98,0.3184773,0.013172672026903686,1
647,1,0.98,0.45137575,0.007395742806241235,1
893,1,0.98,0.37663484,0.016288919025963182,1
870,1,0.98,0.45137575,0.007395742806241235,1
2134,1,0.98,0.30026653,0.01039098902454895,1
656,1,0.98,0.38995427,0.019526696093888796,1
2102,1,0.98,0.3184773,0.013172672026903686,1
736,1,0.98,0.3465562,0.028993073179840102,1
706,1,0.98,0.45137575,0.007395742806241235,1
880,1,0.98,0.34087574,0.01677521741718014,1
1566,1,0.98,0.32410654,0.005974985315360237,1
1625,1,0.98,0.3721646,0.021491115497636454,1
704,1,0.98,0.3324315,0.03196653404298982,1
2172,1,0.98,0.32062468,0.016400327071243823,1
823,1,0.98,0.48438573,0.03010043083082649,1
673,1,0.98,0.37663484,0.016288919025963182,1
838,1,0.98,0.40242636,0.021347707811408833,1
1575,1,0.98,0.3721646,0.021491115497636454,1
626,1,0.98,0.295733,0.025351102399218183,1
2121,1,0.98,0.32062468,0.016400327071243823,1
889,1,0.98,0.35638577,0.023285918723012854,1
2071,1,0.98,0.32062468,0.016400327071243823,1
717,1,0.98,0.34087574,0.01677521741718014,1
1421,1,0.98,0.3053329,0.01383239837029705,1
648,1,0.98,0.3508042,0.013862732494742902,1
2271,1,0.98,0.3184773,0.013172672026903686,1
692,1,0.98,0.4376483,0.021466869667008715,1
645,1,0.98,0.3324315,0.03196653404298982,1
2084,1,0.98,0.30026653,0.01039098902454895,1
707,1,0.98,0.3508042,0.013862732494742902,1
866,1,0.97,0.3812884,0.010651751333313746,1
2145,1,0.97,0.30698034,0.006447757146196824,1
698,1,0.97,0.40102357,0.025431400347926313,1
863,1,0.97,0.40102357,0.025431400347926313,1
651,1,0.97,0.3862252,0.00364724753655684,1
1685,1,0.97,0.3273714,0.02026559005178004,1
875,1,0.97,0.3862252,0.00364724753655684,1
2246,1,0.97,0.40829268,0.014100422093305172,1
771,1,0.97,0.35966486,0.04352768375945666,1
2256,1,0.97,0.35553113,0.01730873886133141,1
714,1,0.97,0.32073653,0.02056027030558156,1
2129,1,0.97,0.32957962,0.003953976528608185,1
1768,1,0.97,0.30000597,0.015216847630010558,1
711,1,0.97,0.38622516,0.00364724753655684,1
2138,1,0.97,0.29744917,0.009180750351537611,1
2088,1,0.97,0.29744917,0.009180750351537611,1
ata acquired specific knowledge various process like data analytics data migration data integration data purging database management internship project manager department management united nation headquarters new york ny novembre mai new york usa industry npo international organization designed implemented un internship recruitment automation gained certificate appreciation secretary general kofi annan successful project execution project management project nominated prestigious united nation award project manager satyam computer limited aout aout formerly digital technology technology used sap hr m project spss sa dreamweaver m visio m office suite rdbms m sharepoint sql java uml oracle formation mba en international business management royal holloway university london uk john lloyd huck research institute master science en analytics information system university arkansas little rock little rock ar bachelor engineering en b engg osmania university graduate diploma en information system university arkansas little rock little rock ar,1,0.97,0.30736697,0.011495791757615021,1
ration data purging database management internship project manager department management united nation headquarters new york ny novembre mai new york usa industry npo international organization designed implemented un internship recruitment automation gained certificate appreciation secretary general kofi annan successful project execution project management project nominated prestigious united nation award project manager satyam computer limited aout aout formerly digital technology technology used sap hr project spss sa dreamweaver visio office suite rdbms sharepoint sql java uml oracle formation mba en international business management royal holloway university london uk john lloyd huck research institute master science en analytics information system university arkansas little rock little rock ar bachelor engineering en b engg osmania university graduate diploma en information system university arkansas little rock little rock ar,1,0.97,0.30736697,0.011502910959198417,1
2100,1,0.97,0.38643968,0.029083132584524052,1
900,1,0.97,0.34448275,0.0169346636405089,1
702,1,0.97,0.3812884,0.010651751333313746,1
2257,1,0.97,0.29744917,0.009180750351537611,1
2137,1,0.97,0.35553113,0.01730873886133141,1
723,1,0.97,0.4793703,0.004677750222471992,1
2127,1,0.97,0.40829268,0.014100422093305172,1
1868,1,0.97,0.30000597,0.015216847630010558,1
2087,1,0.97,0.35553113,0.01730873886133141,1
2132,1,0.97,0.32164627,0.03229445843539529,1
625,1,0.97,0.34448275,0.0169346636405089,1
639,1,0.97,0.40102357,0.025431400347926313,1
2079,1,0.97,0.3295796,0.003953976528608185,1
2,1,0.97,0.363901,0.03206444477935472,1
1591,1,0.97,0.3273714,0.02026559005178004,1
2150,1,0.97,0.38643968,0.029083132584524052,1
662,1,0.97,0.4793703,0.004677750222471992,1
642,1,0.97,0.3812884,0.010651751333313746,1
878,1,0.97,0.32073653,0.02056027030558156,1
2077,1,0.97,0.40829268,0.014100422093305172,1
2095,1,0.97,0.30698034,0.006447757146196824,1
791,1,0.97,0.32657814,0.0333935314737348,1
654,1,0.97,0.32073653,0.02056027030558156,1
888,1,0.97,0.4793703,0.004677750222471992,1
2251,1,0.97,0.32164627,0.03229445843539529,1
665,1,0.97,0.35516176,0.028658270962603174,1
2264,1,0.97,0.30698034,0.006447757146196824,1
670,1,0.97,0.35516176,0.028658270962603174,1
681,1,0.97,0.34448275,0.0169346636405089,1
2178,1,0.97,0.40829268,0.014100422093305172,1
2269,1,0.97,0.3864397,0.029083132584524052,1
2248,1,0.97,0.3295796,0.003953976528608185,1
1641,1,0.97,0.3273714,0.02026559005178004,1
 data purging database management internship project manager department management united nation headquarters new york ny novembre mai new york usa industry npo international organization designed implemented un internship recruitment automation gained certificate appreciation secretary general kofi annan successful project execution project management project nominated prestigious united nation award project manager satyam computer limited aout aout formerly digital technology technology used sap hr project spss sa dreamweaver visio office suite rdbms sharepoint sql java uml oracle formation mba en international business management royal holloway university london uk john lloyd huck research institute master science en analytics information system university arkansas little rock little rock ar bachelor engineering en b engg osmania university graduate diploma en information system university arkansas little rock little rock ar,1,0.97,0.30736697,0.011509505090421628,1
891,1,0.97,0.35516176,0.028658270962603174,1
2082,1,0.97,0.32164627,0.03229445843539529,1
2108,1,0.96,0.313388,0.008715418603511263,1
2277,1,0.96,0.313388,0.008715418603511263,1
691,1,0.96,0.4275965,0.04973559816700484,1
844,1,0.96,0.33705795,0.023695218480345406,1
635,1,0.96,0.4275965,0.04973559816700484,1
1699,1,0.96,0.39158022,0.022177778211968764,1
2097,1,0.96,0.34808314,0.012693798021990815,1
2096,1,0.96,0.31493923,0.01031765520720616,1
768,1,0.96,0.37782848,0.030989050188734067,1
2147,1,0.96,0.34808314,0.012693798021990815,1
1480,1,0.96,0.33758897,0.03739099819971522,1
2092,1,0.96,0.30525273,0.011239345166376523,1
621,1,0.96,0.34776872,0.01129979634438764,1
2146,1,0.96,0.31493923,0.01031765520720616,1
1565,1,0.96,0.32751757,0.02614722533277797,1
2266,1,0.96,0.34808314,0.012693798021990815,1
2142,1,0.96,0.30525273,0.011239345166376523,1
798,1,0.96,0.42420107,0.01958060776553714,1
2265,1,0.96,0.31493923,0.01031765520720616,1
1658,1,0.96,0.32751757,0.02614722533277797,1
1615,1,0.96,0.32751757,0.02614722533277797,1
2261,1,0.96,0.30525273,0.011239345166376523,1
737,1,0.96,0.37117052,0.03562842336157829,1
1296,1,0.96,0.3886531,0.010686144368623314,1
830,1,0.96,0.37080973,0.00675729755320844,1
644,1,0.96,0.5204846,0.02163611468720946,1
897,1,0.96,0.34776872,0.01129979634438764,1
856,1,0.96,0.4275965,0.04973559816700484,1
678,1,0.96,0.34776872,0.01129979634438764,1
767,1,0.96,0.40052602,0.026575657163211926,1
2158,1,0.96,0.313388,0.008715418603511263,1
1553,1,0.95,0.32309395,0.015685163685488928,1
705,1,0.95,0.2991357,0.024773965371064126,1
604,1,0.95,0.37589768,0.033596275812890444,1
1851,1,0.95,0.30527568,0.027203897366715135,1
804,1,0.95,0.4174735,0.031860172921815186,1
1751,1,0.95,0.30527568,0.027203897366715135,1
708,1,0.95,0.33337885,0.012202107620906323,1
862,1,0.95,0.34313095,0.015163638587394262,1
646,1,0.95,0.2991357,0.024773965371064126,1
182,1,0.95,0.3611165,0.0294200545257608,1
697,1,0.95,0.34313095,0.015163638587394262,1
655,1,0.95,0.349477,0.030847586483522448,1
721,1,0.95,0.29642546,0.031121334164913986,1
819,1,0.95,0.30711287,0.00737203530892276,1
752,1,0.95,0.3410946,0.03053399579949728,1
677,1,0.95,0.33035147,0.023300019189387542,1
873,1,0.95,0.33337885,0.012202107620906323,1
1114,1,0.95,0.40462163,0.03398094146505832,1
869,1,0.95,0.2991357,0.024773965371064126,1
1279,1,0.95,0.35669252,0.028473891736840222,1
1501,1,0.95,0.33873588,0.0042063864353781765,1
649,1,0.95,0.33337885,0.012202107620906323,1
609,1,0.95,0.45661741,0.03779858466324327,1
1603,1,0.95,0.32309395,0.015685163685488928,1
684,1,0.94,0.354982,0.010010346614995311,1
746,1,0.94,0.4538867,0.031048999934464118,1
1450,1,0.94,0.39013296,0.007012443950297751,1
614,1,0.94,0.354982,0.010010346614995311,1
607,1,0.94,0.3755389,0.03155580076004538,1
797,1,0.94,0.33053657,0.019897798207131674,1
1921,1,0.94,0.3213097,0.03251454300914548,1
2291,1,0.94,0.30292472,0.011167159433076095,1
2086,1,0.94,0.3069595,0.0,1
1212,1,0.94,0.33867934,0.01553171037053417,1
2190,1,0.94,0.30292472,0.011167159433076095,1
628,1,0.94,0.354982,0.010010346614995311,1
2030,1,0.94,0.32055712,0.014865049508720026,1
1909,1,0.94,0.3328878,0.044535681424514945,1
608,1,0.94,0.4078259,0.03614196988351045,1
2255,1,0.94,0.3069595,0.0,1
198,1,0.94,0.30796975,0.03389338781749472,1
1255,1,0.94,0.30509108,0.029484039780062393,1
724,1,0.94,0.33053657,0.019897798207131674,1
822,1,0.94,0.32246822,0.011888128681947911,1
2136,1,0.94,0.3069595,0.0,1
799,1,0.93,0.37110114,0.0270430369094866,1
1964,1,0.93,0.35866702,0.028498825468381485,1
824,1,0.93,0.29915646,0.019754748976359055,1
827,1,0.93,0.35282812,0.04245237109830614,1
499,1,0.93,0.33278424,0.030925520369362188,1
336,1,0.93,0.34471583,0.027569167729046044,1
765,1,0.93,0.39053705,0.03499007470838537,1
668,1,0.93,0.35491043,0.029542575849821104,1
663,1,0.93,0.35491043,0.029542575849821104,1
847,1,0.93,0.500011,0.07294814654554606,1
1762,1,0.93,0.30053103,0.024494067440839044,1
548,1,0.93,0.35120982,0.007524694167712705,1
1862,1,0.93,0.30053103,0.024494067440839044,1
1885,1,0.93,0.435194,0.03778054579090823,1
770,1,0.93,0.36497,0.011059402105760088,1
809,1,0.93,0.39053705,0.03499007470838537,1
1233,1,0.92,0.3223569,0.006190251317201795,1
836,1,0.92,0.3443485,0.038747611265950804,1
834,1,0.92,0.3214558,0.017484838156991103,1
1959,1,0.92,0.3470905,0.03814092743362381,1
777,1,0.92,0.35077447,0.030971336658299972,1
286,1,0.92,0.3233354,0.017297860796118922,1
1996,1,0.92,0.31048435,0.004191661308427601,1
1883,1,0.92,0.37337607,0.01566949911885643,1
2090,1,0.92,0.3015914,0.00899495087381439,1
1546,1,0.92,0.3686254,0.01578846896049219,1
695,1,0.92,0.31944364,0.02618918324417558,1
1724,1,0.92,0.38369375,0.015781739728578947,1
2259,1,0.92,0.3015914,0.00899495087381439,1
860,1,0.92,0.31944364,0.02618918324417558,1
2140,1,0.92,0.3015914,0.00899495087381439,1
1555,1,0.91,0.31858882,0.0,1
1237,1,0.91,0.30337238,0.0,1
828,1,0.91,0.3682699,0.03449130575074555,1
1337,1,0.91,0.33440173,0.016303917297423046,1
1342,1,0.91,0.30096275,0.010019426909051162,1
688,1,0.91,0.31758475,0.010521856210650682,1
756,1,0.91,0.4050911,0.05411557454461419,1
602,1,0.91,0.36205852,0.020172335407449466,1
308,1,0.91,0.31291068,0.004296054589722957,1
47,1,0.91,0.33972278,0.024576984951506606,1
2029,1,0.91,0.38322508,0.013406892952546936,1
710,1,0.91,0.3171123,0.036092110234460455,1
861,1,0.91,0.3931447,0.03264642230094379,1
696,1,0.91,0.3931447,0.03264642230094379,1
1453,1,0.91,0.35033357,0.023997497562389582,1
808,1,0.91,0.36205852,0.020172335407449466,1
1605,1,0.91,0.31858882,0.0,1
1341,1,0.91,0.30096275,0.010019426909051162,1
699,1,0.91,0.3171123,0.036092110234460455,1
41,1,0.91,0.33972278,0.024576984951506606,1
789,1,0.9,0.35925388,0.02633799415717707,1
817,1,0.9,0.34602815,0.03456393178302988,1
1500,1,0.9,0.34455538,0.013688926895412179,1
98,1,0.9,0.36006996,0.003979517174165673,1
1559,1,0.9,0.32680404,0.02002792381362439,1
1968,1,0.9,0.321241,0.02082696503096953,1
633,1,0.9,0.35605428,0.016109974122424712,1
1609,1,0.9,0.32680404,0.02002792381362439,1
1898,1,0.9,0.37801772,0.029910559918348734,1
1411,1,0.9,0.3589335,0.007953516924861244,1
622,1,0.9,0.35605428,0.016109974122424712,1
2055,1,0.9,0.3088309,0.004408173589714667,1
1543,1,0.89,0.40085876,0.026646174807014224,1
1151,1,0.89,0.30847648,0.02148296382633892,1
803,1,0.89,0.39960337,0.03821697680619883,1
102,1,0.89,0.3368134,0.047098442179708974,1
800,1,0.89,0.3184015,0.037488567233335136,1
1932,1,0.89,0.2981788,0.029017976541544636,1
1222,1,0.89,0.316981,0.02042901186545408,1
2318,1,0.89,0.40588573,0.019622679792640575,1
805,1,0.89,0.36899388,0.03581112607048338,1
254,1,0.89,0.37495822,0.018014754025456,1
730,1,0.89,0.3097964,0.02164077451965009,1
196,1,0.88,0.34331864,0.005788779252966265,1
1210,1,0.88,0.2963711,0.008342278983122689,1
735,1,0.88,0.40198058,0.02103940521085016,1
605,1,0.88,0.40325773,0.043896655013589,1
727,1,0.88,0.38337827,0.03465220005832613,1
1750,1,0.88,0.35123703,0.01910958723325691,1
4,1,0.88,0.2963711,0.008342278983122689,1
769,1,0.88,0.37229568,0.006396869902344556,1
1239,1,0.88,0.35175806,0.01465166238890514,1
810,1,0.88,0.39261994,0.04893923805188373,1
1850,1,0.88,0.35123703,0.01910958723325691,1
1282,1,0.88,0.34814832,0.020927006518246537,1
1906,1,0.88,0.3985152,0.032352860337166986,1
1757,1,0.88,0.3160798,0.010131172798786546,1
972,1,0.88,0.37347716,0.014890221840294773,1
815,1,0.88,0.43767196,0.026925624157452067,1
1857,1,0.88,0.3160798,0.010131172798786546,1
1079,1,0.88,0.39344388,0.023946552579626794,1
786,1,0.88,0.39990646,0.01198244358162542,1
837,1,0.88,0.44936606,0.00800292080731266,1
603,1,0.88,0.372542,0.014377657478593361,1
1908,1,0.87,0.3677491,0.032396565382043274,1
1451,1,0.87,0.3812759,0.004146976902970437,1
1772,1,0.87,0.2986465,0.00412849676413481,1
742,1,0.87,0.31164798,0.031038939594857852,1
1972,1,0.87,0.34026593,0.012863725290438425,1
526,1,0.87,0.3772119,0.02062895959257592,1
1054,1,0.87,0.31957078,0.023316223668383852,1
1481,1,0.87,0.3306383,0.023716632694697752,1
1558,1,0.87,0.3094282,0.023569807632781693,1
807,1,0.87,0.33400428,0.03954401107528046,1
1206,1,0.87,0.30528164,0.006590652771292813,1
58,1,0.87,0.30528164,0.006590652771292813,1
2335,1,0.87,0.44412974,0.006944478420481319,1
611,1,0.87,0.3247756,0.013080911726420865,1
1608,1,0.87,0.3094282,0.023569807632781693,1
813,1,0.87,0.37460566,0.017052079249357394,1
60,1,0.87,0.3175792,0.02512817157791914,1
1872,1,0.87,0.2986465,0.00412849676413481,1
881,1,0.87,0.37118596,0.02346042992870962,1
1914,1,0.86,0.48610955,0.009332717292202823,1
849,1,0.86,0.36318535,0.01038355487879666,1
1894,1,0.86,0.3114209,0.026619759086045604,1
743,1,0.86,0.30595687,0.026917819584922953,1
2049,1,0.86,0.3209613,0.006281729854433673,1
1454,1,0.86,0.31226146,0.010502125227935715,1
831,1,0.86,0.33420116,0.020438238608591563,1
766,1,0.86,0.37117654,0.02678633622705081,1
1300,1,0.86,0.3443631,0.0061363487519783995,1
1448,1,0.86,0.38918805,0.010287122009185109,1
842,1,0.85,0.3852964,0.011726502354425386,1
1967,1,0.85,0.4160365,0.028848498467846435,1
1491,1,0.85,0.3083306,0.01020251942317717,1
1950,1,0.85,0.31303087,0.027682676447008045,1
1433,1,0.85,0.38457423,0.012039108563118872,1
2396,1,0.85,0.31281543,0.003975165649123047,1
1431,1,0.85,0.39720923,0.013708095168209096,1
1954,1,0.85,0.40986043,0.042382319550848646,1
764,1,0.85,0.3472015,0.019660468761324153,1
818,1,0.85,0.33970174,0.03401462102421298,1
1881,1,0.85,0.3430063,0.028989758148043103,1
784,1,0.85,0.3021398,0.02266055850100155,1
801,1,0.85,0.31029934,0.030627533538054832,1
132,1,0.85,0.3711827,0.006699878512617786,1
240,1,0.85,0.3313697,0.01983782993038391,1
1549,1,0.85,0.3077559,0.0,1
821,1,0.85,0.3471228,0.0349991716088225,1
1489,1,0.85,0.3313697,0.01983782993038391,1
261,1,0.85,0.3083306,0.01020251942317717,1
81,1,0.84,0.36798757,0.021238557771057515,1
1082,1,0.84,0.3403782,0.005673294685708881,1
781,1,0.84,0.39933008,0.027086377441795643,1
1486,1,0.84,0.33684677,0.0,1
747,1,0.84,0.4214632,0.05259133414842369,1
223,1,0.84,0.3132133,0.023630952982404523,1
788,1,0.84,0.3350467,0.027682058171631767,1
2034,1,0.84,0.33104748,0.0,1
816,1,0.84,0.38960707,0.025607509052861275,1
1285,1,0.84,0.37868044,0.010058265652201578,1
829,1,0.84,0.39031154,0.030004227595560866,1
181,1,0.84,0.37192962,0.0,1
1917,1,0.84,0.33299792,0.02447695197072916,1
1254,1,0.84,0.30294186,0.0,1
1876,1,0.83,0.34616867,0.03244537399622224,1
2369,1,0.83,0.30067414,0.016732403170611997,1
175,1,0.83,0.30176258,0.030830300366099444,1
794,1,0.83,0.31275633,0.02653991334297582,1
843,1,0.83,0.3928234,0.004300075608637394,1
772,1,0.83,0.38720155,0.038235216459929514,1
142,1,0.83,0.33552247,0.0226974428360816,1
1903,1,0.83,0.30056196,0.034901308315047085,1
541,1,0.83,0.35314387,0.019354352515569544,1
738,1,0.83,0.34454006,0.027432486418158805,1
494,1,0.83,0.31253278,0.02681931333637782,1
773,1,0.83,0.3493417,0.0352757205941935,1
1208,1,0.83,0.4228821,0.0,1
1698,1,0.83,0.36339945,0.01877434712619417,1
795,1,0.83,0.3528938,0.03686421795744142,1
2399,1,0.83,0.3063028,0.018255940328532904,1
750,1,0.83,0.34284025,0.020142543156922006,1
76,1,0.83,0.3271227,0.02349641082864764,1
19,1,0.82,0.3486824,0.0,1
2301,1,0.82,0.35762727,0.0,1
1924,1,0.82,0.30034333,0.022319071441883637,1
1299,1,0.82,0.32722056,0.010182836954540683,1
725,1,0.82,0.3398439,0.039699380968897885,1
666,1,0.82,0.35658336,0.019862628589583275,1
2392,1,0.82,0.29726097,0.012566089184374017,1
1715,1,0.82,0.36122802,0.008671499800989297,1
450,1,0.82,0.36516988,0.004989071327618761,1
850,1,0.82,0.3856268,0.018333142389340744,1
832,1,0.82,0.29805753,0.018133042588180603,1
1246,1,0.82,0.3063823,0.009935492045046531,1
1691,1,0.82,0.34145468,0.013875554835209641,1
1732,1,0.82,0.36348426,0.0,1
946,1,0.82,0.31374964,0.019631454267275326,1
1365,1,0.82,0.3352391,0.008205354898166296,1
2211,1,0.82,0.3412283,0.022171525892211583,1
65,1,0.82,0.3340131,0.009283729484474203,1
193,1,0.82,0.35786182,0.009633225837318588,1
734,1,0.81,0.4251544,0.024674864721936685,1
2406,1,0.81,0.39221537,0.01675878221185807,1
852,1,0.81,0.36611456,0.020799889593184892,1
1385,1,0.81,0.31163174,0.0021245187847293455,1
536,1,0.81,0.30757788,0.0017826612284107199,1
460,1,0.81,0.35620457,0.007310716177759592,1
1389,1,0.81,0.35250533,0.013465263792984239,1
792,1,0.81,0.35147518,0.035202800767727783,1
1722,1,0.81,0.3039579,0.018269293890523564,1
2025,1,0.81,0.3433739,0.0,1
848,1,0.81,0.32920298,0.009608529532519765,1
284,1,0.8,0.32632408,0.002202173510735296,1
2231,1,0.8,0.31662965,0.015761866025738414,1
1808,1,0.8,0.31162307,0.009238867849832492,1
451,1,0.8,0.3673378,0.0052338786825922605,1
1780,1,0.8,0.29823452,0.009691524777137889,1
1220,1,0.8,0.2963194,0.019945871560186068,1
826,1,0.8,0.3461361,0.025254847827418263,1
1357,1,0.8,0.3232253,0.01818114083252008,1
1461,1,0.8,0.3121516,0.007011382852010133,1
740,1,0.8,0.3300525,0.024543943913995316,1
457,1,0.8,0.31376606,0.0038736112583385857,1
1537,1,0.8,0.31391758,0.010210308813259378,1
1452,1,0.8,0.35641813,0.005186584880738311,1
1276,1,0.8,0.36007708,0.009086490994319688,1
202,1,0.79,0.29818943,0.02078931217756774,1
812,1,0.79,0.31398535,0.02530088671729905,1
1910,1,0.79,0.3480843,0.01996479116816732,1
294,1,0.79,0.32673076,0.022347427955159236,1
248,1,0.79,0.3222195,0.0,1
1301,1,0.79,0.30303463,0.004773090196381009,1
2051,1,0.79,0.41093877,0.0,1
6,1,0.79,0.2992277,0.021325074784741348,1
32,1,0.79,0.3197161,0.0014877411083780866,1
561,1,0.78,0.32343188,0.0200569557821171,1
1776,1,0.78,0.38910583,0.003149661692584319,1
751,1,0.78,0.41288513,0.041673682413553285,1
183,1,0.78,0.30165666,0.011077439047951384,1
741,1,0.78,0.3022442,0.019499808616566514,1
811,1,0.78,0.38750294,0.024756145718743763,1
1539,1,0.78,0.31551194,0.0,1
289,1,0.78,0.33461443,0.018403411786449473,1
802,1,0.78,0.4246617,0.03649643695447736,1
1483,1,0.78,0.31451863,0.0033450149755209204,1
64,1,0.78,0.3754002,0.003669369890723161,1
841,1,0.78,0.3063375,0.016985239821552645,1
229,1,0.78,0.38622132,0.021229244566653788,1
1482,1,0.78,0.39632183,0.0,1
1058,1,0.78,0.2967154,0.016666253846529082,1
1912,1,0.78,0.37128836,0.01380134477778813,1
1314,1,0.78,0.3064336,0.010010271910713752,1
779,1,0.78,0.34156036,0.021780648742469166,1
184,1,0.78,0.37944663,0.004989320656164414,1
445,1,0.78,0.29591548,0.006882987913404961,1
159,1,0.78,0.29961404,0.0080202204140425,1
2378,1,0.77,0.31905887,0.004832712376075766,1
23,1,0.77,0.3206328,0.020840853605452278,1
1368,1,0.77,0.29663897,0.01215611723552569,1
1727,1,0.77,0.32547462,0.021498241358212614,1
137,1,0.77,0.31358755,0.009637489773360926,1
161,1,0.77,0.31260905,0.023594965359159732,1
761,1,0.77,0.30196822,0.018201323596303574,1
760,1,0.77,0.33200783,0.03749669422481266,1
846,1,0.77,0.34781876,0.021946010615520307,1
1307,1,0.77,0.36597812,0.026565668941708184,1
162,1,0.77,0.29745895,0.0055260507403953035,1
1414,1,0.77,0.3150875,0.00177402860966884,1
1437,1,0.76,0.3076955,0.01799795700653458,1
364,1,0.76,0.3758865,0.009710976449513613,1
1946,1,0.76,0.32212916,0.017202537487106224,1
1315,1,0.76,0.30191636,0.025636969001782257,1
1013,1,0.76,0.31759784,0.015008857136313055,1
2409,1,0.76,0.3335914,0.014113031122275063,1
1706,1,0.76,0.30973417,0.022584169696891546,1
52,1,0.76,0.31543583,0.0199399041016589,1
775,1,0.76,0.41005543,0.01739224613966303,1
763,1,0.76,0.33641595,0.0211875885650958,1
165,1,0.76,0.3531807,0.02456659989785571,1
28,1,0.76,0.33038568,0.015426160160045867,1
796,1,0.76,0.31716263,0.016156835343319804,1
37,1,0.76,0.32415342,0.017622324679368116,1
1409,1,0.76,0.32630843,0.010334602177510631,1
236,1,0.75,0.3189029,0.013954249727856811,1
437,1,0.75,0.35125622,0.013800544869670504,1
292,1,0.75,0.38006535,0.015934802482324116,1
1542,1,0.75,0.46305734,0.009412807889550926,1
235,1,0.75,0.33919847,0.015163431497981815,1
205,1,0.75,0.29944196,0.020719584467684453,1
218,1,0.75,0.3054883,0.01657649768801879,1
728,1,0.74,0.310403,0.00928682487713209,1
277,1,0.74,0.34306797,0.010122282824036617,1
490,1,0.74,0.36990505,0.007425488577249272,1
2429,1,0.74,0.30352613,0.015659065905064502,1
243,1,0.74,0.40703458,0.0,1
833,1,0.74,0.35794318,0.03300980626057897,1
1490,1,0.74,0.29645938,0.005233290580147185,1
793,1,0.74,0.3464278,0.022507699807018715,1
1243,1,0.74,0.30208904,0.013938858162320059,1
114,1,0.74,0.30109283,0.01512705540039724,1
1400,1,0.74,0.31579915,0.011563352917492256,1
1888,1,0.74,0.38187736,0.017825961617164612,1
2418,1,0.74,0.31936452,0.018524861289334248,1
360,1,0.73,0.3027925,0.016895103346105493,1
14,1,0.73,0.3344198,0.006240921238312884,1
281,1,0.73,0.33431304,0.0,1
552,1,0.73,0.3135504,0.01791014088329816,1
251,1,0.73,0.31659633,0.010481065841426794,1
1730,1,0.73,0.30628166,0.009709134367883976,1
513,1,0.73,0.3053463,0.010300770038197226,1
1960,1,0.73,0.30844143,0.007062859786799569,1
2215,1,0.73,0.3083018,0.02070515726380985,1
1802,1,0.73,0.31083637,0.009505375827598686,1
2026,1,0.73,0.3214208,0.0,1
785,1,0.73,0.3052119,0.025771430902763248,1
1375,1,0.73,0.3100673,0.012839281991064173,1
1257,1,0.72,0.29898047,0.00994910915874032,1
492,1,0.72,0.37338585,0.009336197673819949,1
2222,1,0.72,0.30330598,0.019046546925566055,1
1297,1,0.72,0.29886523,0.0014129170645637795,1
394,1,0.72,0.33871627,0.014370015514552283,1
1519,1,0.72,0.3904573,0.005170043111479283,1
1529,1,0.72,0.34304374,0.007482770325520947,1
1965,1,0.72,0.32289243,0.02026088049039963,1
411,1,0.72,0.32548937,0.007473734989057205,1
774,1,0.72,0.3575154,0.01678345622095229,1
583,1,0.72,0.30375206,0.01682933822805042,1
125,1,0.72,0.34128854,0.010233333118248256,1
2236,1,0.71,0.30521905,0.02132498842281544,1
1332,1,0.71,0.29836887,0.017204543389018303,1
404,1,0.71,0.3022222,0.018313924474487923,1
1783,1,0.71,0.31630033,0.016209018928309046,1
12,1,0.71,0.3695277,0.01626499552342115,1
733,1,0.71,0.33805695,0.02263346245068722,1
2212,1,0.71,0.34371814,0.015871984783251344,1
1462,1,0.71,0.39319843,0.00935009774755808,1
739,1,0.71,0.43596855,0.012414019286777255,1
2223,1,0.71,0.33418596,0.00798617276443195,1
1839,1,0.71,0.31064948,0.01539471409491559,1
383,1,0.71,0.31464276,0.01420734370351458,1
258,1,0.71,0.38102484,0.017363925272207207,1
2329,1,0.71,0.32018137,0.017938759016514625,1
260,1,0.71,0.30539477,0.008124902622832011,1
88,1,0.7,0.29802573,0.016589978472091895,1
757,1,0.7,0.35385036,0.020962096413915877,1
1334,1,0.7,0.34523124,0.0,1
1252,1,0.7,0.30635512,0.010837582178546877,1
2234,1,0.7,0.31792426,0.010592315619958041,1
197,1,0.7,0.30896914,0.009578712391552592,1
68,1,0.7,0.34299973,0.02584371215980346,1
2204,1,0.7,0.32787508,0.02182380464895997,1
449,1,0.7,0.3081742,0.008886963560248875,1
225,1,0.7,0.36592257,0.004428378805291387,1
120,1,0.7,0.30089974,0.005310362207329286,1
464,1,0.7,0.30751708,0.02022126827645528,1
2062,1,0.7,0.33293143,0.008099351766510735,1
257,1,0.69,0.33571362,0.013178563161315542,1
1925,1,0.69,0.34969202,0.014378390678619192,1
1779,1,0.69,0.33990383,0.01577475560360585,1
63,1,0.69,0.31052023,0.00789405455354383,1
151,1,0.69,0.3364498,0.007512311807824907,1
56,1,0.69,0.38712057,0.013975615186038607,1
215,1,0.69,0.3516333,0.013191788779706415,1
2235,1,0.69,0.31722593,0.005022861655575894,1
1267,1,0.69,0.32111216,0.01001589187408005,1
25,1,0.69,0.34656358,0.015685045529993145,1
422,1,0.69,0.30222428,0.013048381335605458,1
96,1,0.69,0.30702344,0.01115377927685152,1
1466,1,0.69,0.33562678,0.0,1
1734,1,0.69,0.37581947,0.004545974981576463,1
1919,1,0.69,0.34655073,0.02292261364341436,1
164,1,0.69,0.31200314,0.019429596846608232,1
1933,1,0.68,0.34026968,0.012415256383933504,1
1504,1,0.68,0.3005414,0.011353065825351599,1
482,1,0.68,0.3168489,0.0036825245260449974,1
84,1,0.68,0.33124697,0.01572639616918824,1
135,1,0.68,0.3047331,0.012321061098510087,1
285,1,0.68,0.37246522,0.0,1
89,1,0.68,0.3631959,0.013525662166809503,1
1782,1,0.68,0.35273752,0.0,1
1811,1,0.68,0.35723338,0.011384599374314495,1
220,1,0.68,0.32203013,0.015349835207090603,1
274,1,0.67,0.31496233,0.02345465031327126,1
291,1,0.67,0.30066556,0.011475315239229327,1
1810,1,0.67,0.3476195,0.0,1
820,1,0.67,0.30838528,0.01602256651705484,1
1330,1,0.67,0.30455378,0.0096795947035315,1
1281,1,0.67,0.2957514,0.009647165305272497,1
1820,1,0.67,0.30259484,0.011585209670534537,1
21,1,0.67,0.35826156,0.017348843768608138,1
321,1,0.67,0.31702763,0.007293810424247255,1
511,1,0.67,0.3162859,0.0043173608307568185,1
1344,1,0.67,0.30012977,0.0044318860606202635,1
1077,1,0.67,0.30555123,0.01372641711674083,1
2032,1,0.67,0.33649257,0.011311273144581913,1
521,1,0.67,0.31922242,0.012315909587231645,1
442,1,0.67,0.3195536,0.015054472209865844,1
2220,1,0.67,0.36332965,0.00888929226520372,1
2221,1,0.66,0.32197034,0.008100542522639788,1
1262,1,0.66,0.34413227,0.013487607985236141,1
1918,1,0.66,0.35939798,0.014381253044614486,1
1165,1,0.66,0.31845284,0.006865294820478303,1
340,1,0.66,0.31233588,0.013676776950235253,1
1938,1,0.66,0.30591488,0.02900044610860792,1
1249,1,0.66,0.30218422,0.01759530589624947,1
5,1,0.66,0.31413215,0.0024098367473068894,1
80,1,0.66,0.3043694,0.002904654457249474,1
1523,1,0.66,0.31197137,0.00729364611801569,1
384,1,0.66,0.36036032,0.0,1
1449,1,0.66,0.30579567,0.010359364319085714,1
1270,1,0.65,0.32831922,0.013051989564237363,1
1349,1,0.65,0.3233674,0.006503305376478414,1
2325,1,0.65,0.32125545,0.00800401936635731,1
554,1,0.65,0.29909247,0.022441244282219,1
377,1,0.65,0.30205417,0.016650877707295696,1
276,1,0.65,0.3278727,0.008921902152684628,1
252,1,0.65,0.3330908,0.009262128734815987,1
1403,1,0.65,0.30618125,0.010832866465287644,1
109,1,0.65,0.38441992,0.005864543475718289,1
22,1,0.64,0.2982916,0.020257822422902038,1
189,1,0.64,0.34455773,0.010956355746309598,1
1283,1,0.64,0.3114795,0.005588086373786695,1
1352,1,0.64,0.29637346,0.014177637495163022,1
594,1,0.64,0.2967342,0.0105601863131289,1
1814,1,0.64,0.3189702,0.008773451331646545,1
2203,1,0.64,0.3288539,0.012400659564376868,1
748,1,0.64,0.34381753,0.02070420514120328,1
1323,1,0.64,0.39482677,0.005938915061890232,1
92,1,0.63,0.33163267,0.001332490832223152,1
1428,1,0.63,0.3079235,0.014532920245951684,1
2289,1,0.63,0.35168427,0.012954315513314673,1
2428,1,0.63,0.38617542,0.013372046316014866,1
1348,1,0.63,0.30856884,0.011977533160807952,1
732,1,0.62,0.3608306,0.01534827170480305,1
1408,1,0.62,0.3243332,0.01707158886412355,1
596,1,0.62,0.29848456,0.0031298659972432167,1
206,1,0.62,0.35875744,0.012502764530589634,1
1034,1,0.61,0.29843196,0.014614301961148771,1
468,1,0.61,0.29859304,0.015973286542288884,1
2214,1,0.61,0.29990053,0.009706390019487445,1
1508,1,0.61,0.31189188,0.02106005179157564,1
186,1,0.61,0.32269904,0.01024246290308362,1
427,1,0.61,0.30658373,0.00612164678243342,1
144,1,0.6,0.3049119,0.009022489563875087,1
311,1,0.6,0.31108215,0.011526657035754981,1
906,1,0.59,0.30361444,0.01269676683385628,1
538,1,0.59,0.33542147,0.01424615739124998,1
185,1,0.59,0.30587417,0.011151323670298505,1
2225,1,0.58,0.33571437,0.01776459858050354,1
214,1,0.57,0.30058205,0.013485127643116424,1
1412,1,0.55,0.37455815,0.002088401566693066,1
573,1,0.55,0.30568165,0.0012209766874165958,1
1989,0,0.39,0.28826457,0.012839669961403498,0
1988,0,0.39,0.2897331,0.04158619206623992,0
1930,0,0.38,0.27701712,0.01793174848194674,0
2022,0,0.38,0.22761858,0.016498038011593264,0
1515,0,0.37,0.2526734,0.0,0
2334,0,0.36,0.16955198,0.005128893990338387,0
1785,0,0.36,0.26974422,0.011281449695306995,0
2330,0,0.35,0.28986198,0.008687348490692885,0
806,0,0.34,0.26510358,0.03596076891708783,0
1928,0,0.34,0.24641985,0.025936704560259934,0
1788,0,0.34,0.27485555,0.008187091563325147,0
337,0,0.34,0.25784415,0.020465177072951164,0
1823,0,0.33,0.20418544,0.004862282858175016,0
744,0,0.33,0.27106464,0.041638499339139545,0
216,0,0.32,0.2916132,0.005192228881928733,0
448,0,0.32,0.24792413,0.02363554225656066,0
2359,0,0.32,0.29119378,0.02881974722779251,0
335,0,0.31,0.2795187,0.010881215137710183,0
1795,0,0.31,0.28803357,0.023072662468470947,0
1737,0,0.31,0.20672205,0.014830508637074379,0
1738,0,0.31,0.25254595,0.02199198216648019,0
1884,0,0.31,0.25936127,0.02152161089498185,0
1913,0,0.31,0.2864964,0.027144231476771963,0
1302,0,0.3,0.21951534,0.024272360563522364,0
1878,0,0.29,0.2805239,0.020983201866702442,0
1503,0,0.29,0.23646641,0.02162136795472736,0
2342,0,0.29,0.19047067,0.027953957587999324,0
1739,0,0.29,0.2472626,0.010091902389443888,0
1712,0,0.29,0.28943178,0.02898257615615275,0
428,0,0.29,0.14310102,0.022994985612786015,0
1990,0,0.29,0.22866279,0.014288125328461392,0
1891,0,0.28,0.1856128,0.008682146213092542,0
2432,0,0.28,0.2727307,0.03503183615187363,0
1524,0,0.28,0.24930358,0.0,0
1901,0,0.28,0.22137573,0.02472733175998046,0
1248,0,0.28,0.21755038,0.023086672753991684,0
1492,0,0.28,0.26332414,0.021979608160966876,0
598,0,0.28,0.2008487,0.020180787419536616,0
2331,0,0.27,0.2893542,0.023835310154453407,0
1312,0,0.27,0.27356875,0.005804302530766497,0
1127,0,0.26,0.13922173,0.018187890059852486,0
1948,0,0.26,0.26288038,0.037993114007425416,0
759,0,0.26,0.2683119,0.019556015983205225,0
1310,0,0.26,0.17645961,0.0059945483320560985,0
1877,0,0.26,0.2848094,0.03486846562083427,0
2031,0,0.26,0.28273913,0.006706477812971083,0
2206,0,0.26,0.25648648,0.02036992234499734,0
2205,0,0.26,0.26313752,0.028291358665897447,0
493,0,0.26,0.29348874,0.01932863168397747,0
1916,0,0.25,0.1456168,0.029685185557320446,0
1957,0,0.25,0.21062708,0.02626334938843643,0
1958,0,0.25,0.22492659,0.03470336223705758,0
2050,0,0.25,0.27022398,0.018037149905404462,0
474,0,0.25,0.22016904,0.023996445854063693,0
932,0,0.25,0.2923891,0.0064898517000935105,0
1985,0,0.25,0.23797044,0.016011569133993292,0
1394,0,0.25,0.25575218,0.021698033585132965,0
1273,0,0.25,0.234914,0.0,0
1377,0,0.25,0.23560454,0.008542661729142751,0
1953,0,0.24,0.17036086,0.019936867048581376,0
1980,0,0.24,0.18151921,0.0,0
2042,0,0.24,0.2649637,0.010430836759038989,0
2207,0,0.24,0.2931158,0.015761771644276324,0
1966,0,0.24,0.17285481,0.026459331271115306,0
1359,0,0.24,0.18391733,0.024425130054192012,0
1550,0,0.24,0.27992308,0.02744479709386576,0
1983,0,0.24,0.24558637,0.010127718957059335,0
51,0,0.24,0.19566566,0.020201273300581947,0
731,0,0.24,0.24536213,0.022088658958152204,0
2374,0,0.24,0.27662477,0.02221368964156585,0
1710,0,0.24,0.21729785,0.0,0
2039,0,0.24,0.25058544,0.0,0
2053,0,0.23,0.22668839,0.0283869320874766,0
264,0,0.23,0.24606448,0.014011122451887334,0
38,0,0.23,0.29534343,0.025254475217026798,0
1940,0,0.23,0.28897452,0.03595930088705265,0
2358,0,0.23,0.19613872,0.022567241794967205,0
454,0,0.23,0.24520507,0.01838477299669279,0
2345,0,0.23,0.29245624,0.043638950960576954,0
2401,0,0.23,0.22444408,0.02467388830699962,0
1907,0,0.23,0.25002778,0.03901751948440036,0
1477,0,0.23,0.28988764,0.006557228191653185,0
780,0,0.22,0.2897259,0.0276553334371929,0
825,0,0.22,0.28342584,0.021396706429236273,0
1899,0,0.22,0.15821156,0.019898469179076197,0
406,0,0.22,0.2787253,0.011545868142293981,0
2383,0,0.22,0.20481344,0.008338761582281994,0
481,0,0.22,0.2248245,0.031204720117550995,0
2437,0,0.22,0.15780051,0.021312800191565454,0
2054,0,0.22,0.1815409,0.020948180800930163,0
963,0,0.22,0.2300395,0.0,0
1976,0,0.22,0.23811403,0.008086711638498282,0
11,0,0.22,0.1869541,0.01793993635571456,0
522,0,0.22,0.25648123,0.012361303491366117,0
266,0,0.22,0.26573434,0.003644136560748547,0
2013,0,0.22,0.26730418,0.008145938950874499,0
1970,0,0.22,0.119333744,0.014892555589622283,0
1493,0,0.22,0.26137644,0.013929560310697014,0
1201,0,0.22,0.20638117,0.017163579436186297,0
238,0,0.21,0.25367856,0.016999100452133445,0
2003,0,0.21,0.26470816,0.0025652129948591056,0
1260,0,0.21,0.24468556,0.0,0
296,0,0.21,0.18242553,0.02351780126120525,0
400,0,0.21,0.26548702,0.024718591177986096,0
1495,0,0.21,0.27644843,0.022375191533529033,0
1324,0,0.21,0.20389163,0.030494676319734813,0
1202,0,0.21,0.2882604,0.0,0
27,0,0.21,0.29290003,0.008073337997438403,0
1955,0,0.21,0.24059352,0.02330240046475844,0
124,0,0.21,0.27768812,0.005102734030236266,0
753,0,0.21,0.2352705,0.024900736661305267,0
1155,0,0.21,0.19890113,0.02129282848646405,0
24,0,0.2,0.2816218,0.01932787870773026,0
1904,0,0.2,0.22911164,0.03550424566328488,0
1536,0,0.2,0.28732717,0.013908100579539832,0
2216,0,0.2,0.21157816,0.018126192684981907,0
1975,0,0.2,0.2689922,0.011002158063698697,0
1889,0,0.2,0.09706221,0.02762742610660535,0
1336,0,0.2,0.2701387,0.00617455047941768,0
1245,0,0.2,0.27980098,0.0,0
967,0,0.2,0.19115716,0.028236155202074818,0
1945,0,0.2,0.24856362,0.024465457167165295,0
1101,0,0.2,0.25437775,0.01941775619484699,0
1826,0,0.2,0.27780038,0.02047282216057588,0
231,0,0.2,0.2786032,0.021235616893678942,0
1995,0,0.2,0.22871086,0.014559895406826001,0
1943,0,0.2,0.18644391,0.020645968913051118,0
853,0,0.19,0.27869025,0.010911475824463645,0
1831,0,0.19,0.261116,0.02066431858715094,0
299,0,0.19,0.23369235,0.008420034438650645,0
2021,0,0.19,0.26240537,0.012637573421476592,0
138,0,0.19,0.27217335,0.019410596836361975,0
2009,0,0.19,0.2579187,0.0037229053809333295,0
2405,0,0.19,0.20455554,0.020609854742386084,0
1728,0,0.19,0.20433186,0.0032590704770683442,0
416,0,0.19,0.25172335,0.010326302598117528,0
242,0,0.19,0.25490624,0.0,0
762,0,0.19,0.26138815,0.0246141790386157,0
1096,0,0.19,0.23445833,0.02863900611572642,0
122,0,0.19,0.25252968,0.03050515713673567,0
587,0,0.19,0.21027452,0.02252317950429581,0
127,0,0.19,0.22385848,0.04317367134487578,0
392,0,0.19,0.28194344,0.020278353835938057,0
1775,0,0.19,0.2082707,0.01063551641576096,0
415,0,0.19,0.29125422,0.02357098085406269,0
35,0,0.18,0.2939769,0.023041085196292378,0
365,0,0.18,0.2400524,0.023693830613808673,0
298,0,0.18,0.20145953,0.0,0
1962,0,0.18,0.20938662,0.03080242631706221,0
601,0,0.18,0.23602498,0.018965450753875533,0
1937,0,0.18,0.28525746,0.03219966880646071,0
1993,0,0.18,0.26402152,0.009995397049421801,0
1061,0,0.18,0.120752506,0.021147611579615727,0
1551,0,0.18,0.092633724,0.0,0
1981,0,0.18,0.27936476,0.014854799006112862,0
1464,0,0.18,0.2403667,0.02007893943319894,0
1719,0,0.18,0.2372837,0.008788578631851368,0
1417,0,0.18,0.2746059,0.022052753730055767,0
1798,0,0.18,0.26290053,0.012535278949363803,0
1441,0,0.18,0.1925489,0.0,0
1836,0,0.18,0.2309846,0.04457278937357873,0
1709,0,0.18,0.22062534,0.0,0
370,0,0.18,0.28699782,0.019630058016053848,0
610,0,0.17,0.278353,0.017498341989094113,0
1942,0,0.17,0.25223678,0.02089535037592804,0
234,0,0.17,0.2239327,0.006689192190394678,0
194,0,0.17,0.17243356,0.0,0
2008,0,0.17,0.24756059,0.021882229611764028,0
1994,0,0.17,0.18111746,0.0,0
307,0,0.17,0.21027529,0.02019217104901853,0
1997,0,0.17,0.14264435,0.0063297398183736475,0
1880,0,0.17,0.23661318,0.023006475838730087,0
293,0,0.17,0.23730293,0.01864873130878986,0
115,0,0.17,0.24462017,0.018856365753930227,0
2355,0,0.17,0.20779367,0.03172347560205792,0
2397,0,0.17,0.22360006,0.015152880968497855,0
1905,0,0.17,0.2900456,0.03759169935127356,0
835,0,0.17,0.22299092,0.02327532190364484,0
1987,0,0.17,0.19271068,0.01718076922017544,0
914,0,0.17,0.28036058,0.02530692296647643,0
1149,0,0.16,0.24811748,0.018452932994730116,0
1952,0,0.16,0.1815173,0.015663057173051793,0
2343,0,0.16,0.10295021,0.008662323367091338,0
2320,0,0.16,0.28236315,0.013810981926776567,0
2048,0,0.16,0.25605536,0.0,0
2426,0,0.16,0.20788053,0.014438556495810903,0
1947,0,0.16,0.24895555,0.03842009620799706,0
845,0,0.16,0.2798633,0.012755717847639212,0
463,0,0.16,0.2898538,0.015055492609543421,0
104,0,0.16,0.27810493,0.012426214336367739,0
1232,0,0.16,0.23066457,0.02129165958044693,0
1502,0,0.16,0.22902739,0.02275160509500773,0
1726,0,0.16,0.25009456,0.012238763312105088,0
909,0,0.16,0.14591424,0.021286625790437382,0
2364,0,0.16,0.11693592,0.018608565764535154,0
2379,0,0.16,0.16570288,0.01512837940842664,0
456,0,0.16,0.1734165,0.009848138500744954,0
1511,0,0.16,0.122426964,0.0,0
1457,0,0.16,0.19968817,0.0021431601777086866,0
2208,0,0.16,0.27944025,0.010640877570658798,0
2060,0,0.16,0.28344405,0.008654360599994788,0
1446,0,0.16,0.2605913,0.0,0
1384,0,0.16,0.29433152,0.016135869801934977,0
2434,0,0.16,0.29488003,0.0,0
591,0,0.16,0.224453,0.00822604649025644,0
1931,0,0.15,0.2533371,0.02117535390413287,0
729,0,0.15,0.27268815,0.02374107408137501,0
1136,0,0.15,0.20694585,0.015467553122678845,0
95,0,0.15,0.26340827,0.012098505582694251,0
97,0,0.15,0.27783078,0.016700971932854487,0
783,0,0.15,0.25175655,0.02059817271547141,0
1890,0,0.15,0.1723499,0.031896113521913856,0
580,0,0.15,0.26266542,0.017195637778398082,0
1216,0,0.15,0.23057482,0.014635356107600368,0
107,0,0.15,0.2524081,0.020570424196762315,0
2327,0,0.15,0.21680045,0.015856393075011823,0
1991,0,0.15,0.15636873,0.016867376227028327,0
938,0,0.15,0.22112459,0.012874684233322648,0
562,0,0.15,0.22131202,0.01677918283051869,0
2014,0,0.15,0.22469474,0.016547550938716373,0
758,0,0.15,0.28606805,0.019017516376393016,0
378,0,0.15,0.24118564,0.009709127696833108,0
2407,0,0.15,0.18085863,0.00210516112963344,0
1468,0,0.15,0.18553594,0.018528898177818602,0
2385,0,0.15,0.24382137,0.00917101932413294,0
571,0,0.15,0.2482993,0.014059234464145726,0
1335,0,0.15,0.22140908,0.01631701138813623,0
1973,0,0.15,0.12335807,0.0,0
1435,0,0.15,0.2598002,0.004071743878898477,0
2019,0,0.15,0.2455602,0.0025481120961037347,0
1379,0,0.14,0.25639957,0.02239263151784316,0
2044,0,0.14,0.2886682,0.0033054253231465684,0
1223,0,0.14,0.25709024,0.0,0
1289,0,0.14,0.24708053,0.034875412745604115,0
177,0,0.14,0.22301126,0.014109890141625342,0
1875,0,0.14,0.23293632,0.020274397699899915,0
105,0,0.14,0.24759321,0.017569264854473604,0
1926,0,0.14,0.27700198,0.03487868684180014,0
980,0,0.14,0.21708106,0.017458394071184227,0
2338,0,0.14,0.27433592,0.0,0
1974,0,0.14,0.2812306,0.015940647723940257,0
1439,0,0.14,0.26325253,0.0,0
1261,0,0.14,0.2852174,0.004317416633319936,0
2015,0,0.14,0.21111104,0.009959623485371365,0
1816,0,0.14,0.28447694,0.009984036951236848,0
1015,0,0.14,0.19830237,0.005449821593008108,0
1879,0,0.14,0.18655154,0.017413556332115297,0
1714,0,0.14,0.27067998,0.014474636350705054,0
255,0,0.14,0.28614724,0.020408797842045606,0
319,0,0.14,0.29461718,0.018747202237932404,0
1388,0,0.14,0.26447648,0.00889761599812914,0
529,0,0.14,0.19236009,0.01941873257649047,0
597,0,0.14,0.24727204,0.015147206035874813,0
1203,0,0.14,0.23344272,0.004909460630409533,0
581,0,0.14,0.23646359,0.014041376039801656,0
755,0,0.14,0.21195546,0.0235992853917311,0
1339,0,0.14,0.23083931,0.017630969569494854,0
1696,0,0.14,0.21733159,0.01199022043756138,0
1440,0,0.14,0.25856847,0.009646463448618334,0
111,0,0.13,0.2656329,0.01028336152185512,0
1829,0,0.13,0.1966285,0.020336284319578856,0
986,0,0.13,0.24483573,0.012373517169624792,0
1033,0,0.13,0.22552358,0.002469550841251681,0
2324,0,0.13,0.14808823,0.016378130018805077,0
2311,0,0.13,0.072002016,0.009338165430645615,0
265,0,0.13,0.22452015,0.009779307705532458,0
1224,0,0.13,0.2899242,0.007600316754050313,0
2389,0,0.13,0.24605605,0.010141493607453492,0
1381,0,0.13,0.2703164,0.00963554550043698,0
2011,0,0.13,0.1978666,0.0044751733821067384,0
1263,0,0.13,0.20359346,0.004474008396268792,0
2415,0,0.13,0.22981583,0.01838193729919926,0
2233,0,0.13,0.22537287,0.016409154779535,0
2412,0,0.13,0.1562823,0.019476454735380278,0
1998,0,0.13,0.24569006,0.012752357045785558,0
410,0,0.13,0.29485708,0.01976811756821159,0
459,0,0.13,0.24266572,0.019267734975566414,0
320,0,0.13,0.24448173,0.02099129839855731,0
329,0,0.13,0.2603945,0.01768407469631392,0
116,0,0.13,0.24912912,0.008255864162954932,0
1494,0,0.13,0.25197753,0.0015190283505515895,0
520,0,0.13,0.19290954,0.007555711722887072,0
187,0,0.13,0.28586015,0.021820896740115135,0
8,0,0.13,0.18799117,0.007407366379922347,0
2024,0,0.13,0.1979084,0.006352755752378003,0
1313,0,0.13,0.2178341,0.010410773572921634,0
1003,0,0.13,0.23186034,0.01181573470123241,0
1969,0,0.13,0.23664331,0.014437301098559244,0
2010,0,0.12,0.19539244,0.005984324092188933,0
2058,0,0.12,0.10735568,0.004500148847169197,0
754,0,0.12,0.27712226,0.017347680882710992,0
1725,0,0.12,0.2659903,0.0,0
279,0,0.12,0.16423604,0.029626580465694306,0
1393,0,0.12,0.26808572,0.020048500354380813,0
926,0,0.12,0.25607806,0.011404561376561415,0
455,0,0.12,0.21165247,0.013064080470754094,0
1784,0,0.12,0.22518033,0.009584730113959144,0
1366,0,0.12,0.21068004,0.007832674259085869,0
1059,0,0.12,0.15690322,0.009067735456415732,0
1941,0,0.12,0.22341913,0.01640015062037301,0
1229,0,0.12,0.26877004,0.021487429383795192,0
157,0,0.12,0.27011222,0.010953748093621988,0
2393,0,0.12,0.20865223,0.022296957829357957,0
54,0,0.12,0.24071315,0.004581367411408118,0
606,0,0.12,0.24264614,0.015364587640329863,0
2309,0,0.12,0.17755121,0.006933509891625252,0
839,0,0.12,0.27304053,0.012903803333524883,0
2224,0,0.12,0.24619578,0.017772824090071374,0
2332,0,0.12,0.18501213,0.014397167384995732,0
1402,0,0.12,0.21243791,0.022465616523432267,0
1274,0,0.12,0.2953474,0.004397340059798122,0
1458,0,0.12,0.25291282,0.0058725770363250735,0
576,0,0.12,0.12992716,0.0076380728041644304,0
1395,0,0.12,0.25670666,0.016969676271430662,0
438,0,0.12,0.21855026,0.011906489641186294,0
2423,0,0.12,0.21845052,0.014100180631679473,0
1117,0,0.12,0.21810062,0.015214161199684838,0
453,0,0.12,0.23511003,0.007179380370638819,0
2375,0,0.12,0.16017324,0.010897134776420464,0
1046,0,0.12,0.14508691,0.01083284351717554,0
2371,0,0.12,0.26529625,0.020442648277115956,0
1556,0,0.12,0.23320547,0.00953941749512825,0
569,0,0.12,0.1529235,0.009540838327084526,0
2068,0,0.12,0.20491329,0.018570246430179873,0
537,0,0.12,0.20336692,0.005806354427279902,0
1915,0,0.12,0.2242715,0.008186521994594513,0
1606,0,0.12,0.23320544,0.00953941749512825,0
1278,0,0.12,0.27974415,0.017392622028901975,0
67,0,0.12,0.25860995,0.005006225239167956,0
338,0,0.12,0.23238921,0.008728475731016672,0
1128,0,0.12,0.20574273,0.008732233352777518,0
2045,0,0.12,0.20200866,0.007332862176229733,0
418,0,0.11,0.2125709,0.004697590895291024,0
2006,0,0.11,0.17534648,0.002705484184030451,0
36,0,0.11,0.22391436,0.014052936469456795,0
249,0,0.11,0.258577,0.009680727809976666,0
1818,0,0.11,0.2711122,0.004122287591420731,0
918,0,0.11,0.24832036,0.0,0
414,0,0.11,0.2829151,0.01704792116906418,0
1399,0,0.11,0.24228403,0.010191736290429593,0
458,0,0.11,0.22217053,0.01590614315911735,0
1081,0,0.11,0.21444505,0.0037097452800519356,0
745,0,0.11,0.27933234,0.015308375792960596,0
2052,0,0.11,0.16970491,0.005098275208955003,0
1864,0,0.11,0.1690956,0.0,0
2315,0,0.11,0.26952142,0.024541353926578868,0
210,0,0.11,0.29000098,0.013622629419414507,0
939,0,0.11,0.14563543,0.005578101476793223,0
199,0,0.11,0.17044547,0.014913796962982699,0
2422,0,0.11,0.22776383,0.018005322352855006,0
2012,0,0.11,0.18013062,0.01773265169253243,0
485,0,0.11,0.27698284,0.008616324151406765,0
55,0,0.11,0.2760415,0.021443729348986595,0
2344,0,0.11,0.20123434,0.016223083142447598,0
1035,0,0.11,0.18932739,0.013604902634046493,0
2228,0,0.11,0.21008083,0.0062831008619287166,0
551,0,0.11,0.27334613,0.009339023142368848,0
1004,0,0.11,0.18692586,0.015290142799415589,0
969,0,0.11,0.19793384,0.013735650536036965,0
1473,0,0.11,0.2887367,0.0142988243912421,0
1697,0,0.11,0.29472172,0.0,0
1787,0,0.11,0.26346943,0.011813443935602437,0
1799,0,0.11,0.27151483,0.009344823350413391,0
1298,0,0.11,0.20501247,0.0056703885057033405,0
211,0,0.11,0.23894788,0.009367721593864524,0
1133,0,0.11,0.19467771,0.008514943602085533,0
2317,0,0.11,0.1395411,0.011034149366018155,0
1460,0,0.11,0.2784427,0.00727730951123455,0
2323,0,0.11,0.0946604,0.011409968629595495,0
500,0,0.11,0.28048113,0.017459040294866897,0
1825,0,0.11,0.2130057,0.012951726876329103,0
333,0,0.11,0.21039726,0.019526482475938065,0
2353,0,0.11,0.16915576,0.021408553918384973,0
910,0,0.11,0.21226619,0.017628803133579465,0
1152,0,0.11,0.1029466,0.017934918433213338,0
1196,0,0.11,0.22341599,0.024321253064836252,0
1420,0,0.11,0.23170248,0.013360337851400518,0
1999,0,0.11,0.13189985,0.00967195333698196,0
2354,0,0.11,0.19778985,0.011755561964149341,0
1702,0,0.11,0.23700541,0.007813359453110695,0
990,0,0.11,0.15030876,0.010590730984653912,0
1317,0,0.11,0.2913068,0.015577178740251517,0
2348,0,0.11,0.20142165,0.011278060372412666,0
2017,0,0.11,0.24266808,0.0037362448892971373,0
981,0,0.11,0.2075824,0.01973875553163144,0
1338,0,0.11,0.24672556,0.016591984181856034,0
2005,0,0.11,0.17913595,0.01575174419651998,0
1404,0,0.11,0.27642828,0.008220466152715083,0
432,0,0.11,0.17976871,0.011332200789897277,0
270,0,0.11,0.28941163,0.017700928072780887,0
1294,0,0.11,0.22949223,0.01777267990990301,0
2391,0,0.11,0.18158394,0.01638341241522,0
72,0,0.11,0.2515394,0.016638705005932106,0
259,0,0.11,0.24896267,0.009907264936039856,0
1765,0,0.11,0.1690956,0.0,0
2043,0,0.1,0.18176201,0.0,0
1184,0,0.1,0.21951808,0.007185092653835145,0
163,0,0.1,0.26405552,0.005333054431837904,0
1052,0,0.1,0.1896345,0.02092819297040756,0
1929,0,0.1,0.25736812,0.01167116750108823,0
1230,0,0.1,0.25207457,0.011701127881540969,0
1459,0,0.1,0.18700707,0.0,0
550,0,0.1,0.1956841,0.011765660067622813,0
399,0,0.1,0.29462922,0.019335724542928617,0
2340,0,0.1,0.29421502,0.020880455192311215,0
1125,0,0.1,0.27034396,0.010926493960032117,0
1027,0,0.1,0.15375598,0.016043298246745392,0
467,0,0.1,0.23472588,0.011943342123303342,0
306,0,0.1,0.25652468,0.005734114512192,0
1484,0,0.1,0.23651357,0.003243396502603029,0
922,0,0.1,0.23442662,0.010380748863280602,0
390,0,0.1,0.26874083,0.01722233918141867,0
18,0,0.1,0.23708625,0.011347119956052629,0
2199,0,0.1,0.26883435,0.008240875752016768,0
57,0,0.1,0.2875926,0.01606197581962706,0
1721,0,0.1,0.22970885,0.011473109753972215,0
584,0,0.1,0.2161649,0.013619944535056666,0
2001,0,0.1,0.24841952,0.010412849250813658,0
412,0,0.1,0.18284272,0.02179284286698085,0
429,0,0.1,0.23483784,0.024179133550501525,0
328,0,0.1,0.24668193,0.015234715127355573,0
2419,0,0.1,0.15719472,0.0103518676864167,0
2218,0,0.1,0.29416308,0.021222782188054578,0
1227,0,0.1,0.28874087,0.013250093378056826,0
1496,0,0.1,0.28436506,0.015585700336170363,0
955,0,0.1,0.15220907,0.008687079566984258,0
174,0,0.1,0.21011902,0.007631642028875548,0
372,0,0.1,0.2718863,0.023481239148385326,0
2350,0,0.1,0.20313641,0.01873665558739407,0
1221,0,0.1,0.27490634,0.015302448741556108,0
361,0,0.1,0.26773238,0.017349788133053413,0
133,0,0.1,0.18748382,0.007880403767200467,0
166,0,0.1,0.22898252,0.022232838890224867,0
421,0,0.1,0.2665175,0.007872933978741885,0
953,0,0.1,0.2045949,0.004655090993319701,0
1956,0,0.1,0.2132878,0.02457525581500651,0
420,0,0.1,0.27501082,0.008332795573056785,0
347,0,0.1,0.2217759,0.01197817451572809,0
2319,0,0.1,0.19072196,0.01029258794985794,0
1170,0,0.1,0.22233835,0.0026185724395726704,0
1803,0,0.1,0.214113,0.011099024138258654,0
1971,0,0.1,0.20143121,0.0,0
983,0,0.1,0.22223406,0.011171222085474709,0
1,0,0.1,0.20807216,0.00988258807616418,0
180,0,0.1,0.23107347,0.0030615739293121374,0
472,0,0.1,0.27548409,0.023089818075801388,0
1541,0,0.1,0.23921229,0.008394635108093811,0
170,0,0.1,0.23761445,0.0021623498938061125,0
2372,0,0.1,0.2462269,0.020528171403375515,0
1373,0,0.1,0.20446472,0.0,0
997,0,0.1,0.2323482,0.014296710825776247,0
1700,0,0.1,0.24491242,0.008082920806776117,0
2395,0,0.1,0.12682824,0.006436229161629087,0
1146,0,0.1,0.19102462,0.00892547168778416,0
1469,0,0.09,0.23455186,0.010494503116434946,0
2046,0,0.09,0.2519759,0.0016067905328769352,0
491,0,0.09,0.16267559,0.007894340752624995,0
1488,0,0.09,0.19209358,0.017882707025047864,0
1874,0,0.09,0.24512137,0.012552479830942773,0
1011,0,0.09,0.24231438,0.007324796284404121,0
221,0,0.09,0.23752728,0.014651203802289042,0
2431,0,0.09,0.27070317,0.017544218865192057,0
1069,0,0.09,0.14818904,0.011523146314899816,0
952,0,0.09,0.21145947,0.016099927115659957,0
586,0,0.09,0.2903742,0.007217078596140822,0
2404,0,0.09,0.24766588,0.010419642451735218,0
1900,0,0.09,0.20913897,0.017638119240696318,0
1122,0,0.09,0.1437096,0.01779717730459738,0
413,0,0.09,0.250049,0.005770236176083386,0
344,0,0.09,0.25755972,0.0014793877563077091,0
2036,0,0.09,0.20083976,0.013112357854391203,0
1769,0,0.09,0.24337086,0.00747565316661242,0
1817,0,0.09,0.2614575,0.019130038719918148,0
1121,0,0.09,0.15861379,0.018216187598906777,0
366,0,0.09,0.22035407,0.009141199196967816,0
1809,0,0.09,0.24011102,0.010836097672997841,0
323,0,0.09,0.23709229,0.010841869736911602,0
74,0,0.09,0.2664367,0.00884460082941452,0
1398,0,0.09,0.24480063,0.01507922854702881,0
2304,0,0.09,0.1770926,0.012984160612766454,0
1869,0,0.09,0.24337086,0.00747565316661242,0
2047,0,0.09,0.28033054,0.014055764457304823,0
1824,0,0.09,0.2244869,0.006654549280346856,0
1949,0,0.09,0.26643342,0.01170773719834704,0
1145,0,0.09,0.21205226,0.0,0
595,0,0.09,0.23451336,0.009373866938107947,0
996,0,0.09,0.21398753,0.002492275137364149,0
342,0,0.09,0.24955082,0.007923518427180191,0
439,0,0.09,0.25338942,0.0071134894221153095,0
70,0,0.09,0.21070743,0.013611510534747264,0
2238,0,0.09,0.27392012,0.010954356593526827,0
1275,0,0.09,0.1828017,0.011887196156496048,0
1390,0,0.09,0.27407044,0.009274006037278066,0
2427,0,0.09,0.26267508,0.00896438528780151,0
43,0,0.09,0.29315722,0.011923611880955908,0
1474,0,0.09,0.25635135,0.013248992207981621,0
1020,0,0.09,0.19526824,0.007077744952440531,0
1821,0,0.09,0.22912532,0.005978892642568682,0
10,0,0.09,0.23672894,0.01857033017264554,0
563,0,0.09,0.22698295,0.013775133946655437,0
1736,0,0.09,0.20659313,0.01975822144032819,0
1467,0,0.09,0.29070762,0.020528518862984985,0
1979,0,0.09,0.2116496,0.00886863390637415,0
1064,0,0.09,0.15417266,0.017693274021649563,0
419,0,0.09,0.20813811,0.008871087666269189,0
935,0,0.09,0.23419014,0.0029970537025312757,0
913,0,0.09,0.20030028,0.007783709572685032,0
1244,0,0.09,0.25758708,0.007219201549945302,0
1102,0,0.09,0.24788049,0.009731499205518752,0
787,0,0.09,0.1803487,0.00881638600294368,0
2321,0,0.09,0.1828424,0.01460081816788014,0
1442,0,0.09,0.2504824,0.0,0
1902,0,0.09,0.13352892,0.020441391845311765,0
304,0,0.08,0.27917385,0.0068222825981614065,0
2057,0,0.08,0.19454296,0.0,0
1951,0,0.08,0.25282633,0.010954231924012148,0
62,0,0.08,0.26962864,0.014689648850411007,0
345,0,0.08,0.22824492,0.010804255665572634,0
396,0,0.08,0.28101525,0.01626615913071007,0
994,0,0.08,0.25774544,0.01658338993579881,0
2201,0,0.08,0.28478885,0.015312556248743085,0
178,0,0.08,0.21870787,0.009288535544935106,0
1002,0,0.08,0.27202106,0.017356931272448133,0
555,0,0.08,0.23903237,0.01117361362231599,0
1882,0,0.08,0.2447908,0.008635673634857205,0
172,0,0.08,0.22433929,0.007995096818924206,0
510,0,0.08,0.16354348,0.024457706542070547,0
1193,0,0.08,0.1253102,0.01453353051183123,0
1073,0,0.08,0.1161535,0.004280085530228365,0
546,0,0.08,0.17207955,0.005507983208897033,0
1154,0,0.08,0.209496,0.006901076181051669,0
1429,0,0.08,0.28866467,0.014324220190162783,0
2326,0,0.08,0.16301155,0.0065292269062329706,0
908,0,0.08,0.2588184,0.016086194884307282,0
126,0,0.08,0.24394336,0.011807453842691168,0
1340,0,0.08,0.18744844,0.0,0
1436,0,0.08,0.23086256,0.002635890236182563,0
1113,0,0.08,0.19488844,0.007162371421293628,0
1764,0,0.08,0.1364032,0.017951929934732484,0
444,0,0.08,0.28483796,0.046836765706677594,0
1068,0,0.08,0.11157109,0.010486140437003945,0
945,0,0.08,0.17317843,0.02288253997813382,0
346,0,0.08,0.27083132,0.013696604131929324,0
2313,0,0.08,0.21846254,0.007622196460871101,0
965,0,0.08,0.15697303,0.015050809392985361,0
1225,0,0.08,0.16564,0.005620468943915985,0
222,0,0.08,0.17547038,0.009376877819715896,0
2394,0,0.08,0.19276753,0.016913437375145605,0
1723,0,0.08,0.2700808,0.02433648141248742,0
355,0,0.08,0.2387097,0.013964253605395615,0
2007,0,0.08,0.23230517,0.0,0
2229,0,0.08,0.24776563,0.017216416823268025,0
539,0,0.08,0.22362587,0.006073755049900542,0
1045,0,0.08,0.16777079,0.017938727296262936,0
103,0,0.08,0.2909642,0.013324843336159041,0
921,0,0.08,0.195959,0.003870878838038126,0
585,0,0.08,0.19878554,0.014757673991151308,0
1095,0,0.08,0.25759614,0.017290061192734546,0
487,0,0.08,0.17388897,0.0174666681533265,0
1168,0,0.08,0.19548033,0.011499347639942115,0
1099,0,0.08,0.100560114,0.009228866340086423,0
280,0,0.08,0.24987589,0.007041271144350018,0
1181,0,0.08,0.14150889,0.01690678766604388,0
1391,0,0.08,0.252568,0.014217216036713193,0
1130,0,0.08,0.17790264,0.013297444608675582,0
505,0,0.08,0.23029834,0.0017627111526704858,0
2414,0,0.08,0.12551615,0.01737194932578412,0
33,0,0.08,0.23788477,0.008414694030582807,0
961,0,0.08,0.21068652,0.011947156614565538,0
398,0,0.08,0.28475642,0.022746334450415334,0
1865,0,0.08,0.1364032,0.017951929934732484,0
1806,0,0.08,0.27753782,0.014242405852688754,0
190,0,0.08,0.2240032,0.019053149674101842,0
1455,0,0.08,0.22122553,0.018685011473267555,0
1978,0,0.08,0.21345699,0.02422623567723434,0
2387,0,0.08,0.15334325,0.006715029976106474,0
488,0,0.08,0.16353661,0.007898615521829213,0
1093,0,0.08,0.24713905,0.009464289072742167,0
542,0,0.07,0.184348,0.0021185728068369254,0
720,0,0.07,0.24531674,0.030931331155404924,0
462,0,0.07,0.18907073,0.011691220798180966,0
121,0,0.07,0.2954014,0.015316596907346311,0
87,0,0.07,0.22752404,0.01868006921830533,0
204,0,0.07,0.27934372,0.010927316387122552,0
1166,0,0.07,0.09605379,0.013797727981127682,0
1934,0,0.07,0.2809074,0.008669403064761813,0
2037,0,0.07,0.2671539,0.0,0
160,0,0.07,0.27615097,0.01331640434683217,0
407,0,0.07,0.21171334,0.0054988654200467165,0
2299,0,0.07,0.25020415,0.017400906242628647,0
568,0,0.07,0.14785214,0.002143710109453587,0
1065,0,0.07,0.119192705,0.007642070013015249,0
1100,0,0.07,0.15766156,0.017189707537011625,0
465,0,0.07,0.20134005,0.010539182551999487,0
66,0,0.07,0.2873337,0.014832882172413034,0
1049,0,0.07,0.114946306,0.013419508072008493,0
2033,0,0.07,0.25152677,0.006189458087914054,0
1129,0,0.07,0.101413056,0.009038207412697018,0
885,0,0.07,0.24531674,0.030931331155404924,0
502,0,0.07,0.26436478,0.013218585058559003,0
256,0,0.07,0.26828972,0.013684534476846779,0
2198,0,0.07,0.25020415,0.017400906242628647,0
532,0,0.07,0.2708185,0.005623010125258149,0
139,0,0.07,0.265787,0.01866748430027329,0
962,0,0.07,0.18371204,0.009790073130901085,0
660,0,0.07,0.24531674,0.030931331155404924,0
1432,0,0.07,0.26440027,0.010330125909075668,0
1078,0,0.07,0.20015466,0.013943499681169633,0
1200,0,0.07,0.12509792,0.0080909826048461,0
1333,0,0.07,0.23654136,0.01204246368593293,0
478,0,0.07,0.108290434,0.019617624162244093,0
958,0,0.07,0.27908435,0.0066030592834808634,0
1456,0,0.07,0.20685405,0.0026571376570494283,0
1072,0,0.07,0.20129803,0.010748113610362665,0
2200,0,0.07,0.23030294,0.011351260938712767,0
495,0,0.07,0.15679437,0.01218184921717186,0
1198,0,0.07,0.17617764,0.01189612125364332,0
497,0,0.07,0.2836334,0.00579263207938392,0
2328,0,0.07,0.17056468,0.011016926753360416,0
1234,0,0.07,0.23366733,0.016726293785175848,0
778,0,0.07,0.29553202,0.02493981372398362,0
519,0,0.07,0.2197796,0.012174280882781902,0
1131,0,0.07,0.25909486,0.014130490338019311,0
1692,0,0.07,0.24776138,0.008085917115527558,0
262,0,0.07,0.20248143,0.010218725414453601,0
2061,0,0.07,0.26070166,0.023258877664645038,0
1434,0,0.07,0.27517295,0.01371053238766029,0
1023,0,0.07,0.17617692,0.009220183879034598,0
1272,0,0.07,0.21194077,0.005963447638315401,0
2436,0,0.07,0.23888594,0.009787263260186203,0
431,0,0.07,0.21685278,0.018294762504092375,0
508,0,0.07,0.16775194,0.014711352238594459,0
350,0,0.07,0.19283392,0.011188085025120994,0
1544,0,0.07,0.21866745,0.0,0
814,0,0.07,0.29553202,0.02493981372398362,0
148,0,0.07,0.2433506,0.013178770074620117,0
85,0,0.07,0.2157165,0.009915528613298485,0
110,0,0.07,0.25559437,0.017439929365603835,0
1163,0,0.07,0.19073151,0.009669365380579978,0
1992,0,0.07,0.16031596,0.0,0
1718,0,0.07,0.27389386,0.01448355422502803,0
2408,0,0.07,0.15885225,0.017301074786780318,0
1001,0,0.07,0.20812933,0.009602464697252974,0
1076,0,0.07,0.22711882,0.012018546942395745,0
1353,0,0.07,0.21980454,0.012289501618817292,0
34,0,0.07,0.24591003,0.008905655088755387,0
2413,0,0.07,0.22173712,0.005952899578061586,0
516,0,0.07,0.18741381,0.01337656287241309,0
1892,0,0.07,0.25290877,0.013649605080488392,0
131,0,0.07,0.2478823,0.01127842830336642,0
473,0,0.07,0.18907073,0.011691220798180966,0
435,0,0.07,0.23880728,0.017841526918716964,0
2411,0,0.07,0.19715768,0.003406999496404651,0
1092,0,0.07,0.19194964,0.01454320408340569,0
1214,0,0.07,0.21383496,0.01633031422691267,0
1147,0,0.07,0.0904464,0.0088034394872899,0
246,0,0.07,0.21311022,0.005545195016053302,0
389,0,0.07,0.2511077,0.00779685525584054,0
1347,0,0.07,0.25897455,0.015033587398032022,0
423,0,0.07,0.2111772,0.018250339457461143,0
1103,0,0.07,0.13323067,0.0053530837697485616,0
949,0,0.07,0.2813636,0.016671522463110974,0
498,0,0.07,0.20116065,0.017155276561357163,0
1160,0,0.07,0.20449993,0.009912221793834537,0
2306,0,0.07,0.2764765,0.021245396829241724,0
1256,0,0.07,0.24670194,0.013389990802701483,0
1040,0,0.07,0.17148979,0.014428706305979786,0
477,0,0.07,0.27219224,0.007968898271281975,0
30,0,0.07,0.22281252,0.007370471378727432,0
369,0,0.07,0.2137572,0.014945586761209297,0
1547,0,0.07,0.29236883,0.008058182810441794,0
1175,0,0.07,0.15470266,0.00450212883430965,0
1066,0,0.07,0.068918236,0.006126294510507146,0
2430,0,0.07,0.17069979,0.012187578992291191,0
232,0,0.06,0.21986465,0.013164216501151238,0
282,0,0.06,0.24436012,0.0,0
948,0,0.06,0.18501717,0.007665808745158941,0
2020,0,0.06,0.18078275,0.005744712705707534,0
1042,0,0.06,0.2260505,0.00903681046536715,0
1920,0,0.06,0.25186217,0.016207207525757477,0
3,0,0.06,0.28683108,0.010558022849044977,0
2226,0,0.06,0.23247933,0.016749829731114347,0
1363,0,0.06,0.29300168,0.018056812519806852,0
1028,0,0.06,0.14226784,0.0127525970774571,0
466,0,0.06,0.23198305,0.0052603423476608405,0
1847,0,0.06,0.05989521,0.0,0
349,0,0.06,0.23684923,0.013846132547014247,0
1407,0,0.06,0.2340135,0.010027779425334579,0
1048,0,0.06,0.22585647,0.014025059644694212,0
149,0,0.06,0.18575867,0.013635837196009862,0
155,0,0.06,0.21657264,0.015893921466555112,0
1116,0,0.06,0.18739434,0.009948461116112396,0
1848,0,0.06,0.18167208,0.010472885073287284,0
75,0,0.06,0.2674778,0.004178070975821869,0
343,0,0.06,0.18062636,0.014114086421017302,0
2004,0,0.06,0.20751432,0.01149520347368359,0
1123,0,0.06,0.257874,0.009212556979314267,0
217,0,0.06,0.14688401,0.013327601364217406,0
523,0,0.06,0.25978094,0.012177705662413035,0
600,0,0.06,0.2671116,0.007785694554597737,0
375,0,0.06,0.2869866,0.0024470885853826972,0
1355,0,0.06,0.24858089,0.010563899076356319,0
973,0,0.06,0.19515069,0.013152864972539157,0
2316,0,0.06,0.22257435,0.010171698935458127,0
484,0,0.06,0.21966514,0.013388336887374095,0
387,0,0.06,0.25771058,0.00902202499961519,0
943,0,0.06,0.15786868,0.014393163240945266,0
1053,0,0.06,0.17919478,0.008367636280163019,0
313,0,0.06,0.2515444,0.01521223617349582,0
2341,0,0.06,0.2118323,0.014581021202687634,0
1153,0,0.06,0.27234077,0.015289428996746738,0
141,0,0.06,0.28079787,0.013038818776786604,0
425,0,0.06,0.2318411,0.01658374690512921,0
1370,0,0.06,0.23684862,0.0,0
2098,0,0.06,0.12977697,0.0547240116430607,0
1329,0,0.06,0.25025702,0.019157278071584252,0
167,0,0.06,0.2882374,0.014691777178701819,0
2267,0,0.06,0.12977697,0.0547240116430607,0
1747,0,0.06,0.059895225,0.0,0
564,0,0.06,0.16056234,0.0031333209168116186,0
402,0,0.06,0.29199272,0.004546681539300624,0
2027,0,0.06,0.1742005,0.0,0
1855,0,0.06,0.17829975,0.00835569350951926,0
1426,0,0.06,0.2648068,0.0034840229391947513,0
1755,0,0.06,0.17829975,0.00835569350951926,0
2237,0,0.06,0.22473158,0.011017382255598666,0
381,0,0.06,0.18827622,0.002488909728482031,0
2346,0,0.06,0.22486204,0.00514780333329185,0
1927,0,0.06,0.17333636,0.011891262805014548,0
357,0,0.06,0.22100762,0.016047501422663726,0
1277,0,0.06,0.25501427,0.00441717220010222,0
1369,0,0.06,0.22063091,0.006886714417049986,0
171,0,0.06,0.17712235,0.013099476728616917,0
1886,0,0.06,0.18083295,0.019341049306852785,0
1182,0,0.06,0.13909876,0.010462192161104927,0
1295,0,0.06,0.2507715,0.010684604878187676,0
1056,0,0.06,0.22551131,0.018667143819839194,0
988,0,0.06,0.19103658,0.004192066385875707,0
2059,0,0.06,0.20061979,0.01136927296409808,0
2300,0,0.06,0.28747407,0.004514382617364274,0
2370,0,0.06,0.21604034,0.0058885877568058565,0
1086,0,0.06,0.20246103,0.01847713291278612,0
326,0,0.06,0.24992359,0.009040699589096028,0
977,0,0.06,0.14185035,0.013315869266213785,0
1161,0,0.06,0.11298467,0.01714363401443248,0
1346,0,0.06,0.24195713,0.01655260480493621,0
1372,0,0.06,0.23443758,0.008986631334489395,0
1386,0,0.06,0.2824349,0.00963364824574538,0
2303,0,0.06,0.17206119,0.005405407895458412,0
489,0,0.06,0.19357705,0.005671264600834846,0
1226,0,0.06,0.21024932,0.01745785780716301,0
401,0,0.06,0.23265505,0.006380516703557302,0
543,0,0.06,0.21757558,0.009344441893894885,0
1236,0,0.06,0.13812532,0.007896114833917691,0
228,0,0.06,0.24845251,0.0061621288979766585,0
2357,0,0.06,0.19524668,0.022104925415264355,0
373,0,0.06,0.24992359,0.009040699589096028,0
2148,0,0.06,0.12977697,0.0547240116430607,0
1427,0,0.06,0.2648068,0.0034840229391947513,0
158,0,0.06,0.2603654,0.00980431752625012,0
1748,0,0.06,0.18167208,0.010472885073287284,0
1207,0,0.06,0.15341374,0.015266373640688707,0
1050,0,0.06,0.19092324,0.011402412450382551,0
1331,0,0.06,0.17205116,0.009239846386890842,0
479,0,0.06,0.248325,0.0013030790674460468,0
993,0,0.06,0.16983865,0.016149619890845113,0
1259,0,0.06,0.25643957,0.006973582261035401,0
1291,0,0.06,0.23752007,0.012936663089909524,0
1792,0,0.06,0.22659297,0.010847224798663815,0
1085,0,0.06,0.16183372,0.014182547601134934,0
1043,0,0.06,0.18684186,0.01010729620729639,0
287,0,0.06,0.28145593,0.013589583506990176,0
565,0,0.06,0.27727523,0.015479969910049185,0
1422,0,0.06,0.21256211,0.00679483185914323,0
26,0,0.06,0.29229772,0.01271204831411177,0
290,0,0.06,0.26785105,0.010079092873358187,0
1118,0,0.06,0.19204447,0.006725044066854674,0
77,0,0.06,0.13909876,0.010462192161104927,0
2388,0,0.05,0.20907342,0.013299833366173675,0
1819,0,0.05,0.10888563,0.006985265322452887,0
1392,0,0.05,0.23620754,0.00401459752371979,0
549,0,0.05,0.14865872,0.007609234906899022,0
341,0,0.05,0.16061835,0.00836336275584464,0
352,0,0.05,0.17158428,0.009517265343881972,0
504,0,0.05,0.23881367,0.011500645390812796,0
944,0,0.05,0.20817396,0.016856319674131644,0
1251,0,0.05,0.15992472,0.01647937336803843,0
7,0,0.05,0.285478,0.011258768932333357,0
956,0,0.05,0.12271285,0.004388229035527608,0
776,0,0.05,0.29290718,0.010217093004697777,0
1479,0,0.05,0.27628142,0.007017792320214593,0
2366,0,0.05,0.13074659,0.008579084014546667,0
1897,0,0.05,0.2849003,0.01513181383116386,0
2398,0,0.05,0.08927787,0.00381303940375446,0
1893,0,0.05,0.16671145,0.009047076191664382,0
1008,0,0.05,0.12667565,0.014180326802899962,0
2305,0,0.05,0.19430844,0.01690996926910042,0
1238,0,0.05,0.22100358,0.0,0
560,0,0.05,0.2421547,0.016173478261293027,0
2361,0,0.05,0.16005881,0.006726090288134404,0
1686,0,0.05,0.10389397,0.0,0
1320,0,0.05,0.26056916,0.012438139662158164,0
128,0,0.05,0.2831638,0.026378447177696107,0
2227,0,0.05,0.28321314,0.01045642716283745,0
426,0,0.05,0.20742497,0.007787008045001102,0
1497,0,0.05,0.2409358,0.014388393310887405,0
1119,0,0.05,0.17029789,0.01630282828391326,0
443,0,0.05,0.27146953,0.01609408426097288,0
1038,0,0.05,0.25126442,0.01899921620304971,0
1258,0,0.05,0.2352997,0.008792681197025061,0
924,0,0.05,0.23639,0.015087119707060555,0
1036,0,0.05,0.19767343,0.012523976539291616,0
224,0,0.05,0.28485638,0.010895355426379373,0
2384,0,0.05,0.10738788,0.013797003933842356,0
374,0,0.05,0.116153814,0.011539783578994902,0
49,0,0.05,0.27124202,0.01694394720097879,0
271,0,0.05,0.29417562,0.0062389655926381364,0
446,0,0.05,0.21531762,0.0037674877310203752,0
1693,0,0.05,0.2696399,0.005358849350696255,0
1396,0,0.05,0.29164654,0.011102017754729064,0
471,0,0.05,0.20355879,0.007660213398583263,0
241,0,0.05,0.27365148,0.009492560998787772,0
1786,0,0.05,0.26219517,0.014826474225247304,0
1351,0,0.05,0.2533275,0.015637846020029638,0
317,0,0.05,0.24006204,0.010528469319609279,0
2382,0,0.05,0.16318627,0.010923799579388256,0
2435,0,0.05,0.17165214,0.007271724715705488,0
1378,0,0.05,0.21129844,0.005997567024936144,0
1853,0,0.05,0.2602555,0.008225110543572093,0
209,0,0.05,0.2743914,0.019058679136815464,0
1253,0,0.05,0.24061933,0.011414773089864832,0
295,0,0.05,0.2802581,0.010641436885288943,0
2433,0,0.05,0.26858443,0.015965084685167982,0
1250,0,0.05,0.2831638,0.026378447177696107,0
2339,0,0.05,0.17574729,0.0157878209307767,0
1476,0,0.05,0.2396537,0.0036164181814145875,0
388,0,0.05,0.17934568,0.010453670748639326,0
1463,0,0.05,0.24980696,0.007298726300333715,0
367,0,0.05,0.27188116,0.009539513046548619,0
61,0,0.05,0.1456857,0.007528410487164202,0
1319,0,0.05,0.22119185,0.014521079442680645,0
2210,0,0.05,0.25350386,0.0040562093260717216,0
1322,0,0.05,0.23123696,0.00952779184594612,0
2356,0,0.05,0.2019712,0.00645195620175482,0
1487,0,0.05,0.21335736,0.008483796023727869,0
2351,0,0.05,0.15173191,0.014316711720719143,0
1016,0,0.05,0.21635701,0.0038838940355548296,0
592,0,0.05,0.17754973,0.009314097096346598,0
305,0,0.05,0.17754973,0.009314097096346598,0
1517,0,0.05,0.10389397,0.0,0
1180,0,0.05,0.2631362,0.019755157739685086,0
1485,0,0.05,0.27146104,0.005243787279517034,0
2363,0,0.05,0.14557807,0.006370615485713332,0
1752,0,0.05,0.22313339,0.01583894445173135,0
244,0,0.05,0.29139125,0.004084379736879273,0
143,0,0.05,0.28153765,0.010517030517891685,0
2035,0,0.05,0.25547856,0.0,0
393,0,0.05,0.22125372,0.007240463467267819,0
169,0,0.05,0.2945161,0.013654294804361306,0
517,0,0.05,0.28517097,0.006132352688631767,0
954,0,0.05,0.12909153,0.009881698733436148,0
1358,0,0.05,0.23466185,0.014852366184126968,0
2038,0,0.05,0.26964852,0.0,0
219,0,0.05,0.27327445,0.0025826628833859563,0
1753,0,0.05,0.2602555,0.008225110543572093,0
1977,0,0.05,0.29370284,0.01513547610704697,0
447,0,0.05,0.22536755,0.01196768014927306,0
2417,0,0.05,0.22851786,0.02337688616724409,0
1091,0,0.05,0.1356531,0.012069225752222724,0
73,0,0.05,0.23376143,0.009746518576244225,0
297,0,0.05,0.16133188,0.007447601675070277,0
506,0,0.05,0.18624729,0.003967267093439961,0
1288,0,0.05,0.22652626,0.026251873793368193,0
212,0,0.05,0.2903299,0.01298125941678131,0
559,0,0.05,0.25572705,0.01046224378352604,0
302,0,0.05,0.1955431,0.010024377076108766,0
17,0,0.05,0.22367436,0.006385056475962344,0
322,0,0.05,0.24370795,0.008600803521867921,0
153,0,0.05,0.22374757,0.0017274874886597342,0
195,0,0.05,0.28943545,0.008764281157934874,0
1832,0,0.05,0.26178193,0.008488368527787454,0
354,0,0.05,0.19530612,0.004125603711140298,0
940,0,0.05,0.2548419,0.01321937306385329,0
1057,0,0.05,0.19396168,0.011983494261992213,0
496,0,0.05,0.24477759,0.0012342278570105696,0
1280,0,0.05,0.18979107,0.008971797527531373,0
1963,0,0.05,0.05903799,0.010473714141855724,0
1852,0,0.05,0.22313339,0.01583894445173135,0
1228,0,0.04,0.25248295,0.007974336941905184,0
1471,0,0.04,0.20741335,0.005894245531576375,0
1465,0,0.04,0.19029899,0.01421906414462017,0
574,0,0.04,0.2627135,0.013514910009914009,0
947,0,0.04,0.152937,0.000579742928911177,0
94,0,0.04,0.2048459,0.008933707049853763,0
417,0,0.04,0.2511987,0.01210689794347775,0
1401,0,0.04,0.25792474,0.01641428371902462,0
1139,0,0.04,0.09381841,0.003047893474501227,0
1354,0,0.04,0.2029295,0.011660510787931205,0
2307,0,0.04,0.1835889,0.01736407799244329,0
1126,0,0.04,0.2724473,0.020293047712494378,0
31,0,0.04,0.29526442,0.0037079091671823605,0
1306,0,0.04,0.2376543,0.008891657830871029,0
268,0,0.04,0.2830329,0.006112913404580964,0
907,0,0.04,0.25213268,0.01078229368702045,0
253,0,0.04,0.28831244,0.011039551524942327,0
1512,0,0.04,0.2921973,0.011395469663273018,0
332,0,0.04,0.22600833,0.009002377667967396,0
1445,0,0.04,0.23434167,0.01291279671603877,0
589,0,0.04,0.23775297,0.015711867020005425,0
134,0,0.04,0.28829026,0.016647008002467642,0
570,0,0.04,0.13867237,0.012683637161474744,0
919,0,0.04,0.13428748,0.011842569278061208,0
1171,0,0.04,0.1573154,0.011570329881970157,0
2230,0,0.04,0.24526775,0.013166764519821409,0
527,0,0.04,0.1980156,0.01188642908191834,0
1189,0,0.04,0.20152822,0.011420681087716118,0
540,0,0.04,0.22546515,0.013055414525701881,0
269,0,0.04,0.20092255,0.01142114747452663,0
1266,0,0.04,0.16066906,0.016494113346468803,0
1132,0,0.04,0.1986582,0.011131911349236561,0
1138,0,0.04,0.09381841,0.003047893474501227,0
2293,0,0.04,0.27678955,0.011918295453245643,0
575,0,0.04,0.2627135,0.013514910009914009,0
208,0,0.04,0.24832436,0.007171176556941324,0
430,0,0.04,0.20649415,0.011033739518459616,0
146,0,0.04,0.26311976,0.007858230438196168,0
971,0,0.04,0.2018899,0.007565098313233853,0
2322,0,0.04,0.20486549,0.0060686721362748376,0
475,0,0.04,0.21940728,0.012723045983787979,0
2000,0,0.04,0.21329616,0.007692703868474177,0
1178,0,0.04,0.14495516,0.010641456538374824,0
288,0,0.04,0.2465401,0.019695367416103966,0
1062,0,0.04,0.2760099,0.01941344166754852,0
1287,0,0.04,0.276635,0.01286388135937529,0
2403,0,0.04,0.18091105,0.012528103985851417,0
136,0,0.04,0.22414157,0.011299012594775743,0
509,0,0.04,0.23461978,0.006660200805182457,0
1472,0,0.04,0.18152393,0.008174320358476572,0
979,0,0.04,0.24923654,0.021002619650690134,0
1209,0,0.04,0.21887529,0.011574281122568194,0
403,0,0.04,0.28874627,0.017820160926644214,0
9,0,0.04,0.27389303,0.009547824450070628,0
1308,0,0.04,0.2237373,0.0029224709192063065,0
590,0,0.04,0.17975008,0.012685674346304071,0
1120,0,0.04,0.22027788,0.012628044781930164,0
154,0,0.04,0.293636,0.0,0
1014,0,0.04,0.1899138,0.010699465136871188,0
1406,0,0.04,0.22223772,0.01207112311877022,0
1183,0,0.04,0.120521076,0.01130560550711815,0
518,0,0.04,0.28337643,0.01020536223923326,0
1711,0,0.04,0.26147652,0.01722157940499511,0
593,0,0.04,0.2826845,0.01698157400928933,0
82,0,0.04,0.17713249,0.009941785546604735,0
533,0,0.04,0.25905985,0.012640209519382535,0
2376,0,0.04,0.2013306,0.012221250240164103,0
1205,0,0.04,0.27636987,0.01218213697662603,0
1070,0,0.04,0.21469253,0.009354889960782143,0
1858,0,0.04,0.29385895,0.0062876485005947886,0
237,0,0.04,0.27209938,0.010315704191732094,0
1498,0,0.04,0.26981068,0.00531788236500396,0
1284,0,0.04,0.2156728,0.0015405843088075741,0
1374,0,0.04,0.21573545,0.013577947856208401,0
1935,0,0.04,0.14669898,0.01623012586623089,0
1137,0,0.04,0.22366142,0.013374353949922917,0
203,0,0.04,0.16845511,0.014430987882535159,0
2421,0,0.04,0.095947534,0.01263217653547477,0
250,0,0.04,0.22411723,0.013124242300948582,0
1356,0,0.04,0.21223149,0.0122072045039141,0
310,0,0.04,0.1423314,0.006663750785245986,0
528,0,0.04,0.2109708,0.007279659490589916,0
1179,0,0.04,0.19035293,0.011955424083361194,0
1217,0,0.04,0.25814894,0.0008763262627031258,0
351,0,0.04,0.18865588,0.007023782376279525,0
524,0,0.04,0.18976712,0.016081011384976227,0
957,0,0.04,0.118446745,0.01348439559643375,0
53,0,0.04,0.14834784,0.017658321956515045,0
1649,0,0.04,0.29324132,0.004874078974581355,0
405,0,0.04,0.19249895,0.0025767877469090516,0
179,0,0.04,0.29462412,0.013172595383025332,0
247,0,0.04,0.2465401,0.019695367416103966,0
1169,0,0.04,0.122049816,0.01108871226185499,0
1109,0,0.04,0.17196265,0.005116197297364196,0
395,0,0.04,0.29139364,0.011366847312121571,0
1367,0,0.04,0.21721175,0.009004760197843551,0
301,0,0.04,0.16404617,0.008458573807162278,0
525,0,0.04,0.19318262,0.007394589556593886,0
2336,0,0.04,0.13641585,0.007169588144014761,0
2069,0,0.04,0.28481317,0.008122978900509632,0
1895,0,0.04,0.2713673,0.01289616919568753,0
531,0,0.04,0.28342885,0.011068596184448203,0
1051,0,0.04,0.19932242,0.01204284246432351,0
991,0,0.04,0.22683951,0.013148769477267208,0
1115,0,0.04,0.125397,0.014778587222249433,0
577,0,0.04,0.16148062,0.005589837920871112,0
1309,0,0.04,0.23221123,0.012382529098560646,0
1944,0,0.04,0.18611303,0.015524640923440428,0
1231,0,0.04,0.14598751,0.0063699519119179305,0
1211,0,0.04,0.22367895,0.008733391242873508,0
325,0,0.04,0.2511987,0.01210689794347775,0
303,0,0.04,0.18036368,0.00722955394235738,0
2400,0,0.04,0.19594511,0.017282396864045882,0
272,0,0.04,0.27636987,0.01218213697662603,0
1984,0,0.04,0.27740264,0.013753629410023317,0
2192,0,0.04,0.27678955,0.011918295453245643,0
78,0,0.04,0.112156466,0.00377955285818309,0
1305,0,0.04,0.2376543,0.008891657830871029,0
1303,0,0.04,0.20881335,0.0,0
441,0,0.04,0.18253234,0.00334676240608344,0
1075,0,0.04,0.18710272,0.0,0
1599,0,0.04,0.29324132,0.004874078974581355,0
1039,0,0.04,0.14721958,0.005379455674235877,0
1316,0,0.04,0.25290015,0.01741282658995729,0
1758,0,0.04,0.29385895,0.0062876485005947886,0
1192,0,0.04,0.16530888,0.01208689104445376,0
1269,0,0.04,0.14834784,0.017658321956515045,0
2023,0,0.04,0.29466456,0.013675865631121414,0
553,0,0.04,0.26048666,0.007514251213934604,0
1286,0,0.04,0.22402367,0.008988984472842045,0
903,0,0.04,0.2814294,0.0,0
1936,0,0.04,0.0929527,0.012194445473879656,0
588,0,0.04,0.23775297,0.015711867020005425,0
2373,0,0.03,0.19621773,0.016308143243371934,0
1094,0,0.03,0.17373595,0.008682305268624468,0
1247,0,0.03,0.19779634,0.009668578569633154,0
1418,0,0.03,0.23646998,0.01465415023318637,0
515,0,0.03,0.26597577,0.007512809983535214,0
314,0,0.03,0.2606723,0.006859250523372343,0
1761,0,0.03,0.21060076,0.001738018739016215,0
1767,0,0.03,0.292262,0.024771950942301287,0
1321,0,0.03,0.26234874,0.014300548492780035,0
1805,0,0.03,0.05349829,0.0,0
348,0,0.03,0.16209415,0.01030682117982306,0
2018,0,0.03,0.26530224,0.015271314216818883,0
173,0,0.03,0.26661313,0.010596350655797802,0
2144,0,0.03,0.25929317,0.004921201639435549,0
1861,0,0.03,0.21060076,0.001738018739016215,0
201,0,0.03,0.2775755,0.002121484074619047,0
207,0,0.03,0.25649357,0.0076876665690674,0
386,0,0.03,0.18451354,0.0079898203293394,0
936,0,0.03,0.18947926,0.01814924591076354,0
379,0,0.03,0.20594642,0.003299676814248519,0
1380,0,0.03,0.28668284,0.015377491085066645,0
951,0,0.03,0.24964605,0.007035066475167713,0
356,0,0.03,0.23510091,0.013824270483754971,0
985,0,0.03,0.1797893,0.01336658132566864,0
2122,0,0.03,0.26775417,0.032573947861966476,0
1271,0,0.03,0.26334298,0.0175787045141907,0
1044,0,0.03,0.17013139,0.009267405176341321,0
530,0,0.03,0.21334474,0.0031224173450037913,0
101,0,0.03,0.24491572,0.010754307418326385,0
582,0,0.03,0.1824558,0.003459660718554439,0
1415,0,0.03,0.2697238,0.015897557857548636,0
359,0,0.03,0.20733455,0.012450206182240561,0
440,0,0.03,0.18812594,0.015456643142709375,0
1735,0,0.03,0.10208244,0.008574767274754449,0
145,0,0.03,0.2606226,0.01321790320554418,0
1240,0,0.03,0.17520836,0.0020090412608153073,0
534,0,0.03,0.23165412,0.004664129167308663,0
1134,0,0.03,0.19802943,0.011512059481003038,0
45,0,0.03,0.2902579,0.013926175643082381,0
1413,0,0.03,0.22197719,0.0,0
188,0,0.03,0.22147071,0.009171452620596236,0
995,0,0.03,0.22780275,0.016850712470319374,0
2191,0,0.03,0.24491155,0.006350720911901203,0
409,0,0.03,0.2512411,0.013995295585268273,0
2362,0,0.03,0.19476828,0.013632267025954839,0
16,0,0.03,0.23005228,0.0,0
2410,0,0.03,0.1927889,0.008019918514719948,0
2241,0,0.03,0.26775417,0.032573947861966476,0
1695,0,0.03,0.18351747,0.01770138867922274,0
1292,0,0.03,0.20397286,0.011376477267509955,0
2368,0,0.03,0.11581774,0.005622045677827448,0
315,0,0.03,0.22994581,0.0015729308252326111,0
2189,0,0.03,0.23856594,0.010723589115173989,0
1140,0,0.03,0.15358375,0.0135602209163477,0
974,0,0.03,0.18942809,0.012429673379633032,0
1387,0,0.03,0.24708816,0.011395435777227358,0
1242,0,0.03,0.17934343,0.016670661054029486,0
1744,0,0.03,0.26301298,0.014929025423033392,0
433,0,0.03,0.18898593,0.008690286706984428,0
1195,0,0.03,0.20053743,0.011199445945274942,0
1097,0,0.03,0.12195198,0.01599819559861189,0
233,0,0.03,0.29401672,0.003937261145836302,0
1444,0,0.03,0.2447481,0.013097130755376244,0
2099,0,0.03,0.200523,0.013395167423856111,0
69,0,0.03,0.23590663,0.004767912563681254,0
385,0,0.03,0.20545325,0.003206785831013739,0
1241,0,0.03,0.26945233,0.0,0
1833,0,0.03,0.2319694,0.013047495266768003,0
1773,0,0.03,0.20416608,0.0136474497713403,0
480,0,0.03,0.18995754,0.007288414208084801,0
1055,0,0.03,0.25473806,0.016569370416625727,0
1376,0,0.03,0.26234874,0.014300548492780035,0
989,0,0.03,0.1694907,0.013719369469390565,0
1430,0,0.03,0.181692,0.0030512837872072353,0
2173,0,0.03,0.26775417,0.032573947861966476,0
226,0,0.03,0.23065451,0.007487332401883526,0
2072,0,0.03,0.26775417,0.032573947861966476,0
1922,0,0.03,0.2611702,0.013577593167545355,0
1172,0,0.03,0.1499157,0.019657891707587596,0
1162,0,0.03,0.08909487,0.010798840721161825,0
1265,0,0.03,0.26785567,0.016523662270070048,0
2312,0,0.03,0.17926434,0.006661020029371988,0
1060,0,0.03,0.18633279,0.013990666847819563,0
579,0,0.03,0.22727406,0.012174687415846801,0
13,0,0.03,0.26785567,0.016523662270070048,0
1499,0,0.03,0.18232302,0.008367188069739049,0
376,0,0.03,0.13847536,0.013025462876541395,0
927,0,0.03,0.29179108,0.014641480724259215,0
535,0,0.03,0.23165412,0.004664129167308663,0
2002,0,0.03,0.18433654,0.006332693683996162,0
556,0,0.03,0.19612917,0.004987393738042783,0
1005,0,0.03,0.18862735,0.008832407485278112,0
950,0,0.03,0.18308209,0.01128528656348663,0
200,0,0.03,0.22024646,0.005206333190443239,0
1293,0,0.03,0.1980668,0.010644143451411157,0
1304,0,0.03,0.28056148,0.00753152979729334,0
1405,0,0.03,0.22418872,0.011819275010796021,0
20,0,0.03,0.17222606,0.017756049908067804,0
2365,0,0.03,0.15119073,0.009818091407931974,0
39,0,0.03,0.2902579,0.013926175643082381,0
2094,0,0.03,0.25929317,0.004921201639435549,0
1397,0,0.03,0.24213874,0.013018698412917761,0
1867,0,0.03,0.292262,0.024771950942301287,0
50,0,0.03,0.19779634,0.009668578569633154,0
1923,0,0.03,0.2611702,0.013577593167545355,0
1030,0,0.03,0.13517596,0.012670403008464507,0
2347,0,0.03,0.12823398,0.011803317643103899,0
1089,0,0.03,0.104434446,0.013450416948109098,0
959,0,0.03,0.18942809,0.012429673379633032,0
2209,0,0.03,0.22736162,0.013789504220976816,0
1218,0,0.03,0.27586177,0.009285694132842175,0
1067,0,0.03,0.28100938,0.008233335485542592,0
339,0,0.03,0.18643554,0.0040996191325985785,0
273,0,0.03,0.23636052,0.003356745409946353,0
558,0,0.03,0.24704617,0.005957945742584357,0
901,0,0.03,0.14185175,0.011964201775290152,0
501,0,0.03,0.117587745,0.007043698212128378,0
2263,0,0.03,0.25929317,0.004921201639435549,0
1213,0,0.03,0.25730014,0.007831068034991735,0
929,0,0.03,0.12102415,0.01603498682927439,0
1112,0,0.03,0.17020054,0.016907981665992756,0
1478,0,0.03,0.16423959,0.007510489794601425,0
330,0,0.03,0.28465205,0.01862747130171151,0
327,0,0.03,0.2145396,0.008269644423044668,0
2149,0,0.03,0.200523,0.013395167423856111,0
2292,0,0.03,0.24491155,0.006350720911901203,0
1382,0,0.03,0.25809646,0.012570227262846349,0
15,0,0.03,0.24450499,0.010685714699958639,0
2268,0,0.03,0.200523,0.013395167423856111,0
1419,0,0.03,0.29139316,0.013773701201833952,0
2217,0,0.03,0.25577626,0.008227214549009605,0
1191,0,0.03,0.13336991,0.006671895903503157,0
213,0,0.03,0.26369557,0.006692559132356065,0
916,0,0.03,0.18655716,0.01488491776564807,0
1844,0,0.03,0.26301298,0.014929025423033392,0
2290,0,0.03,0.23856594,0.010723589115173989,0
917,0,0.03,0.18176724,0.007160814399891235,0
930,0,0.03,0.26399696,0.01576227447200435,0
1896,0,0.03,0.20007473,0.01693803289662928,0
434,0,0.03,0.18898593,0.008690286706984428,0
1318,0,0.02,0.25131848,0.010896973252045257,0
933,0,0.02,0.06153854,0.010648209589162471,0
1567,0,0.02,0.2615463,0.00606365593440674,0
300,0,0.02,0.24546275,0.012928199099059387,0
1190,0,0.02,0.18927273,0.01111865341255162,0
2131,0,0.02,0.22384368,0.012407688371769546,0
2360,0,0.02,0.09219712,0.015017781394947118,0
1620,0,0.02,0.15590061,0.015115929850576632,0
2273,0,0.02,0.2657169,0.02220625801554261,0
2420,0,0.02,0.15012103,0.01376108813401784,0
2381,0,0.02,0.27067107,0.0,0
1025,0,0.02,0.2024959,0.011428791703940063,0
476,0,0.02,0.17925812,0.005646596255106243,0
937,0,0.02,0.17870864,0.012570337584877526,0
2296,0,0.02,0.17147717,0.0038614713407042808,0
130,0,0.02,0.2230758,0.0039597035069534395,0
2262,0,0.02,0.27026403,0.006825611054434383,0
1017,0,0.02,0.1920707,0.014241334270918442,0
923,0,0.02,0.1685276,0.011907662822447408,0
1158,0,0.02,0.17072919,0.015037680606354346,0
1026,0,0.02,0.1903007,0.015277334515975086,0
1777,0,0.02,0.26354933,0.01478282466815773,0
2130,0,0.02,0.19696473,0.015422571119015856,0
71,0,0.02,0.17571424,0.015609159012083203,0
2170,0,0.02,0.27668586,0.011010553328866638,0
544,0,0.02,0.16567005,0.007270585691803257,0
2093,0,0.02,0.27026403,0.006825611054434383,0
117,0,0.02,0.19565153,0.010652931955072633,0
2104,0,0.02,0.2657169,0.02220625801554261,0
1141,0,0.02,0.2429913,0.013713939391621015,0
912,0,0.02,0.099658236,0.008044164854080351,0
1000,0,0.02,0.16576055,0.011088201717014483,0
966,0,0.02,0.07557166,0.013278180894013739,0
309,0,0.02,0.2919206,0.014235858894852977,0
941,0,0.02,0.15261836,0.009606917332903904,0
79,0,0.02,0.23754755,0.005355602329263678,0
572,0,0.02,0.21326509,0.012264797489336673,0
1364,0,0.02,0.24384782,0.013037271625248342,0
2380,0,0.02,0.21241964,0.01540260676107056,0
1204,0,0.02,0.29048023,0.0,0
1361,0,0.02,0.2633377,0.010592456639380753,0
371,0,0.02,0.20165397,0.010028468923691435,0
1939,0,0.02,0.1257742,0.010997916117615743,0
503,0,0.02,0.23831594,0.011657774355644563,0
992,0,0.02,0.17011899,0.015284464552788542,0
1716,0,0.02,0.21679616,0.012924586025281574,0
1570,0,0.02,0.15590061,0.015115929850576632,0
2250,0,0.02,0.22384368,0.012407688371769546,0
968,0,0.02,0.26158684,0.01583000994319017,0
150,0,0.02,0.25182337,0.015574174638330437,0
1424,0,0.02,0.24080767,0.012236838718444071,0
46,0,0.02,0.15153585,0.00571583900222844,0
1554,0,0.02,0.28699896,0.008796161506578321,0
230,0,0.02,0.21251084,0.0020912429557668776,0
942,0,0.02,0.19073057,0.013680647406713264,0
1617,0,0.02,0.2615463,0.00606365593440674,0
1047,0,0.02,0.22145528,0.014097687692968253,0
1634,0,0.02,0.14790186,0.010229714616027343,0
1167,0,0.02,0.17081468,0.004289021038110914,0
40,0,0.02,0.28523925,0.006441457626934181,0
83,0,0.02,0.22252896,0.01218879879506932,0
1438,0,0.02,0.1962065,0.0072067625788447155,0
1006,0,0.02,0.20586532,0.006235966432611386,0
904,0,0.02,0.1405221,0.0022579989496351424,0
1176,0,0.02,0.13818559,0.009378639871554986,0
316,0,0.02,0.24436876,0.012258312876779545,0
267,0,0.02,0.29504186,0.003887199097107009,0
1290,0,0.02,0.2672525,0.007209577898370956,0
1800,0,0.02,0.12157642,0.0,0
2083,0,0.02,0.25875178,0.015405032821757916,0
2081,0,0.02,0.22384368,0.012407688371769546,0
334,0,0.02,0.26748925,0.009941701446057476,0
911,0,0.02,0.20109332,0.010897958009921375,0
2143,0,0.02,0.27026406,0.006825611054434383,0
1185,0,0.02,0.2071802,0.010713924922549568,0
2133,0,0.02,0.25875178,0.015405032821757916,0
331,0,0.02,0.21825114,0.015774268943114355,0
1584,0,0.02,0.14790186,0.010229714616027343,0
191,0,0.02,0.21699983,0.007627778916407301,0
2294,0,0.02,0.27526015,0.032579194482442606,0
2337,0,0.02,0.18312241,0.007908299871999253,0
547,0,0.02,0.18218833,0.00630805566931247,0
2193,0,0.02,0.27526015,0.032579194482442606,0
1371,0,0.02,0.1405221,0.0022579989496351424,0
2386,0,0.02,0.10136655,0.0046578174977406645,0
118,0,0.02,0.27383846,0.012224064627481239,0
1470,0,0.02,0.21491143,0.011756312259027648,0
2349,0,0.02,0.13791177,0.010598868692504286,0
1447,0,0.02,0.25312012,0.011403649905417874,0
1604,0,0.02,0.286999,0.008796161506578321,0
99,0,0.02,0.2636341,0.016906967588063464,0
1837,0,0.02,0.2041656,0.015423601199856508,0
2202,0,0.02,0.25814414,0.01096043642925021,0
93,0,0.02,0.20294687,0.012152626148843182,0
1675,0,0.02,0.23554854,0.0,0
624,0,0.02,0.29135472,0.008993480123861154,0
2252,0,0.02,0.25875178,0.015405032821757916,0
263,0,0.02,0.21607688,0.011731480420744119,0
1678,0,0.02,0.14790186,0.010229714616027343,0
1031,0,0.02,0.123153046,0.017690636643205852,0
2141,0,0.02,0.29165208,0.011009212589634422,0
905,0,0.02,0.1405221,0.0022579989496351424,0
915,0,0.02,0.17374955,0.007323063659997527,0
112,0,0.02,0.20784953,0.013077299317474604,0
1581,0,0.02,0.23554854,0.0,0
1105,0,0.02,0.20399785,0.009403144052803679,0
368,0,0.02,0.20590472,0.013720049501598731,0
1106,0,0.02,0.120984666,0.008743450968874699,0
2028,0,0.02,0.21332166,0.004514872002131021,0
1664,0,0.02,0.15590061,0.015115929850576632,0
275,0,0.02,0.29048023,0.0,0
108,0,0.02,0.24384782,0.013037271625248342,0
982,0,0.02,0.22489746,0.0032724651331217103,0
1311,0,0.02,0.23754755,0.005355602329263678,0
2249,0,0.02,0.19696473,0.015422571119015856,0
113,0,0.02,0.22489746,0.0032724651331217103,0
2260,0,0.02,0.29165208,0.011009212589634422,0
899,0,0.02,0.29135472,0.008993480123861154,0
1720,0,0.02,0.23954847,0.010768553091748756,0
42,0,0.02,0.15153585,0.00571583900222844,0
86,0,0.02,0.18258046,0.014433838222492713,0
2040,0,0.02,0.23525742,0.017263917754637943,0
1986,0,0.02,0.22871938,0.014466711405301484,0
2154,0,0.02,0.2657169,0.02220625801554261,0
168,0,0.02,0.22436911,0.0023482382220430375,0
680,0,0.02,0.29135472,0.008993480123861154,0
2367,0,0.02,0.08065756,0.009858340802727256,0
1911,0,0.02,0.28430718,0.013995610862174417,0
312,0,0.02,0.2658239,0.0012941154867535944,0
1660,0,0.02,0.2615463,0.00606365593440674,0
928,0,0.02,0.1166943,0.012651709424181319,0
1084,0,0.02,0.175979,0.012603579237038398,0
1071,0,0.02,0.08874452,0.011955986084714104,0
2091,0,0.02,0.29165208,0.011009212589634422,0
90,0,0.02,0.23255642,0.011090702711437007,0
1631,0,0.02,0.23554854,0.0,0
397,0,0.02,0.22474003,0.014339886257014337,0
1098,0,0.02,0.14870608,0.009546953698822856,0
1187,0,0.02,0.2071802,0.010713924922549568,0
1157,0,0.02,0.084369704,0.009493825322998884,0
2195,0,0.02,0.17147717,0.0038614713407042808,0
1063,0,0.02,0.15611714,0.009169721407062872,0
566,0,0.02,0.24705261,0.005342456410152934,0
2080,0,0.02,0.19696473,0.015422571119015856,0
100,0,0.02,0.2636341,0.016906967588063464,0
987,0,0.02,0.19114986,0.008937239644261984,0
1804,0,0.02,0.24445911,0.012906252377141946,0
978,0,0.02,0.20988251,0.010243500916026518,0
1713,0,0.02,0.2601693,0.010188471410063103,0
192,0,0.02,0.19936877,0.0033394000235485817,0
129,0,0.02,0.19257742,0.014963133661947084,0
1538,0,0.01,0.115624964,0.0,0
2135,0,0.01,0.24633208,0.014717383276019402,0
29,0,0.01,0.29154477,0.0,0
1845,0,0.01,0.18188167,0.018436621676037483,0
545,0,0.01,0.183626,0.007885715203347458,0
999,0,0.01,0.2160183,0.014246770762030438,0
1156,0,0.01,0.15875359,0.006944687539410105,0
2280,0,0.01,0.1621151,0.010273084672971455,0
2424,0,0.01,0.21505985,0.006506345797531908,0
507,0,0.01,0.25278264,0.0012908015205149261,0
1173,0,0.01,0.23055668,0.004230238777662543,0
1636,0,0.01,0.29276085,0.011524649873118464,0
1009,0,0.01,0.15875359,0.006944687539410105,0
1680,0,0.01,0.29276085,0.011524649873118464,0
2297,0,0.01,0.25746626,0.003462701357325495,0
123,0,0.01,0.2427972,0.01842107428841392,0
1041,0,0.01,0.20636192,0.014643050880020717,0
1654,0,0.01,0.17903475,0.0,0
1383,0,0.01,0.19796273,0.006868967548388418,0
1362,0,0.01,0.28017616,0.0,0
1443,0,0.01,0.26015094,0.0,0
998,0,0.01,0.17466964,0.009896263639317752,0
152,0,0.01,0.2727785,0.0050356846730075094,0
2377,0,0.01,0.15471497,0.008735876597942721,0
2213,0,0.01,0.2663367,0.0070426363299942885,0
227,0,0.01,0.29040438,0.00557731512257624,0
1124,0,0.01,0.13254224,0.012751031714713222,0
1150,0,0.01,0.11559187,0.012801815845797152,0
91,0,0.01,0.25867027,0.014386114177377467,0
1846,0,0.01,0.29096904,0.015960738519880835,0
1611,0,0.01,0.17903475,0.0,0
278,0,0.01,0.24561128,0.0,0
1871,0,0.01,0.2750371,0.013852955186901389,0
2066,0,0.01,0.2073216,0.011899492525718735,0
1268,0,0.01,0.23471975,0.005182253347369662,0
1807,0,0.01,0.15892948,0.0,0
976,0,0.01,0.15208685,0.013747129504098022,0
709,0,0.01,0.276533,0.025933624702321963,0
156,0,0.01,0.26979017,0.017830945256577857,0
1022,0,0.01,0.2160183,0.014246770762030438,0
1586,0,0.01,0.29276085,0.011524649873118464,0
2254,0,0.01,0.24633208,0.014717383276019402,0
1746,0,0.01,0.29096904,0.015960738519880835,0
1104,0,0.01,0.2932551,0.020502066154823313,0
318,0,0.01,0.12487243,0.008611927174738434,0
931,0,0.01,0.1045517,0.015683174121708866,0
2056,0,0.01,0.20395696,0.011025028030498275,0
140,0,0.01,0.23471975,0.005182253347369662,0
1350,0,0.01,0.24729726,0.012105485130620326,0
2276,0,0.01,0.2073216,0.011899492525718735,0
1592,0,0.01,0.2429527,0.01883143389527745,0
567,0,0.01,0.20889272,0.007193068245366946,0
1087,0,0.01,0.22032341,0.01005766880505344,0
1021,0,0.01,0.17773485,0.013887451650984331,0
1029,0,0.01,0.17506409,0.007805749210360345,0
1032,0,0.01,0.22032341,0.01005766880505344,0
2219,0,0.01,0.24435255,0.011421584897611333,0
2181,0,0.01,0.1621151,0.010273084672971455,0
408,0,0.01,0.17804287,0.007289621042874195,0
1164,0,0.01,0.1341613,0.011212711221022985,0
1815,0,0.01,0.29115778,0.012714637342123821,0
874,0,0.01,0.276533,0.025933624702321963,0
840,0,0.01,0.18337259,0.010908870746364076,0
650,0,0.01,0.276533,0.025933624702321963,0
2187,0,0.01,0.2138347,0.017616870836479583,0
1647,0,0.01,0.23677038,0.011223639797492283,0
1194,0,0.01,0.12040931,0.008475793646405117,0
557,0,0.01,0.2447886,0.000958574267325963,0
353,0,0.01,0.18690908,0.00974529460652587,0
1771,0,0.01,0.2750371,0.013852955186901389,0
461,0,0.01,0.24356003,0.005688576121655486,0
2302,0,0.01,0.20980397,0.00668843950052404,0
1687,0,0.01,0.2429527,0.01883143389527745,0
2308,0,0.01,0.20099735,0.009098035578652769,0
2244,0,0.01,0.2232533,0.0018093353918699807,0
2258,0,0.01,0.28404838,0.015172915891972146,0
283,0,0.01,0.26437163,0.01028685485800395,0
1018,0,0.01,0.20205607,0.006310856224777707,0
1019,0,0.01,0.20205607,0.006310856224777707,0
514,0,0.01,0.24090101,0.006968816557781549,0
2314,0,0.01,0.21817344,0.011943282233389436,0
1545,0,0.01,0.17194965,0.0,0
1561,0,0.01,0.17903475,0.0,0
176,0,0.01,0.2863765,0.006558945644993142,0
2125,0,0.01,0.2232533,0.0018093353918699807,0
1745,0,0.01,0.18188167,0.018436621676037483,0
470,0,0.01,0.28116807,0.010644783141918092,0
578,0,0.01,0.25382867,0.0037719095074248083,0
1074,0,0.01,0.13011003,0.009594086751141328,0
2425,0,0.01,0.1752643,0.009851399355208968,0
960,0,0.01,0.12040931,0.008475793646405117,0
469,0,0.01,0.19835556,0.0077114103855733486,0
452,0,0.01,0.21937214,0.007674688090184116,0
2111,0,0.01,0.1621151,0.010273084672971455,0
2167,0,0.01,0.2138347,0.017616870836479583,0
1174,0,0.01,0.15685698,0.008152090855844413,0
1642,0,0.01,0.2429527,0.01883143389527745,0
362,0,0.01,0.12879553,0.00954217026492447,0
2107,0,0.01,0.2073216,0.011899492525718735,0
1416,0,0.01,0.2932019,0.012816375395702274,0
1080,0,0.01,0.24536793,0.002675298168945616,0
239,0,0.01,0.11719145,0.0071610504511823905,0
1219,0,0.01,0.24012992,0.006767790989409808,0
1159,0,0.01,0.11187813,0.006739208717120005,0
2176,0,0.01,0.2232533,0.0018093353918699807,0
2041,0,0.01,-0.02036102,0.004265665481037204,0
2075,0,0.01,0.2232533,0.0018093353918699807,0
1090,0,0.01,0.1699905,0.013288957968776657,0
975,0,0.01,0.21057953,0.011780003381515788,0
245,0,0.01,0.20930381,0.007499438957748425,0
1597,0,0.01,0.23677038,0.011223639797492283,0
1328,0,0.01,0.1527532,0.010602557338948146,0
2196,0,0.01,0.25746626,0.003462701357325495,0
147,0,0.01,0.26524645,0.0056920976972224,0
1535,0,0.01,0.21195489,0.0,0
1215,0,0.01,0.25895962,0.0026305397968477712,0
1475,0,0.01,0.19913012,0.0063071230871371555,0
2085,0,0.01,0.24633208,0.014717383276019402,0
1007,0,0.01,0.14549941,0.0,0
2157,0,0.01,0.2073216,0.011899492525718735,0
2117,0,0.01,0.2138347,0.017616870836479583,0
872,0,0.01,0.276533,0.025933624702321963,0
324,0,0.01,0.1618212,0.00966673002486793,0
380,0,0.01,0.26166505,0.008003687066134918,0
2089,0,0.01,0.28404838,0.015172915891972146,0
1345,0,0.01,0.17689346,0.0012342278570105702,0
2161,0,0.01,0.1621151,0.010273084672971455,0
2390,0,0.01,0.15315436,0.008698079244504633,0
1326,0,0.01,0.22416899,0.00462158735015003,0
2232,0,0.01,0.2769748,0.010874924940378741,0
1107,0,0.01,0.23012725,0.0013741621788051588,0
424,0,0.01,0.18655837,0.006264666228639639,0
2286,0,0.01,0.2138347,0.017616870836479583,0
1423,0,0.01,0.24729726,0.012105485130620326,0
2139,0,0.01,0.28404838,0.015172915891972146,0
2333,0,0.01,0.18406993,0.010037388078942194,0
2402,0,0.01,0.20129998,0.007745065358262131,0
920,0,0.01,0.21057953,0.011780003381515788,0
1602,0,0.0,0.055729255,0.0,0
1579,0,0.0,0.055729255,0.0,0
1638,0,0.0,0.055729255,0.0,0
1572,0,0.0,0.055729285,0.0,0
1088,0,0.0,0.15648112,0.01499261304015436,0
2156,0,0.0,0.23614067,0.009425699993084152,0
1866,0,0.0,0.055729285,0.0,0
1325,0,0.0,0.29351974,0.009038830721394633,0
1264,0,0.0,0.2576827,0.009126398988845666,0
1601,0,0.0,0.055729285,0.0,0
1729,0,0.0,0.055729285,0.0,0
1627,0,0.0,0.055729285,0.0,0
1024,0,0.0,0.13048175,0.01399548578266591,0
1703,0,0.0,0.055729285,0.0,0
2078,0,0.0,0.18097384,0.006637794129721329,0
1717,0,0.0,0.04143338,0.0,0
1650,0,0.0,0.055729285,0.0,0
1525,0,0.0,0.14390868,0.0,0
1626,0,0.0,0.22557129,0.01237130626499435,0
970,0,0.0,0.19445172,0.010632522113684416,0
1674,0,0.0,0.055729285,0.0,0
1518,0,0.0,0.055729285,0.0,0
1578,0,0.0,0.055729255,0.0,0
1514,0,0.0,0.055729285,0.0,0
1510,0,0.0,0.055729285,0.0,0
2064,0,0.0,0.20351644,0.012073907531768142,0
1859,0,0.0,0.055729285,0.0,0
1594,0,0.0,0.055729285,0.0,0
1797,0,0.0,0.055729285,0.0,0
2076,0,0.0,0.22725949,0.0017353387292935484,0
1835,0,0.0,0.055729285,0.0,0
1624,0,0.0,0.2220964,0.010775126134057057,0
1863,0,0.0,0.055729285,0.0,0
119,0,0.0,0.2406598,0.004934274617657919,0
1688,0,0.0,0.055729285,0.0,0
1532,0,0.0,0.055729285,0.0,0
1684,0,0.0,0.055729285,0.0,0
106,0,0.0,0.24171293,0.003190122106118049,0
1671,0,0.0,0.055729285,0.0,0
2352,0,0.0,0.20155215,0.014755015417842137,0
1507,0,0.0,0.055729255,0.0,0
1635,0,0.0,0.055729285,0.0,0
1841,0,0.0,0.055729285,0.0,0
1148,0,0.0,0.20910108,0.012348064784562476,0
1630,0,0.0,0.055729285,0.0,0
2279,0,0.0,0.23162241,0.015976988522789805,0
2109,0,0.0,0.2930478,0.01676094237075141,0
1533,0,0.0,0.055729255,0.0,0
1577,0,0.0,0.055729255,0.0,0
1822,0,0.0,0.055729255,0.0,0
1830,0,0.0,0.2672208,0.011325583438102268,0
1961,0,0.0,0.2335546,0.01564727493292492,0
1509,0,0.0,0.055729285,0.0,0
964,0,0.0,0.17628898,0.00878189281477412,0
2284,0,0.0,0.2795096,0.015144784423820608,0
1740,0,0.0,0.055729285,0.0,0
2188,0,0.0,0.28287908,0.017530873737581863,0
1623,0,0.0,0.055729285,0.0,0
1645,0,0.0,0.055729285,0.0,0
1425,0,0.0,0.23023172,0.011968986134236782,0
1528,0,0.0,0.106120005,0.0,0
1705,0,0.0,0.24968411,0.013996271164549023,0
2197,0,0.0,0.23835805,0.012709078582424227,0
48,0,0.0,0.28622004,0.014061971952301903,0
2165,0,0.0,0.2795096,0.015144784423820608,0
1610,0,0.0,0.055729285,0.0,0
1731,0,0.0,0.055729255,0.0,0
1794,0,0.0,0.055729255,0.0,0
2115,0,0.0,0.2795096,0.015144784423820608,0
2282,0,0.0,0.2850333,0.008141908931650205,0
2247,0,0.0,0.18097384,0.006637794129721329,0
2278,0,0.0,0.2930478,0.01676094237075141,0
1827,0,0.0,0.055729285,0.0,0
2118,0,0.0,0.28287917,0.017530873737581863,0
659,0,0.0,0.25691327,0.016741206257417894,0
1766,0,0.0,0.055729285,0.0,0
1585,0,0.0,0.055729285,0.0,0
1010,0,0.0,0.14931238,0.012197241797906586,0
1199,0,0.0,0.104983784,0.013336151020050388,0
1661,0,0.0,0.09955767,0.0,0
1849,0,0.0,0.24390054,0.01394567207217423,0
1083,0,0.0,0.12296261,0.014146750487722697,0
2298,0,0.0,0.23835805,0.012709078582424227,0
1516,0,0.0,0.055729285,0.0,0
1144,0,0.0,0.20847532,0.01222079163156069,0
1629,0,0.0,0.055729292,0.0,0
1870,0,0.0,0.055729285,0.0,0
1812,0,0.0,0.055729285,0.0,0
1676,0,0.0,0.055729285,0.0,0
2288,0,0.0,0.15676105,0.003530383454791855,0
1640,0,0.0,0.055729285,0.0,0
1343,0,0.0,0.26786155,0.006656341535621143,0
902,0,0.0,0.25183755,0.008430571484558788,0
1505,0,0.0,0.055729285,0.0,0
1694,0,0.0,0.055729285,0.0,0
1587,0,0.0,0.055729285,0.0,0
984,0,0.0,0.14966233,0.013760291843260225,0
1689,0,0.0,0.055729285,0.0,0
2128,0,0.0,0.18097384,0.006637794129721329,0
1633,0,0.0,0.055729255,0.0,0
1840,0,0.0,0.055729255,0.0,0
1186,0,0.0,0.13785738,0.01257231780092119,0
1607,0,0.0,0.1229157,0.0,0
486,0,0.0,0.24291018,0.008428608882479207,0
1582,0,0.0,0.055729285,0.0,0
1789,0,0.0,0.055729255,0.0,0
1563,0,0.0,0.055729285,0.0,0
2151,0,0.0,0.20351644,0.012073907531768142,0
59,0,0.0,0.20919177,0.007101932110158457,0
2119,0,0.0,0.15676105,0.003530383454791855,0
1770,0,0.0,0.055729285,0.0,0
2274,0,0.0,0.25159302,0.0030796427890760736,0
2242,0,0.0,0.2675557,0.004483964033089909,0
2287,0,0.0,0.28287908,0.017530873737581863,0
2016,0,0.0,0.19826388,0.0,0
1560,0,0.0,0.055729285,0.0,0
436,0,0.0,0.24291018,0.008428608882479207,0
1646,0,0.0,0.27688628,0.0,0
1838,0,0.0,0.055729285,0.0,0
1801,0,0.0,0.055729285,0.0,0
2160,0,0.0,0.23162241,0.015976988522789805,0
2113,0,0.0,0.2850333,0.008141908931650205,0
1749,0,0.0,0.24390054,0.01394567207217423,0
1667,0,0.0,0.055729285,0.0,0
363,0,0.0,0.26991633,0.00966245572105828,0
1763,0,0.0,0.055729285,0.0,0
719,0,0.0,0.25691327,0.016741206257417894,0
925,0,0.0,0.18672876,0.014922155662346871,0
1860,0,0.0,0.055729285,0.0,0
1410,0,0.0,0.2107685,0.012466711006507512,0
1759,0,0.0,0.055729285,0.0,0
2063,0,0.0,0.20855883,0.016210398333184262,0
1668,0,0.0,0.2220964,0.010775126134057057,0
2155,0,0.0,0.25159302,0.0030796427890760736,0
44,0,0.0,0.28622004,0.014061971952301903,0
483,0,0.0,0.22895993,0.001963293266662886,0
2310,0,0.0,0.2624086,0.010000369801126995,0
1742,0,0.0,0.055729255,0.0,0
1188,0,0.0,0.13785738,0.01257231780092119,0
1670,0,0.0,0.22557129,0.01237130626499435,0
1111,0,0.0,0.21148126,0.016433575478527813,0
1622,0,0.0,0.055729285,0.0,0
1531,0,0.0,0.055729285,0.0,0
884,0,0.0,0.25691327,0.016741206257417894,0
1177,0,0.0,0.19445172,0.010633239091522249,0
1552,0,0.0,0.055729255,0.0,0
1574,0,0.0,0.2220964,0.010775126134057057,0
1513,0,0.0,0.055729255,0.0,0
1576,0,0.0,0.22557129,0.01237130626499435,0
2183,0,0.0,0.2850333,0.008141908931650205,0
1621,0,0.0,0.055729255,0.0,0
2074,0,0.0,0.20855883,0.016210398333184262,0
2416,0,0.0,0.2746573,0.013255458460474025,0
2126,0,0.0,0.22725949,0.0017353387292935484,0
358,0,0.0,0.25384694,0.011065294624161684,0
2270,0,0.0,0.20351644,0.012073907531768142,0
2245,0,0.0,0.22725949,0.0017353387292935484,0
1596,0,0.0,0.27688628,0.0,0
1143,0,0.0,0.20847532,0.01222079163156069,0
2106,0,0.0,0.23614067,0.009425699993084152,0
1568,0,0.0,0.09955767,0.0,0
2110,0,0.0,0.23162241,0.015976988522789805,0
1679,0,0.0,0.055729285,0.0,0
1571,0,0.0,0.055729285,0.0,0
2180,0,0.0,0.23162241,0.015976988522789805,0
1527,0,0.0,0.055729285,0.0,0
1707,0,0.0,0.055729285,0.0,0
1614,0,0.0,0.055729285,0.0,0
1653,0,0.0,0.055729285,0.0,0
1613,0,0.0,0.055729285,0.0,0
1781,0,0.0,0.28450286,0.013135433852752763,0
1628,0,0.0,0.055729285,0.0,0
1648,0,0.0,0.055729285,0.0,0
1791,0,0.0,0.055729285,0.0,0
2179,0,0.0,0.18097384,0.006637794129721329,0
1573,0,0.0,0.055729285,0.0,0
1197,0,0.0,0.19445172,0.010633239091522249,0
1135,0,0.0,0.25183755,0.008430571484558788,0
1682,0,0.0,0.055729285,0.0,0
1600,0,0.0,0.055729285,0.0,0
1522,0,0.0,0.055729285,0.0,0
1828,0,0.0,0.055729285,0.0,0
1632,0,0.0,0.055729285,0.0,0
1530,0,0.0,0.055729285,0.0,0
1644,0,0.0,0.055729285,0.0,0
1598,0,0.0,0.055729285,0.0,0
391,0,0.0,0.24171293,0.003190122106118049,0
1540,0,0.0,0.055729285,0.0,0
1790,0,0.0,0.19012013,0.0,0
1666,0,0.0,0.055729255,0.0,0
1583,0,0.0,0.055729255,0.0,0
1108,0,0.0,0.1992648,0.01358672992368172,0
1564,0,0.0,0.055729285,0.0,0
1741,0,0.0,0.2672208,0.011325583438102268,0
1534,0,0.0,0.055729285,0.0,0
1580,0,0.0,0.055729285,0.0,0
2175,0,0.0,0.20855883,0.016210398333184262,0
883,0,0.0,0.25691324,0.016741206257417894,0
1618,0,0.0,0.09955767,0.0,0
1690,0,0.0,0.055729285,0.0,0
1656,0,0.0,0.055729285,0.0,0
1110,0,0.0,0.21148126,0.016433575478527813,0
2185,0,0.0,0.2795096,0.015144784423820608,0
1012,0,0.0,0.11510513,0.013136886175713361,0
2169,0,0.0,0.15676105,0.003530383454791855,0
1796,0,0.0,0.055729285,0.0,0
2124,0,0.0,0.20855883,0.016210398333184262,0
512,0,0.0,0.21941303,0.003639946719620997,0
1235,0,0.0,0.16536956,0.013514227739836494,0
2101,0,0.0,0.20351644,0.012073907531768142,0
1652,0,0.0,0.055729285,0.0,0
1557,0,0.0,0.1229157,0.0,0
2243,0,0.0,0.20855883,0.016210398333184262,0
1593,0,0.0,0.055729285,0.0,0
1873,0,0.0,0.055729285,0.0,0
1793,0,0.0,0.055729285,0.0,0
1778,0,0.0,0.055729285,0.0,0
1733,0,0.0,0.055729285,0.0,0
2168,0,0.0,0.28287908,0.017530873737581863,0
1673,0,0.0,0.055729285,0.0,0
1651,0,0.0,0.055729285,0.0,0
1704,0,0.0,0.055729285,0.0,0
1708,0,0.0,0.055729285,0.0,0
1662,0,0.0,0.055729285,0.0,0
1760,0,0.0,0.055729285,0.0,0
1590,0,0.0,0.055729285,0.0,0
1637,0,0.0,0.055729285,0.0,0
1521,0,0.0,0.055729285,0.0,0
934,0,0.0,0.2560194,0.014379997708598824,0
1774,0,0.0,0.055729285,0.0,0
1142,0,0.0,0.20847532,0.01222079163156069,0
1665,0,0.0,0.055729285,0.0,0
1842,0,0.0,0.2672208,0.011325583438102268,0
382,0,0.0,0.2666613,0.00823187760147405,0
1657,0,0.0,0.055729285,0.0,0
2159,0,0.0,0.2930478,0.01676094237075141,0
2174,0,0.0,0.2675557,0.004483964033089909,0
2295,0,0.0,0.23762675,0.014875933782827883,0
2073,0,0.0,0.2675557,0.004483964033089909,0
1595,0,0.0,0.055729255,0.0,0
2275,0,0.0,0.23614067,0.009425699993084152,0
1681,0,0.0,0.055729285,0.0,0
1854,0,0.0,0.23810916,0.01223697699715868,0
1520,0,0.0,0.055729285,0.0,0
1672,0,0.0,0.055729285,0.0,0
1677,0,0.0,0.055729285,0.0,0
2105,0,0.0,0.25159302,0.0030796427890760736,0
1548,0,0.0,0.055729255,0.0,0
2163,0,0.0,0.2850333,0.008141908931650205,0
1701,0,0.0,0.055729255,0.0,0
1506,0,0.0,0.055729255,0.0,0
2123,0,0.0,0.2675557,0.004483964033089909,0
599,0,0.0,0.12879407,0.0034977059343102765,0
1813,0,0.0,0.055729255,0.0,0
1526,0,0.0,0.055729285,0.0,0
2194,0,0.0,0.23762675,0.014875933782827883,0
1982,0,0.0,0.13074823,0.0,0
1588,0,0.0,0.055729285,0.0,0
1754,0,0.0,0.23810916,0.01223697699715868,0
1643,0,0.0,0.055729285,0.0,0
2177,0,0.0,0.22725949,0.0017353387292935484,0
1037,0,0.0,0.10856967,0.012404700825681809,0
