Resume_ID,SBERT_Cosine_Similarity,TF_IDF_Jaccard_Combined,Combined_Score
847,0.500011,0.07294814654554606,0.9580330848693848
657,0.49748933,0.06965391533102376,0.9332342014724042
716,0.49748933,0.06965391533102376,0.9332342014724042
675,0.4990071,0.05544793656632755,0.837199761501879
619,0.4990071,0.05544793656632755,0.837199761501879
895,0.4990071,0.05544793656632755,0.837199761501879
749,0.54175866,0.048775714047933176,0.8290971737733559
638,0.54768974,0.04321962691730214,0.796235264115432
694,0.54768974,0.04321962691730214,0.796235264115432
859,0.5476897,0.04321962691730214,0.7962352343131096
747,0.4214632,0.05259133414842369,0.7493657022359053
756,0.4050911,0.05411557454461419,0.7454023619981303
691,0.4275965,0.04973559816700484,0.7351905345942693
856,0.4275965,0.04973559816700484,0.7351905345942693
635,0.4275965,0.04973559816700484,0.7351905345942693
810,0.39261994,0.04893923805188373,0.6989456515611964
609,0.45661741,0.03779858466324327,0.6789163364930495
605,0.40325773,0.043896655013589,0.6737462737437396
1954,0.40986043,0.042382319550848646,0.6691784613228697
751,0.41288513,0.041673682413553285,0.6669836630439
1885,0.435194,0.03778054579090823,0.6599357222916035
823,0.48438573,0.03010043083082649,0.6505935245154733
858,0.38595992,0.04172088089605594,0.6436075288875548
637,0.38595992,0.04172088089605594,0.6436075288875548
693,0.38595992,0.04172088089605594,0.6436075288875548
802,0.4246617,0.03649643695447736,0.6418636555625676
102,0.3368134,0.047098442179708974,0.6372073867919543
771,0.35966486,0.04352768375945666,0.6328466974915867
803,0.39960337,0.03821697680619883,0.6316001212620174
746,0.4538867,0.031048999934464118,0.6302498554826017
608,0.4078259,0.03614196988351045,0.6246151365415908
644,0.5204846,0.02163611468720946,0.6243519182862944
772,0.38720155,0.038235216459929514,0.620809025346608
827,0.35282812,0.04245237109830614,0.6194585623917006
1909,0.3328878,0.044535681424514945,0.6161864426312771
615,0.44980252,0.028263280059696996,0.6075611144715399
629,0.44980252,0.028263280059696996,0.6075611144715399
685,0.44980252,0.028263280059696996,0.6075611144715399
1114,0.40462163,0.03398094146505832,0.6069826483078543
804,0.4174735,0.031860172921815186,0.6037587573626324
765,0.39053705,0.03499007470838537,0.6015021437008042
809,0.39053705,0.03499007470838537,0.6015021437008042
1887,0.39836854,0.03393793447132716,0.6011838881651395
727,0.38337827,0.03465220005832613,0.5928850943384216
1906,0.3985152,0.032352860337166986,0.5904485726645118
444,0.28483796,0.046836765706677594,0.5896648889164784
725,0.3398439,0.039699380968897885,0.5891603186063001
737,0.37117052,0.03562842336157829,0.5888310212897826
805,0.36899388,0.03581112607048338,0.5881674271296098
696,0.3931447,0.03264642230094379,0.5877335751358062
861,0.3931447,0.03264642230094379,0.5877335751358062
815,0.43767196,0.026925624157452067,0.5877152076863037
836,0.3443485,0.038747611265950804,0.5866016747581385
1959,0.3470905,0.03814092743362381,0.5848568933771476
807,0.33400428,0.03954401107528046,0.5829553484630743
1967,0.4160365,0.028848498467846435,0.5818513469221266
795,0.3528938,0.03686421795744142,0.5812141504959238
1327,0.4505216,0.02431446081099038,0.5811280937008358
604,0.37589768,0.033596275812890444,0.579063159842093
828,0.3682699,0.03449130575074555,0.5784838730931984
2345,0.29245624,0.043638950960576954,0.5744520910207229
1480,0.33758897,0.03739099819971522,0.5713534638950264
792,0.35147518,0.035202800767727783,0.5685778341035107
773,0.3493417,0.0352757205941935,0.5671997360541865
760,0.33200783,0.03749669422481266,0.5671653686540112
829,0.39031154,0.030004227595560866,0.5671297480170874
671,0.45335346,0.0216083287768746,0.5650724039533606
672,0.45335346,0.0216083287768746,0.5650724039533606
892,0.45335343,0.0216083287768746,0.5650723741510382
667,0.45335343,0.0216083287768746,0.5650723741510382
607,0.3755389,0.03155580076004538,0.5647615835026264
1908,0.3677491,0.032396565382043274,0.563667718393127
821,0.3471228,0.0349991716088225,0.5633511232973456
768,0.37782848,0.030989050188734067,0.5628922635959538
734,0.4251544,0.024674864721936685,0.561270080964441
817,0.34602815,0.03456393178302988,0.5594044004770997
833,0.35794318,0.03300980626057897,0.5592397844538868
2,0.363901,0.03206444477935472,0.5580042092140696
1988,0.2897331,0.04158619206623992,0.5579852228022903
634,0.38286746,0.029608402432735943,0.5578643808238757
855,0.38286746,0.029608402432735943,0.5578643808238757
690,0.38286746,0.029608402432735943,0.5578643808238757
2269,0.3864397,0.029083132584524052,0.5574083787940557
2150,0.38643968,0.029083132584524052,0.5574083489917333
2100,0.38643968,0.029083132584524052,0.5574083489917333
1898,0.37801772,0.029910559918348734,0.5556666582995078
800,0.3184015,0.037488567233335136,0.5551333332887646
781,0.39933008,0.027086377441795643,0.5550684135252046
890,0.34195155,0.03445464728469018,0.5550671150276184
664,0.34195155,0.03445464728469018,0.5550671150276184
669,0.34195155,0.03445464728469018,0.5550671150276184
1543,0.40085876,0.026646174807014224,0.5533967288365536
767,0.40052602,0.026575657163211926,0.5526204907245128
857,0.4376483,0.021466869667008715,0.5502790695875917
636,0.4376483,0.021466869667008715,0.5502790695875917
692,0.4376483,0.021466869667008715,0.5502790695875917
818,0.33970174,0.03401462102421298,0.5500708192716783
698,0.40102357,0.025431400347926313,0.5452154893929616
863,0.40102357,0.025431400347926313,0.5452154893929616
639,0.40102357,0.025431400347926313,0.5452154893929616
1876,0.34616867,0.03244537399622224,0.5450071255802932
699,0.3171123,0.036092110234460455,0.5444270072046193
710,0.3171123,0.036092110234460455,0.5444270072046193
744,0.27106464,0.041638499339139545,0.5419116697691619
777,0.35077447,0.030971336658299972,0.538957842541569
182,0.3611165,0.0294200545257608,0.5374281593417712
676,0.3463573,0.03129278424066771,0.5372730625532469
620,0.3463573,0.03129278424066771,0.5372730625532469
896,0.3463573,0.03129278424066771,0.5372730625532469
655,0.349477,0.030847586483522448,0.5369675813094247
816,0.38960707,0.025607509052861275,0.5363737343453527
623,0.35764986,0.0296742632734335,0.5361191824246203
898,0.35764986,0.0296742632734335,0.5361191824246203
679,0.35764986,0.0296742632734335,0.5361191824246203
791,0.32657814,0.0333935314737348,0.534262317610873
663,0.35491043,0.029542575849821104,0.5328053263270377
668,0.35491043,0.029542575849821104,0.5328053263270377
1905,0.2900456,0.03759169935127356,0.530881281414515
799,0.37110114,0.0270430369094866,0.5299241400997361
868,0.3324315,0.03196653404298982,0.5296335511098059
645,0.3324315,0.03196653404298982,0.5296335511098059
704,0.3324315,0.03196653404298982,0.5296335511098059
1964,0.35866702,0.028498825468381485,0.528957837101663
782,0.34222668,0.030595030626584162,0.5288547669542529
811,0.38750294,0.024756145718743763,0.5286862682980441
1079,0.39344388,0.023946552579626794,0.5283664326647135
766,0.37117654,0.02678633622705081,0.5282310362277982
752,0.3410946,0.03053399579949728,0.5274399823857571
1279,0.35669252,0.028473891736840222,0.5270489844919657
891,0.35516176,0.028658270962603174,0.526965360785927
665,0.35516176,0.028658270962603174,0.526965360785927
670,0.35516176,0.028658270962603174,0.526965360785927
1836,0.2309846,0.04457278937357873,0.5267452740839742
798,0.42420107,0.01958060776553714,0.5255139935714647
876,0.41400385,0.02076075651006317,0.5246273248701946
712,0.41400385,0.02076075651006317,0.5246273248701946
652,0.4140038,0.02076075651006317,0.5246272950678722
1921,0.3213097,0.03251454300914548,0.5236002682000505
499,0.33278424,0.030925520369362188,0.5228087327083406
2251,0.32164627,0.03229445843539529,0.5223880329798285
2082,0.32164627,0.03229445843539529,0.5223880329798285
2132,0.32164627,0.03229445843539529,0.5223880329798285
1307,0.36597812,0.026565668941708184,0.5221428723429252
1903,0.30056196,0.034901308315047085,0.521697388645631
736,0.3465562,0.028993073179840102,0.5216855090347918
198,0.30796975,0.03389338781749472,0.5213092472648433
882,0.34093285,0.029634949704339615,0.5211353597614086
718,0.34093285,0.029634949704339615,0.5211353597614086
658,0.34093285,0.029634949704339615,0.5211353597614086
1562,0.41430923,0.020106648212246003,0.5204127633582775
1655,0.41430914,0.020106648212246003,0.5204126739513103
1612,0.41430914,0.020106648212246003,0.5204126739513103
726,0.3383579,0.029658238983296434,0.5190285221409934
1940,0.28897452,0.03595930088705265,0.5187497557355505
1881,0.3430063,0.028989758148043103,0.5185381627070095
838,0.40242636,0.021347707811408833,0.5184598802264474
735,0.40198058,0.02103940521085016,0.515954310375463
789,0.35925388,0.02633799415717707,0.5146636659149693
1699,0.39158022,0.022177778211968764,0.5146025189209512
127,0.22385848,0.04317367134487578,0.5108830268513856
336,0.34471583,0.027569167729046044,0.5103059240139539
1914,0.48610955,0.009332717292202823,0.5097651256777632
1948,0.26288038,0.037993114007425416,0.5097217413330444
2318,0.40588573,0.019622679792640575,0.5096811543078394
738,0.34454006,0.027432486418158805,0.5092143515373138
1877,0.2848094,0.03486846562083427,0.5076068078987113
2098,0.12977697,0.0547240116430607,0.5072403474778535
2148,0.12977697,0.0547240116430607,0.5072403474778535
2267,0.12977697,0.0547240116430607,0.5072403474778535
881,0.37118596,0.02346042992870962,0.5054429483987211
1907,0.25002778,0.03901751948440036,0.5054303027239537
742,0.31164798,0.031038939594857852,0.5049819397621816
618,0.31848228,0.02996902906392248,0.5036641453681859
894,0.31848228,0.02996902906392248,0.5036641453681859
674,0.31848228,0.02996902906392248,0.5036641453681859
229,0.38622132,0.021229244566653788,0.5033841622577031
686,0.3796733,0.02203067693400978,0.5031137366238253
630,0.3796733,0.02203067693400978,0.5031137366238253
616,0.3796733,0.02203067693400978,0.5031137366238253
631,0.3796733,0.02203067693400978,0.5031137366238253
788,0.3350467,0.027682058171631767,0.5025688976341909
801,0.31029934,0.030627533538054832,0.5009750009512823
1926,0.27700198,0.03487868684180014,0.5008047485058917
790,0.32434952,0.028775623517249892,0.500648679513173
1947,0.24895555,0.03842009620799706,0.500391673870868
2432,0.2727307,0.03503183615187363,0.49809486924543656
775,0.41005543,0.01739224613966303,0.498063538032239
806,0.26510358,0.03596076891708783,0.49774852494873134
165,0.3531807,0.02456659989785571,0.4971765616168695
68,0.34299973,0.02584371215980346,0.49696880379494274
826,0.3461361,0.025254847827418263,0.49569326818957804
879,0.38995427,0.019526696093888796,0.4950003478450342
715,0.38995427,0.019526696093888796,0.4950003478450342
656,0.38995427,0.019526696093888796,0.4950003478450342
175,0.30176258,0.030830300366099444,0.494850742503702
1575,0.3721646,0.021491115497636454,0.4928063117703281
1669,0.3721646,0.021491115497636454,0.4928063117703281
1625,0.3721646,0.021491115497636454,0.4928063117703281
721,0.29642546,0.031121334164913986,0.4921477717553689
526,0.3772119,0.02062895959257592,0.491339598784176
851,0.35638577,0.023285918723012854,0.4912196551701977
889,0.35638577,0.023285918723012854,0.4912196551701977
1453,0.35033357,0.023997497562389582,0.49076978215480427
1542,0.46305734,0.009412807889550926,0.49002343837116524
1937,0.28525746,0.03219966880646071,0.4897087582973375
1255,0.30509108,0.029484039780062393,0.4885529721881715
81,0.36798757,0.021238557771057515,0.48739861160110437
739,0.43596855,0.012414019286777255,0.4867506466843087
1938,0.30591488,0.02900044610860792,0.48596342281165456
1615,0.32751757,0.02614722533277797,0.48542169911305155
1658,0.32751757,0.02614722533277797,0.48542169911305155
1565,0.32751757,0.02614722533277797,0.48542169911305155
47,0.33972278,0.024576984951506606,0.48540203478938293
41,0.33972278,0.024576984951506606,0.48540203478938293
713,0.29966226,0.029652373159643645,0.4849282855322706
877,0.29966226,0.029652373159643645,0.4849282855322706
653,0.29966226,0.029652373159643645,0.4849282855322706
2193,0.27526015,0.032579194482442606,0.48351045469055653
2294,0.27526015,0.032579194482442606,0.48351045469055653
1950,0.31303087,0.027682676447008045,0.48319471171642664
850,0.3856268,0.018333142389340744,0.4830104468224299
852,0.36611456,0.020799889593184892,0.48274326463640205
1919,0.34655073,0.02292261364341436,0.48007266580496827
1932,0.2981788,0.029017976541544636,0.4792742555939571
1917,0.33299792,0.02447695197072916,0.4787971424932818
695,0.31944364,0.02618918324417558,0.47860259474827377
860,0.31944364,0.02618918324417558,0.47860259474827377
2406,0.39221537,0.01675878221185807,0.4780187864092699
793,0.3464278,0.022507699807018715,0.4771205579009745
844,0.33705795,0.023695218480345406,0.4770126535957291
2122,0.26775417,0.032573947861966476,0.476867705946632
2072,0.26775417,0.032573947861966476,0.476867705946632
2241,0.26775417,0.032573947861966476,0.476867705946632
2173,0.26775417,0.032573947861966476,0.476867705946632
494,0.31253278,0.02681931333637782,0.47683864035618506
740,0.3300525,0.024543943913995316,0.4766637539524548
1888,0.38187736,0.017825961617164612,0.4762338870433843
794,0.31275633,0.02653991334297582,0.4751203661988557
602,0.36205852,0.020172335407449466,0.47487175353172795
808,0.36205852,0.020172335407449466,0.47487175353172795
846,0.34781876,0.021946010615520307,0.47449497598535395
1894,0.3114209,0.026619759086045604,0.47449218039318974
1289,0.24708053,0.034875412745604115,0.4744453691062014
2077,0.40829268,0.014100422093305172,0.473949202666796
2127,0.40829268,0.014100422093305172,0.473949202666796
2178,0.40829268,0.014100422093305172,0.473949202666796
2246,0.40829268,0.014100422093305172,0.473949202666796
1851,0.30527568,0.027203897366715135,0.47308693939274254
1751,0.30527568,0.027203897366715135,0.47308693939274254
757,0.35385036,0.020962096413915877,0.47306006277449014
258,0.38102484,0.017363925272207207,0.472316612364554
662,0.4793703,0.004677750222471992,0.47192721222010253
888,0.4793703,0.004677750222471992,0.47192721222010253
723,0.4793703,0.004677750222471992,0.47192721222010253
2359,0.29119378,0.02881974722779251,0.47176733634603507
743,0.30595687,0.026917819584922953,0.4717257026361944
1481,0.3306383,0.023716632694697752,0.47150882082389844
254,0.37495822,0.018014754025456,0.4714376513072115
1712,0.28943178,0.02898257615615275,0.4713324828823361
733,0.33805695,0.02263346245068722,0.4706145002022198
2211,0.3412283,0.022171525892211583,0.47023973668011365
60,0.3175792,0.02512817157791914,0.46968913115164046
643,0.38592303,0.016320505252264,0.4694762025992002
703,0.38592303,0.016320505252264,0.4694762025992002
867,0.38592303,0.016320505252264,0.4694762025992002
142,0.33552247,0.0226974428360816,0.468822180677212
677,0.33035147,0.023300019189387542,0.4684008198365087
837,0.44936606,0.00800292080731266,0.46830870775595324
666,0.35658336,0.019862628589583275,0.4679296921475147
779,0.34156036,0.021780648742469166,0.467852894053538
1282,0.34814832,0.020927006518246537,0.4678006006734475
812,0.31398535,0.02530088671729905,0.4677096147443103
76,0.3271227,0.02349641082864764,0.46690494495201135
1698,0.36339945,0.01877434712619417,0.4664699761598625
870,0.45137575,0.007395742806241235,0.46591594482066545
647,0.45137575,0.007395742806241235,0.46591594482066545
706,0.45137575,0.007395742806241235,0.46591594482066545
813,0.37460566,0.017052079249357394,0.46452896992583165
1724,0.38369375,0.015781739728578947,0.46382118999813404
785,0.3052119,0.025771430902763248,0.46321240347039283
1904,0.22911164,0.03550424566328488,0.4629392341613888
780,0.2897259,0.0276553334371929,0.4624942101920547
748,0.34381753,0.02070420514120328,0.4624614938431225
292,0.38006535,0.015934802482324116,0.4616765741598759
1431,0.39720923,0.013708095168209096,0.4615044210089396
541,0.35314387,0.019354352515569544,0.4614184354275591
1910,0.3480843,0.01996479116816732,0.46114904367380793
617,0.37663484,0.016288919025963182,0.46108421251376247
893,0.37663484,0.016288919025963182,0.46108421251376247
673,0.37663484,0.016288919025963182,0.46108421251376247
1315,0.30191636,0.025636969001782257,0.45939002744992236
763,0.33641595,0.0211875885650958,0.4592598155669939
1054,0.31957078,0.023316223668383852,0.45902270965544734
294,0.32673076,0.022347427955159236,0.4586846135377196
764,0.3472015,0.019660468761324153,0.45828612602913943
1750,0.35123703,0.01910958723325691,0.458062362016902
1850,0.35123703,0.01910958723325691,0.458062362016902
750,0.34284025,0.020142543156922006,0.45775157497135993
2335,0.44412974,0.006944478420481319,0.4564449305929585
1913,0.2864964,0.027144231476771963,0.4561483885285587
2204,0.32787508,0.02182380464895997,0.45610286207793727
274,0.31496233,0.02345465031327126,0.4559151172139883
223,0.3132133,0.023630952982404523,0.4555840295347029
161,0.31260905,0.023594965359159732,0.45480551150724474
12,0.3695277,0.01626499552342115,0.45466452034617344
56,0.38712057,0.013975615186038607,0.45445797357300854
1883,0.37337607,0.01566949911885643,0.45397021053467407
1958,0.22492659,0.03470336223705758,0.4537661308452099
1550,0.27992308,0.02744479709386576,0.4524226678237242
21,0.35826156,0.017348843768608138,0.4521769310102888
831,0.33420116,0.020438238608591563,0.4521741739643398
786,0.39990646,0.01198244358162542,0.45205060056732504
612,0.295733,0.025351102399218183,0.4519880557090799
626,0.295733,0.025351102399218183,0.4519880557090799
682,0.295733,0.025351102399218183,0.4519880557090799
1608,0.3094282,0.023569807632781693,0.4518332668491055
1558,0.3094282,0.023569807632781693,0.4518332668491055
1727,0.32547462,0.021498241358212614,0.45175849621345876
869,0.2991357,0.024773965371064126,0.45102732626960546
705,0.2991357,0.024773965371064126,0.45102732626960546
646,0.2991357,0.024773965371064126,0.45102732626960546
38,0.29534343,0.025254475217026798,0.4509828497265571
1546,0.3686254,0.01578846896049219,0.4506041176370067
1762,0.30053103,0.024494067440839044,0.4503370081326702
1862,0.30053103,0.024494067440839044,0.4503370081326702
2137,0.35553113,0.01730873886133141,0.4494986959225811
2087,0.35553113,0.01730873886133141,0.4494986959225811
2256,0.35553113,0.01730873886133141,0.4494986959225811
2428,0.38617542,0.013372046316014866,0.4494890996102934
122,0.25252968,0.03050515713673567,0.4492871901299496
778,0.29553202,0.02493981372398362,0.44899210097267195
814,0.29553202,0.02493981372398362,0.44899210097267195
972,0.37347716,0.014890221840294773,0.44871789061675355
1250,0.2831638,0.026378447177696107,0.4479661792486238
128,0.2831638,0.026378447177696107,0.4479661792486238
774,0.3575154,0.01678345622095229,0.4476448772929136
2029,0.38322508,0.013406892952546936,0.44713103009162647
720,0.24531674,0.030931331155404924,0.4458594168167203
885,0.24531674,0.030931331155404924,0.4458594168167203
660,0.24531674,0.030931331155404924,0.4458594168167203
240,0.3313697,0.01983782993038391,0.44556658374980374
1489,0.3313697,0.01983782993038391,0.44556658374980374
1706,0.30973417,0.022584169696891546,0.4453468469216776
724,0.33053657,0.019897798207131674,0.44524430139260174
797,0.33053657,0.019897798207131674,0.44524430139260174
1685,0.3273714,0.02026559005178004,0.4449792037705517
1641,0.3273714,0.02026559005178004,0.4449792037705517
1591,0.3273714,0.02026559005178004,0.4449792037705517
1767,0.292262,0.024771950942301287,0.4449632303275159
1867,0.292262,0.024771950942301287,0.4449632303275159
603,0.372542,0.014377657478593361,0.44438154015813525
2205,0.26313752,0.028291358665897447,0.4434504613478364
1968,0.321241,0.02082696503096953,0.4434309923364108
640,0.37945,0.013333424988434772,0.44330462742957455
700,0.37945,0.013333424988434772,0.44330462742957455
864,0.37945,0.013333424988434772,0.44330462742957455
23,0.3206328,0.020840853605452278,0.44299084806076816
1609,0.32680404,0.02002792381362439,0.44285082799123515
1559,0.32680404,0.02002792381362439,0.44285082799123515
622,0.35605428,0.016109974122424712,0.44174261782290714
633,0.35605428,0.016109974122424712,0.44174261782290714
654,0.32073653,0.02056027030558156,0.44115899288455007
878,0.32073653,0.02056027030558156,0.44115899288455007
714,0.32073653,0.02056027030558156,0.44115899288455007
1965,0.32289243,0.02026088049039963,0.44100452335445384
732,0.3608306,0.01534827170480305,0.44072592351103235
561,0.32343188,0.0200569557821171,0.4400816263371268
1912,0.37128836,0.01380134477778813,0.4393279262257271
784,0.3021398,0.02266055850100155,0.4391858285138995
709,0.276533,0.025933624702321963,0.4390808570584518
872,0.276533,0.025933624702321963,0.4390808570584518
650,0.276533,0.025933624702321963,0.4390808570584518
874,0.276533,0.025933624702321963,0.4390808570584518
1433,0.38457423,0.012039108563118872,0.4389435177083832
730,0.3097964,0.02164077451965009,0.4389354197048921
289,0.33461443,0.018403411786449473,0.4385908343886857
914,0.28036058,0.02530692296647643,0.43815436154670406
842,0.3852964,0.011726502354425386,0.4374365110495788
900,0.34448275,0.0169346636405089,0.4372098900053986
681,0.34448275,0.0169346636405089,0.4372098900053986
625,0.34448275,0.0169346636405089,0.4372098900053986
1222,0.316981,0.02042901186545408,0.4369536796214179
1508,0.31189188,0.02106005179157564,0.4367995051565785
1151,0.30847648,0.02148296382633892,0.4366919722829785
2331,0.2893542,0.023835310154453407,0.43598389882148947
415,0.29125422,0.02357098085406269,0.43584452435154797
1924,0.30034333,0.022319071441883637,0.4352639618442317
2225,0.33571437,0.01776459858050354,0.4351804793462639
554,0.29909247,0.022441244282219,0.4350003697441007
35,0.2939769,0.023041085196292378,0.4346090461020333
1683,0.35049206,0.015643030441322238,0.4336462341186529
1639,0.35049206,0.015643030441322238,0.4336462341186529
1589,0.35049206,0.015643030441322238,0.4336462341186529
687,0.32630473,0.01870085751136023,0.43331537687056787
854,0.32630473,0.01870085751136023,0.43331537687056787
689,0.32630473,0.01870085751136023,0.43331537687056787
632,0.32630473,0.01870085751136023,0.43331537687056787
1296,0.3886531,0.010686144368623314,0.4332602786975054
880,0.34087574,0.01677521741718014,0.4329421450875862
717,0.34087574,0.01677521741718014,0.4329421450875862
1918,0.35939798,0.014381253044614486,0.4328367742657822
2236,0.30521905,0.02132498842281544,0.4327419580083698
52,0.31543583,0.0199399041016589,0.4322411863546546
2215,0.3083018,0.02070515726380985,0.4312069930071286
1448,0.38918805,0.010287122009185109,0.4309961828228116
25,0.34656358,0.015685045529993145,0.43047633919662714
89,0.3631959,0.013525662166809503,0.43031535348659944
481,0.2248245,0.031204720117550995,0.4296959409115628
1795,0.28803357,0.023072662468470947,0.42959413186726564
2212,0.34371814,0.015871984783251344,0.42925309781575394
946,0.31374964,0.019631454267275326,0.4286428290576306
1462,0.39319843,0.00935009774755808,0.42810358243890884
1239,0.35175806,0.01465166238890514,0.4279655539686717
6,0.2992277,0.021325074784741348,0.4274689693977307
464,0.30751708,0.02022126827645528,0.4271996005514985
1357,0.3232253,0.01818114083252008,0.42704259223697044
866,0.3812884,0.010651751333313746,0.42654212016224036
642,0.3812884,0.010651751333313746,0.42654212016224036
702,0.3812884,0.010651751333313746,0.42654212016224036
2418,0.31936452,0.018524861289334248,0.42600027579098976
164,0.31200314,0.019429596846608232,0.4257219680111379
1779,0.33990383,0.01577475560360585,0.425229290524876
398,0.28475642,0.022746334450415334,0.4244728528877199
2162,0.38028982,0.010451922932679734,0.42429349969341307
2112,0.38028982,0.010451922932679734,0.42429349969341307
2281,0.38028982,0.010451922932679734,0.42429349969341307
2182,0.38028982,0.010451922932679734,0.42429349969341307
1925,0.34969202,0.014378390678619192,0.4242739617430145
37,0.32415342,0.017622324679368116,0.4240293347093544
1337,0.33440173,0.016303917297423046,0.4240132952081131
862,0.34313095,0.015163638587394262,0.4238811011598303
697,0.34313095,0.015163638587394262,0.4238811011598303
613,0.31300545,0.018996383655474285,0.42363488334965593
683,0.31300545,0.018996383655474285,0.42363488334965593
627,0.31300545,0.018996383655474285,0.42363488334965593
205,0.29944196,0.020719584467684453,0.42350741660720087
2315,0.26952142,0.024541353926578868,0.4233663634124099
202,0.29818943,0.02078931217756774,0.42288286583050294
2329,0.32018137,0.017938759016514625,0.4227020041495776
1212,0.33867934,0.01553171037053417,0.4224856426531618
1723,0.2700808,0.02433648141248742,0.4224544937254815
2218,0.29416308,0.021222782188054578,0.42230991635496096
871,0.3508042,0.013862732494742902,0.42171849248888627
707,0.3508042,0.013862732494742902,0.42171849248888627
648,0.3508042,0.013862732494742902,0.42171849248888627
437,0.35125622,0.013800544869670504,0.4216901080840896
286,0.3233354,0.017297860796118922,0.42108537552730846
400,0.26548702,0.024718591177986096,0.4210300843752268
834,0.3214558,0.017484838156991103,0.42071250658913245
729,0.27268815,0.02374107408137501,0.42066844991731456
1096,0.23445833,0.02863900611572642,0.4205897801094144
1389,0.35250533,0.013465263792984239,0.4204914972570759
235,0.33919847,0.015163431497981815,0.42041832079955005
1408,0.3243332,0.01707158886412355,0.42041271076838865
1285,0.37868044,0.010058265652201578,0.42017870657191736
2340,0.29421502,0.020880455192311215,0.4200092907914429
206,0.35875744,0.012502764530589634,0.419397468500073
1946,0.32212916,0.017202537487106224,0.4193702745151363
22,0.2982916,0.020257822422902038,0.4193298510021256
187,0.28586015,0.021820896740115135,0.4191012586878434
472,0.27548409,0.023089818075801388,0.4186656079683899
2355,0.20779367,0.03172347560205792,0.41826098835577297
372,0.2718863,0.023481239148385326,0.41818171494544676
215,0.3516333,0.013191788779706415,0.4178494904543594
741,0.3022442,0.019499808616566514,0.4176133784083855
84,0.33124697,0.01572639616918824,0.4172780576946405
762,0.26138815,0.0246141790386157,0.416706599942404
552,0.3135504,0.01791014088329816,0.4166692739828096
824,0.29915646,0.019754748976359055,0.416642933884972
1104,0.2932551,0.020502066154823313,0.41657078735852543
2289,0.35168427,0.012954315513314673,0.41626665754809117
1220,0.2963194,0.019945871560186068,0.41545575679641955
2222,0.30330598,0.019046546925566055,0.4154412105231967
364,0.3758865,0.009710976449513613,0.4153390945265864
1500,0.34455538,0.013688926895412179,0.41502696976292575
770,0.36497,0.011059402105760088,0.4149727359631608
1495,0.27644843,0.022375191533529033,0.414616256087594
394,0.33871627,0.014370015514552283,0.4145556571905079
1467,0.29070762,0.020528518862984985,0.41450980214658895
28,0.33038568,0.015426160160045867,0.41446207344536884
825,0.28342584,0.021396706429236273,0.4140510827831532
2374,0.27662477,0.02221368964156585,0.41366450294052903
1691,0.34145468,0.013875554835209641,0.4135768850715883
1962,0.20938662,0.03080242631706221,0.4133500720842864
1262,0.34413227,0.013487607985236141,0.4132746533391307
410,0.29485708,0.01976811756821159,0.41295026577310023
2399,0.3063028,0.018255940328532904,0.41266005119469573
1928,0.24641985,0.025936704560259934,0.4125962731773585
2121,0.32062468,0.016400327071243823,0.4125475107304485
2071,0.32062468,0.016400327071243823,0.4125475107304485
2172,0.32062468,0.016400327071243823,0.4125475107304485
2240,0.32062468,0.016400327071243823,0.4125475107304485
1437,0.3076955,0.01799795700653458,0.4121176748326607
2053,0.22668839,0.0283869320874766,0.4120228920549211
2147,0.34808314,0.012693798021990815,0.4113113073902618
2266,0.34808314,0.012693798021990815,0.4113113073902618
2097,0.34808314,0.012693798021990815,0.4113113073902618
538,0.33542147,0.01424615739124998,0.4108066170616901
1417,0.2746059,0.022052753730055767,0.4107843955554773
1722,0.3039579,0.018269293890523564,0.4106876191252188
492,0.37338585,0.009336197673819949,0.41056921161343063
1811,0.35723338,0.011384599374314495,0.410391896930689
1603,0.32309395,0.015685163685488928,0.40981910304894886
1553,0.32309395,0.015685163685488928,0.40981910304894886
399,0.29462922,0.019335724542928617,0.4097859948997469
255,0.28614724,0.020408797842045606,0.40967516727131525
404,0.3022222,0.018313924474487923,0.40946573909330286
1450,0.39013296,0.007012443950297751,0.40938266092725906
1360,0.3374356,0.013721428294247958,0.4089828781683838
849,0.36318535,0.01038355487879666,0.4087694744755468
493,0.29348874,0.01932863168397747,0.4087335177139385
231,0.2786032,0.021235616893678942,0.40870202191605187
1878,0.2805239,0.020983201866702442,0.4086625490865351
761,0.30196822,0.018201323596303574,0.40847040476458163
2409,0.3335914,0.014113031122275063,0.40828332962830644
55,0.2760415,0.021443729348986595,0.40787367881634556
796,0.31716263,0.016156835343319804,0.40783128622366366
1783,0.31630033,0.016209018928309046,0.40742995655688236
2306,0.2764765,0.021245396829241724,0.40689714171988234
2061,0.26070166,0.023258877664645038,0.4068128583129952
220,0.32203013,0.015349835207090603,0.40658434087726525
1324,0.20389163,0.030494676319734813,0.40640398874899775
1323,0.39482677,0.005938915061890232,0.40615599262728036
319,0.29461718,0.018747202237932404,0.4057415452587637
1972,0.34026593,0.012863725290438425,0.4055952897202858
370,0.28699782,0.019630058016053848,0.405086235360435
392,0.28194344,0.020278353835938057,0.40508088334251
2231,0.31662965,0.015761866025738414,0.4046549457898144
832,0.29805753,0.018133042588180603,0.40456019615077415
1249,0.30218422,0.01759530589624947,0.4045067869148511
1945,0.24856362,0.024465457167165295,0.4043990370606893
2104,0.2657169,0.02220625801554261,0.40401244902985023
2273,0.2657169,0.02220625801554261,0.40401244902985023
2154,0.2657169,0.02220625801554261,0.40401244902985023
841,0.3063375,0.016985239821552645,0.4039810136226418
257,0.33571362,0.013178563161315542,0.40374629428860415
1826,0.27780038,0.02047282216057588,0.40276707359476466
1933,0.34026968,0.012415256383933504,0.4025247094906905
442,0.3195536,0.015054472209865844,0.4023800373575448
2030,0.32055712,0.014865049508720026,0.4019649805900717
661,0.29692,0.017900265429318822,0.4019634301079317
886,0.29692,0.017900265429318822,0.4019634301079317
722,0.29692,0.017900265429318822,0.4019634301079317
887,0.29692,0.017900265429318822,0.4019634301079317
1229,0.26877004,0.021487429383795192,0.40177283032611477
897,0.34776872,0.01129979634438764,0.40147981939079674
678,0.34776872,0.01129979634438764,0.40147981939079674
621,0.34776872,0.01129979634438764,0.40147981939079674
583,0.30375206,0.01682933822805042,0.40063670031539167
218,0.3054883,0.01657649768801879,0.4004319180865202
1492,0.26332414,0.021979608160966876,0.40035281915854326
1013,0.31759784,0.015008857136313055,0.4003458819116448
360,0.3027925,0.016895103346105493,0.4002428687018327
758,0.28606805,0.019017516376393016,0.4000693608380017
1363,0.29300168,0.018056812519806852,0.3995875290696417
820,0.30838528,0.01602256651705484,0.3991851183689151
628,0.354982,0.010010346614995311,0.3989908403866763
684,0.354982,0.010010346614995311,0.3989908403866763
614,0.354982,0.010010346614995311,0.3989908403866763
193,0.35786182,0.009633225837318588,0.39894079201223515
2220,0.36332965,0.00888929226520372,0.39865454146245605
1332,0.29836887,0.017204543389018303,0.39847012439055374
24,0.2816218,0.01932787870773026,0.39828303010969124
448,0.24792413,0.02363554225656066,0.39814777131094303
377,0.30205417,0.016650877707295696,0.3979190020548205
2369,0.30067414,0.016732403170611997,0.39726310950409566
1288,0.22652626,0.026251873793368193,0.39724611668942916
1276,0.36007708,0.009086490994319688,0.39714327728981036
1379,0.25639957,0.02239263151784316,0.39708873517284315
1519,0.3904573,0.005170043111479283,0.3970399834992877
1839,0.31064948,0.01539471409491559,0.3968746732102748
1126,0.2724473,0.020293047712494378,0.3968230299191872
109,0.38441992,0.005864543475718289,0.39648607509216505
1270,0.32831922,0.013051989564237363,0.39637014680655763
189,0.34455773,0.010956355746309598,0.3962994813814376
330,0.28465205,0.01862747130171151,0.3961495573042257
753,0.2352705,0.024900736661305267,0.39568187760313295
1715,0.36122802,0.008671499800989297,0.3953118919423645
873,0.33337885,0.012202107620906323,0.3949984098546806
649,0.33337885,0.012202107620906323,0.3949984098546806
708,0.33337885,0.012202107620906323,0.3949984098546806
2164,0.33021674,0.01253420845371403,0.3944913914909041
2067,0.33021674,0.01253420845371403,0.3944913914909041
2114,0.33021674,0.01253420845371403,0.3944913914909041
2184,0.33021674,0.01253420845371403,0.3944913914909041
2283,0.33021674,0.01253420845371403,0.3944913914909041
2186,0.38713008,0.005215946722689489,0.39442597086618864
2116,0.38713008,0.005215946722689489,0.39442597086618864
2285,0.38713008,0.005215946722689489,0.39442597086618864
2166,0.38713008,0.005215946722689489,0.39442597086618864
490,0.36990505,0.007425488577249272,0.39440906243889107
236,0.3189029,0.013954249727856811,0.3942661394757343
403,0.28874627,0.017820160926644214,0.3942198302828148
1663,0.30602556,0.015587277283857075,0.3941245527298648
1569,0.30602556,0.015587277283857075,0.3941245527298648
1619,0.30602556,0.015587277283857075,0.3941245527298648
270,0.28941163,0.017700928072780887,0.39398826163401607
88,0.29802573,0.016589978472091895,0.3939557667939945
1062,0.2760099,0.01941344166754852,0.39392987863125184
1884,0.25936127,0.02152161089498185,0.3937254983276338
611,0.3247756,0.013080911726420865,0.39344930336158107
1058,0.2967154,0.016666253846529082,0.3933252223489087
843,0.3928234,0.004300075608637394,0.39315971227907104
2429,0.30352613,0.015659065905064502,0.3924165976914852
2203,0.3288539,0.012400659564376868,0.39237644958653267
383,0.31464276,0.01420734370351458,0.3922511042812079
1394,0.25575218,0.021698033585132965,0.39175799801060596
2032,0.33649257,0.011311273144581913,0.39163317764473554
365,0.2400524,0.023693830613808673,0.3916185633907371
2371,0.26529625,0.020442648277115956,0.3915540797816359
1393,0.26808572,0.020048500354380813,0.39130781163024664
1738,0.25254595,0.02199198216648019,0.3909506446791094
2109,0.2930478,0.01676094237075141,0.3907459877264276
2278,0.2930478,0.01676094237075141,0.3907459877264276
2159,0.2930478,0.01676094237075141,0.3907459877264276
830,0.37080973,0.00675729755320844,0.39062544663780036
132,0.3711827,0.006699878512617786,0.3905601883667739
138,0.27217335,0.019410596836361975,0.39053344868351453
429,0.23483784,0.024179133550501525,0.39035504831686263
468,0.29859304,0.015973286542288884,0.390228184907042
1208,0.4228821,0.0,0.3901439607143402
209,0.2743914,0.019058679136815464,0.39007369024867544
769,0.37229568,0.006396869902344556,0.3894629438160146
1955,0.24059352,0.02330240046475844,0.38941192994371854
1831,0.261116,0.02066431858715094,0.389393979588784
277,0.34306797,0.010122282824036617,0.38927129013359646
1428,0.3079235,0.014532920245951684,0.3885683352423994
2102,0.3184773,0.013172672026903686,0.3885344471129974
2271,0.3184773,0.013172672026903686,0.3885344471129974
2152,0.3184773,0.013172672026903686,0.3885344471129974
125,0.34128854,0.010233333118248256,0.3884661882015472
1411,0.3589335,0.007953516924861244,0.3883710914051317
1890,0.1723499,0.031896113521913856,0.3882465685537858
759,0.2683119,0.019556015983205225,0.38813131277411095
1384,0.29433152,0.016135869801934977,0.38759155073921003
2118,0.28287917,0.017530873737581863,0.3870727669047117
2287,0.28287908,0.017530873737581863,0.38707270730006693
2188,0.28287908,0.017530873737581863,0.38707270730006693
2168,0.28287908,0.017530873737581863,0.38707270730006693
114,0.30109283,0.01512705540039724,0.38662829643723373
340,0.31233588,0.013676776950235253,0.38658398063604155
1768,0.30000597,0.015216847630010558,0.3862870943288865
1868,0.30000597,0.015216847630010558,0.3862870943288865
184,0.37944663,0.004989320656164414,0.38610965275089526
1931,0.2533371,0.02117535390413287,0.3860496855856702
2008,0.24756059,0.021882229611764028,0.38581024185117563
134,0.28829026,0.016647008002467642,0.3857774469061158
731,0.24536213,0.022088658958152204,0.38529006682709277
337,0.25784415,0.020465177072951164,0.3851491243395152
1180,0.2631362,0.019755157739685086,0.3849406094575715
1930,0.27701712,0.01793174848194674,0.38466064077550655
2401,0.22444408,0.02467388830699962,0.3845975608051043
500,0.28048113,0.017459040294866897,0.3844696578064749
2207,0.2931158,0.015761771644276324,0.3839573310417368
1880,0.23661318,0.023006475838730087,0.38388009186697325
414,0.2829151,0.01704792116906418,0.38379414152588126
1843,0.37376514,0.0053660968847930104,0.38369128675223807
1743,0.37376514,0.0053660968847930104,0.38369128675223807
1834,0.37376514,0.0053660968847930104,0.38369128675223807
1746,0.29096904,0.015960738519880835,0.38343150011686455
1846,0.29096904,0.015960738519880835,0.38343150011686455
1278,0.27974415,0.017392622028901975,0.38336570765636935
1957,0.21062708,0.02626334938843643,0.38333025758439676
521,0.31922242,0.012315909587231645,0.38331789963774954
2206,0.25648648,0.02036992234499734,0.38330120250764277
822,0.32246822,0.011888128681947911,0.3832427805453505
1942,0.25223678,0.02089535037592804,0.3831620038845492
593,0.2826845,0.01698157400928933,0.38313643208662035
121,0.2954014,0.015316596907346311,0.38291782737067875
651,0.3862252,0.00364724753655684,0.3828773513440213
875,0.3862252,0.00364724753655684,0.3828773513440213
711,0.38622516,0.00364724753655684,0.3828773215416989
610,0.278353,0.017498341989094113,0.3828658436686908
1901,0.22137573,0.02472733175998046,0.38226311109101796
1776,0.38910583,0.003149661692584319,0.38200232852653543
1451,0.3812759,0.004146976902970437,0.3819461741626058
460,0.35620457,0.007310716177759592,0.3815631795934183
1421,0.3053329,0.01383239837029705,0.38148659430143544
1196,0.22341599,0.024321253064836252,0.3812756014435681
979,0.24923654,0.021002619650690134,0.38125641871329197
57,0.2875926,0.01606197581962706,0.38115345197763795
1317,0.2913068,0.015577178740251517,0.3810998188797073
107,0.2524081,0.020570424196762315,0.3810856700991947
1077,0.30555123,0.01372641711674083,0.3809523446911989
1034,0.29843196,0.014614301961148771,0.3807716852389105
754,0.27712226,0.017347680882710992,0.38074987034410224
783,0.25175655,0.02059817271547141,0.3807023774552653
1977,0.29370284,0.01513547610704697,0.3801812990188582
1734,0.37581947,0.004545974981576463,0.37987824664599573
949,0.2813636,0.016671522463110974,0.379848603816573
139,0.265787,0.01866748430027329,0.379818734574361
967,0.19115716,0.028236155202074818,0.37971474835435975
2051,0.41093877,0.0,0.3796314001083374
2050,0.27022398,0.018037149905404462,0.37940375215085476
2239,0.34889024,0.007934819463155695,0.3794028216888585
2120,0.34889024,0.007934819463155695,0.3794028216888585
2070,0.34889024,0.007934819463155695,0.3794028216888585
2171,0.34889024,0.007934819463155695,0.3794028216888585
1243,0.30208904,0.013938858162320059,0.37936101817600854
2417,0.22851786,0.02337688616724409,0.3792934256515892
1817,0.2614575,0.019130038719918148,0.3791783296920152
1375,0.3100673,0.012839281991064173,0.37884682109897005
548,0.35120982,0.007524694167712705,0.37863344505913227
2065,0.3805864,0.003721742014872283,0.3784246416133278
2103,0.3805864,0.003721742014872283,0.3784246416133278
2153,0.38058633,0.003721742014872283,0.378424582008683
2272,0.38058633,0.003721742014872283,0.378424582008683
156,0.26979017,0.017830945256577857,0.377608530442763
1302,0.21951534,0.024272360563522364,0.3775071216064847
2342,0.19047067,0.027953957587999324,0.3771762570685986
451,0.3673378,0.0052338786825922605,0.3771276640415725
320,0.24448173,0.02099129839855731,0.3769936210334448
97,0.27783078,0.016700971932854487,0.37694085177302017
396,0.28101525,0.01626615913071007,0.376763562761645
2431,0.27070317,0.017544218865192057,0.3764468746959501
1002,0.27202106,0.017356931272448133,0.37632319671946296
463,0.2898538,0.015055492609543421,0.3762451494216753
243,0.40703458,0.0,0.37619492411613464
474,0.22016904,0.023996445854063693,0.3761913449293064
1409,0.32630843,0.010334602177510631,0.37597477404007046
1352,0.29637346,0.014177637495163022,0.37596678515928295
1299,0.32722056,0.010182836954540683,0.3757374218814413
1380,0.28668284,0.015377491085066645,0.375661109238709
65,0.3340131,0.009283729484474203,0.375553596786689
1502,0.22902739,0.02275160509500773,0.3754561294422261
2372,0.2462269,0.020528171403375515,0.3753553795169692
1400,0.31579915,0.011563352917492256,0.3751465443403924
927,0.29179108,0.014641480724259215,0.37511263536897144
1496,0.28436506,0.015585700336170363,0.37504809572333286
214,0.30058205,0.013485127643116424,0.37492462406358484
1101,0.25437775,0.01941775619484699,0.37491877722293565
1974,0.2812306,0.015940647723940257,0.37472199054018807
252,0.3330908,0.009262128734815987,0.374593726017744
1503,0.23646641,0.02162136795472736,0.3742571148611431
1956,0.2132878,0.02457525581500651,0.37410172486119575
835,0.22299092,0.02327532190364484,0.37373245872890565
2201,0.28478885,0.015312556248743085,0.3735489218273001
848,0.32920298,0.009608529532519765,0.37354593926279944
450,0.36516988,0.004989071327618761,0.37354149654923585
64,0.3754002,0.003669369890723161,0.3735007623244046
422,0.30222428,0.013048381335605458,0.37337658666640333
49,0.27124202,0.01694394720097879,0.3728068063756226
390,0.26874083,0.01722233918141867,0.37251339900219826
66,0.2873337,0.014832882172413034,0.37250114972756826
361,0.26773238,0.017349788133053413,0.37249932516432543
309,0.2919206,0.014235858894852977,0.3724464525062523
1897,0.2849003,0.01513181383116386,0.37240818933269154
167,0.2882374,0.014691777178701819,0.3723294141584044
906,0.30361444,0.01269676683385628,0.37219018001795323
186,0.32269904,0.01024246290308362,0.3721662473521977
2258,0.28404838,0.015172915891972146,0.3719400541760149
2139,0.28404838,0.015172915891972146,0.3719400541760149
2089,0.28404838,0.015172915891972146,0.3719400541760149
166,0.22898252,0.022232838890224867,0.3718609224787781
1978,0.21345699,0.02422623567723434,0.3718583989125127
1348,0.30856884,0.011977533160807952,0.3716212748957548
1529,0.34304374,0.007482770325520947,0.3711582778211832
2023,0.29466456,0.013675865631121414,0.37102339559376973
169,0.2945161,0.013654294804361306,0.3707448321977148
311,0.31108215,0.011526657035754981,0.3707431134809796
135,0.3047331,0.012321061098510087,0.37059966280465106
2234,0.31792426,0.010592315619958041,0.3703614190482403
225,0.36592257,0.004428378805291387,0.37036091260558984
1271,0.26334298,0.0175787045141907,0.37020480192882144
1429,0.28866467,0.014324220190162783,0.37018618652982194
1473,0.2887367,0.0142988243912421,0.3700755383998071
247,0.2465401,0.019695367416103966,0.3699228594499282
288,0.2465401,0.019695367416103966,0.3699228594499282
688,0.31758475,0.010521856210650682,0.3695796494239729
1329,0.25025702,0.019157278071584252,0.3695063355605079
1038,0.25126442,0.01899921620304971,0.36930967387026387
1365,0.3352391,0.008205354898166296,0.36924133152167676
1267,0.32111216,0.01001589187408005,0.36921651264331784
39,0.2902579,0.013926175643082381,0.36886029414924276
45,0.2902579,0.013926175643082381,0.36886029414924276
1419,0.29139316,0.013773701201833952,0.36881447818275526
745,0.27933234,0.015308375792960596,0.3687174451485337
251,0.31659633,0.010481065841426794,0.3684300455409788
329,0.2603945,0.01768407469631392,0.36833178267976785
565,0.27727523,0.015479969910049185,0.36808288305465126
2165,0.2795096,0.015144784423820608,0.36775217500368046
2284,0.2795096,0.015144784423820608,0.36775217500368046
2185,0.2795096,0.015144784423820608,0.36775217500368046
2115,0.2795096,0.015144784423820608,0.36775217500368046
276,0.3278727,0.008921902152684628,0.3676687357930879
1248,0.21755038,0.023086672753991684,0.3676506515228643
179,0.29462412,0.013172595383025332,0.3675382750666083
 data purging database management internship project manager department management united nation headquarters new york ny novembre mai new york usa industry npo international organization designed implemented un internship recruitment automation gained certificate appreciation secretary general kofi annan successful project execution project management project nominated prestigious united nation award project manager satyam computer limited aout aout formerly digital technology technology used sap hr project spss sa dreamweaver visio office suite rdbms sharepoint sql java uml oracle formation mba en international business management royal holloway university london uk john lloyd huck research institute master science en analytics information system university arkansas little rock little rock ar bachelor engineering en b engg osmania university graduate diploma en information system university arkansas little rock little rock ar,0.30736697,0.011509505090421628,0.36735543146751193
ration data purging database management internship project manager department management united nation headquarters new york ny novembre mai new york usa industry npo international organization designed implemented un internship recruitment automation gained certificate appreciation secretary general kofi annan successful project execution project management project nominated prestigious united nation award project manager satyam computer limited aout aout formerly digital technology technology used sap hr project spss sa dreamweaver visio office suite rdbms sharepoint sql java uml oracle formation mba en international business management royal holloway university london uk john lloyd huck research institute master science en analytics information system university arkansas little rock little rock ar bachelor engineering en b engg osmania university graduate diploma en information system university arkansas little rock little rock ar,0.30736697,0.011502910959198417,0.3673102340804947
ata acquired specific knowledge various process like data analytics data migration data integration data purging database management internship project manager department management united nation headquarters new york ny novembre mai new york usa industry npo international organization designed implemented un internship recruitment automation gained certificate appreciation secretary general kofi annan successful project execution project management project nominated prestigious united nation award project manager satyam computer limited aout aout formerly digital technology technology used sap hr m project spss sa dreamweaver m visio m office suite rdbms m sharepoint sql java uml oracle formation mba en international business management royal holloway university london uk john lloyd huck research institute master science en analytics information system university arkansas little rock little rock ar bachelor engineering en b engg osmania university graduate diploma en information system university arkansas little rock little rock ar,0.30736697,0.011495791757615021,0.3672614377647518
1452,0.35641813,0.005186584880738311,0.36719198644291445
443,0.27146953,0.01609408426097288,0.36718196123646774
1464,0.2403667,0.02007893943319894,0.36711807509211475
701,0.32886934,0.008706896437144474,0.367072308275181
865,0.32886934,0.008706896437144474,0.367072308275181
641,0.32886934,0.008706896437144474,0.367072308275181
580,0.26266542,0.017195637778398082,0.36698280296211233
13,0.26785567,0.016523662270070048,0.3669454169619294
1265,0.26785567,0.016523662270070048,0.3669454169619294
1232,0.23066457,0.02129165958044693,0.3668904412289222
2223,0.33418596,0.00798617276443195,0.3668120454687359
1482,0.39632183,0.0,0.3667655289173126
210,0.29000098,0.013622629419414507,0.36655359253601105
2062,0.33293143,0.008099351766510735,0.36648355949551575
755,0.21195546,0.0235992853917311,0.36623952286817574
44,0.28622004,0.014061971952301903,0.36623693144301495
48,0.28622004,0.014061971952301903,0.36623693144301495
1536,0.28732717,0.013908100579539832,0.3661567749213549
1711,0.26147652,0.01722157940499511,0.3661141328890313
99,0.2636341,0.016906967588063464,0.36585683397931495
100,0.2636341,0.016906967588063464,0.36585683397931495
2265,0.31493923,0.01031765520720616,0.365851413766473
2146,0.31493923,0.01031765520720616,0.365851413766473
2096,0.31493923,0.01031765520720616,0.365851413766473
2392,0.29726097,0.012566089184374017,0.36570214520613303
1981,0.27936476,0.014854799006112862,0.3656370673332809
1757,0.3160798,0.010131172798786546,0.36557715010662345
1857,0.3160798,0.010131172798786546,0.36557715010662345
151,0.3364498,0.007512311807824907,0.365556758283877
279,0.16423604,0.029626580465694306,0.36554892854167953
103,0.2909642,0.013324843336159041,0.36536032847310385
1221,0.27490634,0.015302448741556108,0.36478103066432216
1454,0.31226146,0.010502125227935715,0.3647588289126127
96,0.30702344,0.01115377927685152,0.36461484701688435
1415,0.2697238,0.015897557857548636,0.3642983254150997
1537,0.31391758,0.010210308813259378,0.36421638658268485
1911,0.28430718,0.013995610862174417,0.36409836833240244
1416,0.2932019,0.012816375395702274,0.36384483126932843
2433,0.26858443,0.015965084685167982,0.3637582887483918
1820,0.30259484,0.011585209670534537,0.36367389584536397
2092,0.30525273,0.011239345166376523,0.36364275929175494
2142,0.30525273,0.011239345166376523,0.36364275929175494
2261,0.30525273,0.011239345166376523,0.36364275929175494
185,0.30587417,0.011151323670298505,0.3635864356095685
459,0.24266572,0.019267734975566414,0.3635815381803029
1095,0.25759614,0.017290061192734546,0.36316799468555605
1300,0.3443631,0.0061363487519783995,0.36309093425722416
1227,0.28874087,0.013250093378056826,0.3628910090260395
1149,0.24811748,0.018452932994730116,0.36279538643256964
115,0.24462017,0.018856365753930227,0.3624822621084204
212,0.2903299,0.01298125941678131,0.3624470542538934
1153,0.27234077,0.015289428996746738,0.36243357956685296
110,0.25559437,0.017439929365603835,0.3624332606763095
1368,0.29663897,0.01215611723552569,0.36234462367542214
26,0.29229772,0.01271204831411177,0.36233391306588747
98,0.36006996,0.003979517174165673,0.3621328520751738
1412,0.37455815,0.002088401566693066,0.3619233609870941
1875,0.23293632,0.020274397699899915,0.36191754310854196
1252,0.30635512,0.010837582178546877,0.3618593357673954
1403,0.30618125,0.010832866465287644,0.3616739784767852
1815,0.29115778,0.012714637342123821,0.36134827414944415
291,0.30066556,0.011475315239229327,0.3612224930890948
2320,0.28236315,0.013810981926776567,0.3611217575430395
2190,0.30292472,0.011167159433076095,0.3610988667318129
2291,0.30292472,0.011167159433076095,0.3610988667318129
2047,0.28033054,0.014055764457304823,0.36101041916400495
1592,0.2429527,0.01883143389527745,0.3608436548940953
1687,0.2429527,0.01883143389527745,0.3608436548940953
1642,0.2429527,0.01883143389527745,0.3608436548940953
1504,0.3005414,0.011353065825351599,0.3602752880279325
1395,0.25670666,0.016969676271430662,0.3601890956567573
137,0.31358755,0.009637489773360926,0.3599996665941526
1316,0.25290015,0.01741282658995729,0.35987603307277666
1806,0.27753782,0.014242405852688754,0.3598315384264904
196,0.34331864,0.005788779252966265,0.35978931680947995
454,0.24520507,0.01838477299669279,0.35976469891740254
1989,0.28826457,0.012839669961403498,0.35965866224759657
183,0.30165666,0.011077439047951384,0.3593677501487768
261,0.3083306,0.01020251942317717,0.3592453154546362
1491,0.3083306,0.01020251942317717,0.3592453154546362
1402,0.21243791,0.022465616523432267,0.3588938014349286
1814,0.3189702,0.008773451331646545,0.35881524235912576
287,0.28145593,0.013589583506990176,0.35880569886544356
884,0.25691327,0.016741206257417894,0.35880498887374
719,0.25691327,0.016741206257417894,0.35880498887374
659,0.25691327,0.016741206257417894,0.35880498887374
883,0.25691324,0.016741206257417894,0.35880495907141763
994,0.25774544,0.01658338993579881,0.35845576828765413
1781,0.28450286,0.013135433852752763,0.3583748144833086
930,0.26399696,0.01576227447200435,0.35833027362247627
1718,0.27389386,0.01448355422502803,0.35827699833705373
1449,0.30579567,0.010359364319085714,0.35808911891753403
123,0.2427972,0.01842107428841392,0.35789409268197714
238,0.25367856,0.016999100452133445,0.357725433497306
43,0.29315722,0.011923611880955908,0.3576863568386266
1401,0.25792474,0.01641428371902462,0.35745450140431595
2198,0.25020415,0.017400906242628647,0.3574213040006463
2299,0.25020415,0.017400906242628647,0.3574213040006463
587,0.21027452,0.02252317950429581,0.3573841143923331
513,0.3053463,0.010300770038197226,0.3572919665274139
2221,0.32197034,0.008100542522639788,0.3568437259232794
968,0.26158684,0.01583000994319017,0.356673170976738
1802,0.31083637,0.009505375827598686,0.35667254562951684
2224,0.24619578,0.017772824090071374,0.35644231952544453
1082,0.3403782,0.005673294685708881,0.3564095816784705
1984,0.27740264,0.013753629410023317,0.3563623742068185
105,0.24759321,0.017569264854473604,0.3562771034731942
1314,0.3064336,0.010010271910713752,0.3562578511616939
2018,0.26530224,0.015271314216818883,0.3561140809565203
908,0.2588184,0.016086194884307282,0.35599230784368097
62,0.26962864,0.014689648850411007,0.3559353506116708
1055,0.25473806,0.016569370416625727,0.35571257404815926
1246,0.3063823,0.009935492045046531,0.3557001755061768
601,0.23602498,0.018965450753875533,0.3556644225870764
411,0.32548937,0.007473734989057205,0.35564494649280587
2325,0.32125545,0.00800401936635731,0.3555528922399491
1808,0.31162307,0.009238867849832492,0.35553830794210134
197,0.30896914,0.009578712391552592,0.35553166943876535
1714,0.27067998,0.014474636350705054,0.3553870073445011
14,0.3344198,0.006240921238312884,0.35505558567259105
1771,0.2750371,0.013852955186901389,0.3549610320781576
1871,0.2750371,0.013852955186901389,0.3549610320781576
728,0.310403,0.00928682487713209,0.35479311733397423
293,0.23730293,0.01864873130878986,0.3546184281722632
1586,0.29276085,0.011524649873118464,0.3546029021429752
1680,0.29276085,0.011524649873118464,0.3546029021429752
1636,0.29276085,0.011524649873118464,0.3546029021429752
141,0.28079787,0.013038818776786604,0.3544514480708748
2393,0.20865223,0.022296957829357957,0.3544056158923539
1434,0.27517295,0.01371053238766029,0.35410440696064865
1730,0.30628166,0.009709134367883976,0.3540600760912246
2229,0.24776563,0.017216416823268025,0.3540103865613651
10,0.23672894,0.01857033017264554,0.3535758285093372
2277,0.313388,0.008715418603511263,0.35350399628774903
2158,0.313388,0.008715418603511263,0.35350399628774903
2108,0.313388,0.008715418603511263,0.35350399628774903
2084,0.30026653,0.01039098902454895,0.3534391016089836
2134,0.30026653,0.01039098902454895,0.3534391016089836
2253,0.30026653,0.01039098902454895,0.3534391016089836
72,0.2515394,0.016638705005932106,0.35337233596343365
1512,0.2921973,0.011395469663273018,0.3532214175928301
1330,0.30455378,0.0096795947035315,0.3523367336880117
395,0.29139364,0.011366847312121571,0.35231787661706226
160,0.27615097,0.01331640434683217,0.35226385083576156
1744,0.26301298,0.014929025423033392,0.3517529462477764
1844,0.26301298,0.014929025423033392,0.3517529462477764
845,0.2798633,0.012755717847639212,0.3516883887803388
1342,0.30096275,0.010019426909051162,0.35150517175336704
1341,0.30096275,0.010019426909051162,0.35150517175336704
594,0.2967342,0.0105601863131289,0.3514896538279974
1966,0.17285481,0.026459331271115306,0.35142629117875945
2083,0.25875178,0.015405032821757916,0.3512648767413257
2133,0.25875178,0.015405032821757916,0.3512648767413257
2252,0.25875178,0.015405032821757916,0.3512648767413257
1777,0.26354933,0.01478282466815773,0.35122295799970626
1396,0.29164654,0.011102017754729064,0.3507252797165185
1920,0.25186217,0.016207207525757477,0.35069886358863134
2416,0.2746573,0.013255458460474025,0.350531387080262
435,0.23880728,0.017841526918716964,0.3504098330508817
1786,0.26219517,0.014826474225247304,0.35033021110148366
346,0.27083132,0.013696604131929324,0.35018741813922305
2091,0.29165208,0.011009212589634422,0.350094063643703
2260,0.29165208,0.011009212589634422,0.350094063643703
2141,0.29165208,0.011009212589634422,0.350094063643703
449,0.3081742,0.008886963560248875,0.350090596921261
1287,0.276635,0.01286388135937529,0.3495881993311671
1916,0.1456168,0.029685185557320446,0.34956190429434536
1257,0.29898047,0.00994910915874032,0.34927839420596174
1347,0.25897455,0.015033587398032022,0.34891500593744645
1338,0.24672556,0.016591984181856034,0.34881494276404623
2214,0.29990053,0.009706390019487445,0.34842457113426795
144,0.3049119,0.009022489563875087,0.34814803348744283
1351,0.2533275,0.015637846020029638,0.3480861401215257
104,0.27810493,0.012426214336367739,0.3478821871621677
256,0.26828972,0.013684534476846779,0.34786757917556255
253,0.28831244,0.011039551524942327,0.34736243040978176
1359,0.18391733,0.024425130054192012,0.3472207554605695
1349,0.3233674,0.006503305376478414,0.3471256426693273
321,0.31702763,0.007293810424247255,0.34696363326420754
1321,0.26234874,0.014300548492780035,0.34686058793013996
1376,0.26234874,0.014300548492780035,0.34686058793013996
1780,0.29823452,0.009691524777137889,0.34685625875876075
839,0.27304053,0.012903803333524883,0.34669798753029796
7,0.285478,0.011258768932333357,0.34637011518293637
150,0.25182337,0.015574174638330437,0.3463257864025551
87,0.22752404,0.01868006921830533,0.3462258215182602
2415,0.22981583,0.01838193729919926,0.34619960036105946
776,0.29290718,0.010217093004697777,0.3457694727521679
285,0.37246522,0.0,0.3457668721675873
190,0.2240032,0.019053149674101842,0.3456839294143947
63,0.31052023,0.00789405455354383,0.3453499892669762
181,0.37192962,0.0,0.34529542922973633
1165,0.31845284,0.006865294820478303,0.3452809777362877
2358,0.19613872,0.022567241794967205,0.3452437601399166
1895,0.2713673,0.01289616919568753,0.3451728905791003
2259,0.3015914,0.00899495087381439,0.3450365644892148
2090,0.3015914,0.00899495087381439,0.3450365644892148
2140,0.3015914,0.00899495087381439,0.3450365644892148
1501,0.33873588,0.0042063864353781765,0.34490953154954757
1205,0.27636987,0.01218213697662603,0.3446820458830065
272,0.27636987,0.01218213697662603,0.3446820458830065
1281,0.2957514,0.009647165305272497,0.3443665680686659
1056,0.22551131,0.018667143819839194,0.34436561450674785
1346,0.24195713,0.01655260480493621,0.3443478341067156
91,0.25867027,0.014386114177377467,0.3442092720443034
1659,0.32410654,0.005974985315360237,0.34415505439632993
1616,0.32410654,0.005974985315360237,0.34415505439632993
1566,0.32410654,0.005974985315360237,0.34415505439632993
1233,0.3223569,0.006190251317201795,0.344090492116792
313,0.2515444,0.01521223617349582,0.343599437426273
2049,0.3209613,0.006281729854433673,0.34348908089285307
1493,0.26137644,0.013929560310697014,0.34346194837349897
224,0.28485638,0.010895355426379373,0.3433320714023941
2040,0.23525742,0.017263917754637943,0.34332619902129263
531,0.28342885,0.011068596184448203,0.34326296987314514
2293,0.27678955,0.011918295453245643,0.3432430273892061
2192,0.27678955,0.011918295453245643,0.3432430273892061
1131,0.25909486,0.014130490338019311,0.3428309004034644
3,0.28683108,0.010558022849044977,0.34275806298176137
118,0.27383846,0.012224064627481239,0.34274125507248715
2257,0.29744917,0.009180750351537611,0.34266405212763007
2088,0.29744917,0.009180750351537611,0.34266405212763007
2138,0.29744917,0.009180750351537611,0.34266405212763007
1523,0.31197137,0.00729364611801569,0.3425119772653401
260,0.30539477,0.008124902622832011,0.34242081858944173
406,0.2787253,0.011545868142293981,0.3423942005452678
1339,0.23083931,0.017630969569494854,0.34195320906028254
560,0.2421547,0.016173478261293027,0.34192314256772893
934,0.2560194,0.014379997708598824,0.3418340503179089
2422,0.22776383,0.018005322352855006,0.34181204257084374
575,0.2627135,0.013514910009914009,0.34179673783353526
574,0.2627135,0.013514910009914009,0.34179673783353526
1294,0.22949223,0.01777267990990301,0.3417388174741063
307,0.21027529,0.02019217104901853,0.34140763959108755
2357,0.19524668,0.022104925415264355,0.34128978674126065
502,0.26436478,0.013218585058559003,0.3412191314327066
1923,0.2611702,0.013577593167545355,0.34086797495782406
1922,0.2611702,0.013577593167545355,0.34086797495782406
1461,0.3121516,0.007011382852010133,0.3407359605411511
1455,0.22122553,0.018685011473267555,0.34071573452085707
296,0.18242553,0.02351780126120525,0.33968868177655565
328,0.24668193,0.015234715127355573,0.33947355608475627
597,0.24727204,0.015147206035874813,0.3393931773696206
2405,0.20455554,0.020609854742386084,0.33923598424783796
1155,0.19890113,0.02129282848646405,0.3389401792379054
2227,0.28321314,0.01045642716283745,0.33887718032244885
819,0.30711287,0.00737203530892276,0.3387728167344378
204,0.27934372,0.010927316387122552,0.3386988725803191
335,0.2795187,0.010881215137710183,0.3385368747459271
470,0.28116807,0.010644783141918092,0.33836811673727385
1234,0.23366733,0.016726293785175848,0.33824161908465605
1325,0.29351974,0.009038830721394633,0.3382326003814491
853,0.27869025,0.010911475824463645,0.3380151136312092
145,0.2606226,0.01321790320554418,0.3379205711061197
1732,0.36348426,0.0,0.3378618061542511
1960,0.30844143,0.007062859786799569,0.3378230544233858
143,0.28153765,0.010517030517891685,0.33781779892996605
1391,0.252568,0.014217216036713193,0.3376803852942
295,0.2802581,0.010641436885288943,0.3375442136630009
2226,0.23247933,0.016749829731114347,0.33735726469702343
518,0.28337643,0.01020536223923326,0.33730004200365976
1985,0.23797044,0.016011569133993292,0.3371303868568525
333,0.21039726,0.019526482475938065,0.33695225066320733
2170,0.27668586,0.011010553328866638,0.3369299413679734
2208,0.27944025,0.010640877570658798,0.3368205347228044
606,0.24264614,0.015364587640329863,0.3368114234334453
1398,0.24480063,0.01507922854702881,0.3367519011539238
1816,0.28447694,0.009984036951236848,0.3367517325000575
159,0.29961404,0.0080202204140425,0.3366150973900723
2232,0.2769748,0.010874924940378741,0.3362546226896945
899,0.29135472,0.008993480123861154,0.336016109152747
680,0.29135472,0.008993480123861154,0.336016109152747
624,0.29135472,0.008993480123861154,0.336016109152747
1210,0.2963711,0.008342278983122689,0.33596810936199084
4,0.2963711,0.008342278983122689,0.33596810936199084
981,0.2075824,0.01973875553163144,0.33592956331620305
425,0.2318411,0.01658374690512921,0.3356571287144627
2254,0.24633208,0.014717383276019402,0.3356197360244745
2085,0.24633208,0.014717383276019402,0.3356197360244745
2135,0.24633208,0.014717383276019402,0.3356197360244745
2021,0.26240537,0.012637573421476592,0.33551209561865636
1798,0.26290053,0.012535278949363803,0.3352467945748495
1736,0.20659313,0.01975822144032819,0.33519222197557547
2129,0.32957962,0.003953976528608185,0.3351201150341205
2248,0.3295796,0.003953976528608185,0.3351200852317981
2079,0.3295796,0.003953976528608185,0.3351200852317981
384,0.36036032,0.0,0.3351120948791504
409,0.2512411,0.013995295585268273,0.3349913338285411
588,0.23775297,0.015711867020005425,0.3348847531832704
589,0.23775297,0.015711867020005425,0.3348847531832704
1474,0.25635135,0.013248992207981621,0.33437411277310863
431,0.21685278,0.018294762504092375,0.3341919860496073
2238,0.27392012,0.010954356593526827,0.33411032611173985
1892,0.25290877,0.013649605080488392,0.3340898060792513
995,0.22780275,0.016850712470319374,0.3339323920561738
1705,0.24968411,0.013996271164549023,0.3336275757343485
598,0.2008487,0.020180787419536616,0.3330323048235354
940,0.2548419,0.01321937306385329,0.33284246548147023
571,0.2482993,0.014059234464145726,0.332840222773077
195,0.28943545,0.008764281157934874,0.33275579268245864
2301,0.35762727,0.0,0.3327064514160156
95,0.26340827,0.012098505582694251,0.3326999852929787
1949,0.26643342,0.01170773719834704,0.33268433508480133
1785,0.26974422,0.011281449695306995,0.332676642702442
2330,0.28986198,0.008687348490692885,0.33260393170292496
533,0.25905985,0.012640209519382535,0.3325854262452576
1386,0.2824349,0.00963364824574538,0.3325526960662687
1320,0.26056916,0.012438139662158164,0.33252890044036876
2264,0.30698034,0.006447757146196824,0.33232099808935006
2145,0.30698034,0.006447757146196824,0.33232099808935006
2095,0.30698034,0.006447757146196824,0.33232099808935006
2378,0.31905887,0.004832712376075766,0.3318827159617206
1206,0.30528164,0.006590652771292813,0.33180521864305235
58,0.30528164,0.006590652771292813,0.33180521864305235
2235,0.31722593,0.005022861655575894,0.33157268533920514
2022,0.22761858,0.016498038011593264,0.3313529867826242
2160,0.23162241,0.015976988522789805,0.3313058020751192
2279,0.23162241,0.015976988522789805,0.3313058020751192
2110,0.23162241,0.015976988522789805,0.3313058020751192
2180,0.23162241,0.015976988522789805,0.3313058020751192
1382,0.25809646,0.012570227262846349,0.3312577746202795
27,0.29290003,0.008073337997438403,0.3310694639440412
1604,0.286999,0.008796161506578321,0.3308297313307744
1554,0.28699896,0.008796161506578321,0.33082970152845204
1787,0.26346943,0.011813443935602437,0.3307999433804868
1125,0.27034396,0.010926493960032117,0.33077159940934386
1741,0.2672208,0.011325583438102268,0.3307580360018356
1830,0.2672208,0.011325583438102268,0.3307580360018356
1842,0.2672208,0.011325583438102268,0.3307580360018356
157,0.27011222,0.010953748093621988,0.33075443715425346
1961,0.2335546,0.01564727493292492,0.3307466136799275
264,0.24606448,0.014011122451887334,0.33054335191170137
1547,0.29236883,0.008058182810441794,0.3304980486741167
1283,0.3114795,0.005588086373786695,0.33038881905954826
1829,0.1966285,0.020336284319578856,0.3303834731793969
1975,0.2689922,0.011002158063698697,0.33010038715947815
523,0.25978094,0.012177705662413035,0.3300500547896469
427,0.30658373,0.00612164678243342,0.32973667333177076
510,0.16354348,0.024457706542070547,0.3295109253310095
924,0.23639,0.015087119707060555,0.3294029278208356
2014,0.22469474,0.016547550938716373,0.32911879283406026
2295,0.23762675,0.014875933782827883,0.3290440101224542
2194,0.23762675,0.014875933782827883,0.3290440101224542
423,0.2111772,0.018250339457461143,0.3288918284307727
2233,0.22537287,0.016409154779535,0.3287670810427415
980,0.21708106,0.017458394071184227,0.3286602903926894
1497,0.2409358,0.014388393310887405,0.32861495871811813
51,0.19566566,0.020201273300581947,0.3286105793052112
522,0.25648123,0.012361303491366117,0.32840405291315355
1782,0.35273752,0.0,0.32840248942375183
2216,0.21157816,0.018126192684981907,0.3283938376442047
1052,0.1896345,0.02092819297040756,0.32828439220498157
412,0.18284272,0.02179284286698085,0.3282327093119909
1849,0.24390054,0.01394567207217423,0.3281900318559381
1749,0.24390054,0.01394567207217423,0.3281900318559381
237,0.27209938,0.010315704191732094,0.3281302653167094
1756,0.30963194,0.005478392416460054,0.32801073319500745
1856,0.30963194,0.005478392416460054,0.32801073319500745
562,0.22131202,0.01677918283051869,0.3277289499556752
221,0.23752728,0.014651203802289042,0.32741612522168057
945,0.17317843,0.02288253997813382,0.3271951570502764
1941,0.22341913,0.01640015062037301,0.3269856814726734
2286,0.2138347,0.017616870836479583,0.32688907259019573
2187,0.2138347,0.017616870836479583,0.32688907259019573
2167,0.2138347,0.017616870836479583,0.32688907259019573
2117,0.2138347,0.017616870836479583,0.32688907259019573
1256,0.24670194,0.013389990802701483,0.32684710468548817
2060,0.28344405,0.008654360599994788,0.3267287368256146
1418,0.23646998,0.01465415023318637,0.3265056834792309
1358,0.23466185,0.014852366184126968,0.32627275860493576
511,0.3162859,0.0043173608307568185,0.325909651179908
1141,0.2429913,0.013713939391621015,0.32580138191919644
910,0.21226619,0.017628803133579465,0.3255902512612012
2068,0.20491329,0.018570246430179873,0.3255710254543345
445,0.29591548,0.006882987913404961,0.3255648103859452
173,0.26661313,0.010596350655797802,0.3252248484396315
1224,0.2899242,0.007600316754050313,0.3252079633137343
1969,0.23664331,0.014437301098559244,0.32517191775468834
2350,0.20313641,0.01873665558739407,0.32514761341634657
19,0.3486824,0.0,0.3248331546783447
1335,0.22140908,0.01631701138813623,0.3246465852279559
2113,0.2850333,0.008141908931650205,0.32461516034055216
2183,0.2850333,0.008141908931650205,0.32461516034055216
2282,0.2850333,0.008141908931650205,0.32461516034055216
2163,0.2850333,0.008141908931650205,0.32461516034055216
1934,0.2809074,0.008669403064761813,0.3245990506497615
1929,0.25736812,0.01167116750108823,0.3244543611608659
9,0.27389303,0.009547824450070628,0.3244458545047379
1218,0.27586177,0.009285694132842175,0.3243820509838813
2069,0.28481317,0.008122978900509632,0.32429163572872405
2230,0.24526775,0.013166764519821409,0.32405468905391355
1810,0.3476195,0.0,0.3238976001739502
241,0.27365148,0.009492560998787772,0.3238544588875609
355,0.2387097,0.013964253605395615,0.3237484139547335
1943,0.18644391,0.020645968913051118,0.3235415995129649
1444,0.2447481,0.013097130755376244,0.3231200003938116
586,0.2903742,0.007217078596140822,0.3229772812296551
1900,0.20913897,0.017638119240696318,0.32290151837192127
1752,0.22313339,0.01583894445173135,0.32288755457634194
1852,0.22313339,0.01583894445173135,0.32288755457634194
308,0.31291068,0.004296054589722957,0.3227927101771664
1086,0.20246103,0.01847713291278612,0.3227743154937587
290,0.26785105,0.010079092873358187,0.322769101068386
1390,0.27407044,0.009274006037278066,0.32272521696105727
1226,0.21024932,0.01745785780716301,0.32264329584426055
2042,0.2649637,0.010430836759038989,0.3226385358420928
367,0.27188116,0.009539513046548619,0.3226180326215743
300,0.24546275,0.012928199099059387,0.32259114940035505
551,0.27334613,0.009339023142368848,0.3225332950628277
458,0.22217053,0.01590614315911735,0.3225006433210337
148,0.2433506,0.013178770074620117,0.32244948043185995
357,0.22100762,0.016047501422663726,0.3224459333668225
1361,0.2633377,0.010592456639380753,0.32231512617131586
581,0.23646359,0.014041376039801656,0.3222999839270017
111,0.2656329,0.01028336152185512,0.32221675637115665
482,0.3168489,0.0036825245260449974,0.3220539195185188
325,0.2511987,0.01210689794347775,0.3220106118088736
417,0.2511987,0.01210689794347775,0.3220106118088736
1726,0.25009456,0.012238763312105088,0.3219425726403168
1364,0.24384782,0.013037271625248342,0.3219172860662015
108,0.24384782,0.013037271625248342,0.3219172860662015
1381,0.2703164,0.00963554550043698,0.32189894237649197
1334,0.34523124,0.0,0.32179543375968933
363,0.26991633,0.00966245572105828,0.3217312457318124
1067,0.28100938,0.008233335485542592,0.3216999279332633
1998,0.24569006,0.012752357045785558,0.32158597354914376
1804,0.24445911,0.012906252377141946,0.32155732209560073
334,0.26748925,0.009941701446057476,0.32150892736417225
926,0.25607806,0.011404561376561415,0.32149149551154776
1432,0.26440027,0.010330125909075668,0.32145233452718486
349,0.23684923,0.013846132547014247,0.32130119760516745
2054,0.1815409,0.020948180800930163,0.3212973857197711
1216,0.23057482,0.014635356107600368,0.3211879231336437
283,0.26437163,0.01028685485800395,0.32113053402772634
1799,0.27151483,0.009344823350413391,0.320961162345841
485,0.27698284,0.008616324151406765,0.32078085083688734
457,0.31376606,0.0038736112583385857,0.32065013183643426
2396,0.31281543,0.003975165649123047,0.32050944448491286
997,0.2323482,0.014296710825776247,0.3204277125863233
529,0.19236009,0.01941873257649047,0.32033733046496216
1397,0.24213874,0.013018698412917761,0.3202856500290605
2202,0.25814414,0.01096043642925021,0.3202659490330648
284,0.32632408,0.002202173510735296,0.3202473823690852
2025,0.3433739,0.0,0.3201605975627899
1230,0.25207457,0.011701127881540969,0.3200003306243845
2055,0.3088309,0.004408173589714667,0.31997016356787894
1996,0.31048435,0.004191661308427601,0.31994151522120107
932,0.2923891,0.0064898517000935105,0.31976624086560507
1874,0.24512137,0.012552479830942773,0.3197154185861169
1758,0.29385895,0.0062876485005947886,0.31967408140268566
1858,0.29385895,0.0062876485005947886,0.31967408140268566
271,0.29417562,0.0062389655926381364,0.3196191409277891
356,0.23510091,0.013824270483754971,0.31961246338665533
120,0.30089974,0.005310362207329286,0.31917291491680644
1995,0.22871086,0.014559895406826001,0.3190300390743735
92,0.33163267,0.001332490832223152,0.3189590640165836
1447,0.25312012,0.011403649905417874,0.3188816576324214
1993,0.26402152,0.009995397049421801,0.3188246726414206
2397,0.22360006,0.015152880968497855,0.31859592971479234
1423,0.24729726,0.012105485130620326,0.3185668661258676
1350,0.24729726,0.012105485130620326,0.3185668661258676
1986,0.22871938,0.014466711405301484,0.31839883409026876
986,0.24483573,0.012373517169624792,0.31823736323097446
331,0.21825114,0.015774268943114355,0.31814689597887336
1214,0.21383496,0.01633031422691267,0.31807100071224237
1477,0.28988764,0.006557228191653185,0.31802625614058666
1483,0.31451863,0.0033450149755209204,0.3176894520088208
162,0.29745895,0.0055260507403953035,0.31762268234529667
1404,0.27642828,0.008220466152715083,0.3175794351400599
155,0.21657264,0.015893921466555112,0.31748959602958177
2310,0.2624086,0.010000369801126995,0.3174390784648857
2327,0.21680045,0.015856393075011823,0.3174328944646196
1301,0.30303463,0.004773090196381009,0.31736947966829754
1201,0.20638117,0.017163579436186297,0.3172215063985168
358,0.25384694,0.011065294624161684,0.31720225991843615
1990,0.22866279,0.014288125328461392,0.3171249577241234
420,0.27501082,0.008332795573056785,0.31710171720218105
316,0.24436876,0.012258312876779545,0.317036698209672
1713,0.2601693,0.010188471410063103,0.31675731035762483
1111,0.21148126,0.016433575478527813,0.31670703406105133
1110,0.21148126,0.016433575478527813,0.31670703406105133
944,0.20817396,0.016856319674131644,0.3166935096023974
1304,0.28056148,0.00753152979729334,0.31649539767486956
1788,0.27485555,0.008187091563325147,0.31596636169718717
1291,0.23752007,0.012936663089909524,0.315658000252669
1951,0.25282633,0.010954231924012148,0.3155426694599287
176,0.2863765,0.006558945644993142,0.31494752704974155
2197,0.23835805,0.012709078582424227,0.3148356867996584
2298,0.23835805,0.012709078582424227,0.3148356867996584
1490,0.29645938,0.005233290580147185,0.3147362262533361
559,0.25572705,0.01046224378352604,0.31472371691016554
1486,0.33684677,0.0,0.3144153952598572
952,0.21145947,0.016099927115659957,0.31440096908256243
158,0.2603654,0.00980431752625012,0.3142968492032
1117,0.21810062,0.015214161199684838,0.3141753283663883
397,0.22474003,0.014339886257014337,0.31402691407300576
1318,0.25131848,0.010896973252045257,0.3138229913762794
1424,0.24080767,0.012236838718444071,0.31375502132330574
907,0.25213268,0.01078229368702045,0.3137536130127003
126,0.24394336,0.011807453842691168,0.3135719911701908
2353,0.16915576,0.021408553918384973,0.3135514165454557
1387,0.24708816,0.011395435777227358,0.31351601315051747
1420,0.23170248,0.013360337851400518,0.31344128007944283
131,0.2478823,0.01127842830336642,0.3134130209960282
1466,0.33562678,0.0,0.31334155797958374
40,0.28523925,0.006441457626934181,0.31314124218222317
74,0.2664367,0.00884460082941452,0.3130627333590988
1460,0.2784427,0.00727730951123455,0.31288798519543837
1048,0.22585647,0.014025059644694212,0.3128517215028084
2031,0.28273913,0.006706477812971083,0.31275710594500583
1445,0.23434167,0.01291279671603877,0.3126967674302624
2074,0.20855883,0.016210398333184262,0.31260500904779065
2175,0.20855883,0.016210398333184262,0.31260500904779065
2243,0.20855883,0.016210398333184262,0.31260500904779065
2063,0.20855883,0.016210398333184262,0.31260500904779065
2124,0.20855883,0.016210398333184262,0.31260500904779065
498,0.20116065,0.017155276561357163,0.31256948118802774
2209,0.22736162,0.013789504220976816,0.3125620286880071
1344,0.30012977,0.0044318860606202635,0.3124739433816208
281,0.33431304,0.0,0.3121851980686188
1319,0.22119185,0.014521079442680645,0.31214572598675083
563,0.22698295,0.013775133946655437,0.31213022301381355
477,0.27219224,0.007968898271281975,0.31212657410341926
1295,0.2507715,0.010684604878187676,0.31188592300287565
249,0.258577,0.009680727809976666,0.31187558391082626
227,0.29040438,0.00557731512257624,0.31176459495905345
1388,0.26447648,0.00889761599812914,0.311700733414224
1440,0.25856847,0.009646463448618334,0.31163321949706113
1833,0.2319694,0.013047495266768003,0.3115319461308566
1854,0.23810916,0.01223697699715868,0.31138073891788504
1754,0.23810916,0.01223697699715868,0.31138073891788504
36,0.22391436,0.014052936469456795,0.3113333480708541
2219,0.24435255,0.011421584897611333,0.3112873355866626
2199,0.26883435,0.008240875752016768,0.3110351124070328
517,0.28517097,0.006132352688631767,0.3109624688555436
5,0.31413215,0.0024098367473068894,0.31093937509185693
177,0.22301126,0.014109890141625342,0.3109288016595839
2427,0.26267508,0.00896438528780151,0.3105727945347512
2380,0.21241964,0.01540260676107056,0.3104665564051896
304,0.27917385,0.0068222825981614065,0.3104126984757036
416,0.25172335,0.010326302598117528,0.31026787112852355
216,0.2916132,0.005192228881928733,0.31018914562334965
1896,0.20007473,0.01693803289662928,0.3101246182086012
1886,0.18083295,0.019341049306852785,0.30965865950319954
1488,0.19209358,0.017882707025047864,0.30957455502474934
32,0.3197161,0.0014877411083780866,0.3095341611638983
1047,0.22145528,0.014097687692968253,0.3094755832079085
1599,0.29324132,0.004874078974581355,0.30944159197781584
1649,0.29324132,0.004874078974581355,0.30944159197781584
2034,0.33104748,0.0,0.3093108534812927
1479,0.27628142,0.007017792320214593,0.3092068052369026
1355,0.24858089,0.010563899076356319,0.3091304028023384
936,0.18947926,0.01814924591076354,0.30910033480308663
1772,0.2986465,0.00412849676413481,0.3090888772592491
1872,0.2986465,0.00412849676413481,0.3090888772592491
382,0.2666613,0.00823187760147405,0.30906072437904014
2013,0.26730418,0.008145938950874499,0.3090375417725389
268,0.2830329,0.006112913404580964,0.3089472713767246
2400,0.19594511,0.017282396864045882,0.30885005226044826
958,0.27908435,0.0066030592834808634,0.30883130425614463
1333,0.23654136,0.01204246368593293,0.3086675273056419
369,0.2137572,0.014945586761209297,0.3085113831975218
1468,0.18553594,0.018528898177818602,0.3082316137223458
1123,0.257874,0.009212556979314267,0.30804788429664165
1274,0.2953474,0.004397340059798122,0.3080276999164913
1253,0.24061933,0.011414773089864832,0.3079546570394526
2001,0.24841952,0.010412849250813658,0.3079530416754996
991,0.22683951,0.013148769477267208,0.307710748312899
503,0.23831594,0.011657774355644563,0.3075927803724056
1414,0.3150875,0.00177402860966884,0.30742233162085425
2404,0.24766588,0.010419642451735218,0.30733624852994
1264,0.2576827,0.009126398988845666,0.30728895847771054
497,0.2836334,0.00579263207938392,0.3072805783148311
101,0.24491572,0.010754307418326385,0.3072094100667434
1309,0.23221123,0.012382529098560646,0.3071870089199646
504,0.23881367,0.011500645390812796,0.30695389861665123
2423,0.21845052,0.014100180631679473,0.3068478780687558
1385,0.31163174,0.0021245187847293455,0.30678288164568907
387,0.25771058,0.00902202499961519,0.30659808728905247
1832,0.26178193,0.008488368527787454,0.30652393273547973
421,0.2665175,0.007872933978741885,0.3064738883729369
1137,0.22366142,0.013374353949922917,0.30645958054903455
600,0.2671116,0.007785694554597737,0.3063988448789947
467,0.23472588,0.011943342123303342,0.3063901293762399
15,0.24450499,0.010685714699958639,0.30637773099886034
2344,0.20123434,0.016223083142447598,0.30624490606604016
402,0.29199272,0.004546681539300624,0.3060985295573272
1136,0.20694585,0.015467553122678845,0.30609365864752086
540,0.22546515,0.013055414525701881,0.30586115535252334
80,0.3043694,0.002904654457249474,0.3057377449569137
1022,0.2160183,0.014246770762030438,0.3057117988292626
999,0.2160183,0.014246770762030438,0.3057117988292626
11,0.1869541,0.01793993635571456,0.30544303145032686
1987,0.19271068,0.01718076922017544,0.30530652146312764
250,0.22411723,0.013124242300948582,0.30514648311630516
259,0.24896267,0.009907264936039856,0.3049657627411365
555,0.23903237,0.01117361362231599,0.304904870887642
2305,0.19430844,0.01690996926910042,0.30485676553367735
1739,0.2472626,0.010091902389443888,0.3047348824616973
1953,0.17036086,0.019936867048581376,0.30452494348995807
1745,0.18188167,0.018436621676037483,0.30438262857348763
1845,0.18188167,0.018436621676037483,0.30438262857348763
18,0.23708625,0.011347119956052629,0.30438112239196624
2341,0.2118323,0.014581021202687634,0.3043182771424928
267,0.29504186,0.003887199097107009,0.3042621638670893
2389,0.24605605,0.010141493607453492,0.3040127840235973
233,0.29401672,0.003937261145836302,0.3037029734326064
1809,0.24011102,0.010836097672997841,0.30354090204091044
515,0.26597577,0.007512809983535214,0.3035286951819878
2394,0.19276753,0.016913437375145605,0.3035242179767197
1983,0.24558637,0.010127718957059335,0.3035049522226635
146,0.26311976,0.007858230438196168,0.30338241475046335
1753,0.2602555,0.008225110543572093,0.30337593604013663
1853,0.2602555,0.008225110543572093,0.30337593604013663
1837,0.2041656,0.015423601199856508,0.30334521619217625
1647,0.23677038,0.011223639797492283,0.30325674083125165
1597,0.23677038,0.011223639797492283,0.30325674083125165
31,0.29526442,0.0037079091671823605,0.303229168409501
380,0.26166505,0.008003687066134918,0.3030989593244985
484,0.21966514,0.013388336887374095,0.30303788386246877
1003,0.23186034,0.01181573470123241,0.3029932396091538
2437,0.15780051,0.021312800191565454,0.3029001788394833
1102,0.24788049,0.009731499205518752,0.3028084903005907
1425,0.23023172,0.011968986134236782,0.3026101315803908
2093,0.27026403,0.006825611054434383,0.3025930609925733
2143,0.27026406,0.006825611054434383,0.3025930609925733
2262,0.27026403,0.006825611054434383,0.3025930609925733
1720,0.23954847,0.010768553091748756,0.3025827734838382
1290,0.2672525,0.007209577898370956,0.3025740727266531
2373,0.19621773,0.016308143243371934,0.3024122923325664
244,0.29139125,0.004084379736879273,0.30240038980244593
596,0.29848456,0.0031298659972432167,0.30210153398542156
2300,0.28747407,0.004514382617364274,0.3018997884705171
232,0.21986465,0.013164216501151238,0.3016773317398278
584,0.2161649,0.013619944535056666,0.3015444458505858
248,0.3222195,0.0,0.30154043436050415
1737,0.20672205,0.014830508637074379,0.3015302453409145
428,0.14310102,0.022994985612786015,0.3014916426490569
1879,0.18655154,0.017413556332115297,0.3014807913388746
579,0.22727406,0.012174687415846801,0.30141670879164373
2189,0.23856594,0.010723589115173989,0.30140974853329316
2290,0.23856594,0.010723589115173989,0.30140974853329316
317,0.24006204,0.010528469319609279,0.301389251723462
1626,0.22557129,0.01237130626499435,0.3012655819154762
1576,0.22557129,0.01237130626499435,0.3012655819154762
1670,0.22557129,0.01237130626499435,0.3012655819154762
1399,0.24228403,0.010191736290429593,0.30103701397760185
323,0.23709229,0.010841869736911602,0.30092336426926014
1374,0.21573545,0.013577947856208401,0.30087859514123716
536,0.30757788,0.0017826612284107199,0.300871524884222
2026,0.3214208,0.0,0.3008373975753784
938,0.22112459,0.012874684233322648,0.30080182839782776
1695,0.18351747,0.01770138867922274,0.30078304612227486
2213,0.2663367,0.0070426363299942885,0.30062373132702014
1093,0.24713905,0.009464289072742167,0.30032435679623415
1076,0.22711882,0.012018546942395745,0.3002098496490314
2131,0.22384368,0.012407688371769546,0.29999430296153284
2081,0.22384368,0.012407688371769546,0.29999430296153284
2250,0.22384368,0.012407688371769546,0.29999430296153284
1041,0.20636192,0.014643050880020717,0.2999283979294481
326,0.24992359,0.009040699589096028,0.2998719545388271
373,0.24992359,0.009040699589096028,0.2998719545388271
2426,0.20788053,0.014438556495810903,0.299863434708611
2217,0.25577626,0.008227214549009605,0.29944771864436237
1343,0.26786155,0.006656341535621143,0.2993181732191865
1721,0.22970885,0.011473109753972215,0.2987510664925246
553,0.26048666,0.007514251213934604,0.2987070509367878
90,0.23255642,0.011090702711437007,0.29863642817768704
1261,0.2852174,0.004317416633319936,0.2985634226379796
2307,0.1835889,0.01736407799244329,0.29853393959747077
1312,0.27356875,0.005804302530766497,0.29850165058927275
2200,0.23030294,0.011351260938712767,0.29843881877386974
1120,0.22027788,0.012628044781930164,0.2983660347030553
1605,0.31858882,0.0,0.2983447015285492
1555,0.31858882,0.0,0.2983447015285492
447,0.22536755,0.01196768014927306,0.29831971888062514
475,0.21940728,0.012723045983787979,0.2982508832806646
1213,0.25730014,0.007831068034991735,0.29807378567372933
1336,0.2701387,0.00617455047941768,0.2980202439873065
2012,0.18013062,0.01773265169253243,0.2980162022513605
902,0.25183755,0.008430571484558788,0.297374704985778
1135,0.25183755,0.008430571484558788,0.297374704985778
83,0.22252896,0.01218879879506932,0.29733678430665245
1716,0.21679616,0.012924586025281574,0.29733396535720663
124,0.27768812,0.005102734030236266,0.2973188409306073
2080,0.19696473,0.015422571119015856,0.2969999320138618
2249,0.19696473,0.015422571119015856,0.2969999320138618
2130,0.19696473,0.015422571119015856,0.2969999320138618
378,0.24118564,0.009709127696833108,0.29676232376261225
70,0.21070743,0.013611510534747264,0.29668295032873154
2352,0.20155215,0.014755015417842137,0.29646223963622453
207,0.25649357,0.0076876665690674,0.29638093475361305
1469,0.23455186,0.010494503116434946,0.29630635157589735
1406,0.22223772,0.01207112311877022,0.2962738540222546
1405,0.22418872,0.011819275010796021,0.2962649102359605
213,0.26369557,0.006692559132356065,0.29589950773296636
1539,0.31551194,0.0,0.2956364154815674
1353,0.21980454,0.012289501618817292,0.2956289611917873
922,0.23442662,0.010380748863280602,0.2954164202329273
34,0.24591003,0.008905655088755387,0.29541359722674465
2385,0.24382137,0.00917101932413294,0.2953940067909018
573,0.30568165,0.0012209766874165958,0.2953525567703581
2436,0.23888594,0.009787263260186203,0.2952736757316585
347,0.2217759,0.01197817451572809,0.29523027844231303
524,0.18976712,0.016081011384976227,0.29517763978731526
532,0.2708185,0.005623010125258149,0.2948382560881345
519,0.2197796,0.012174280882781902,0.2948172676857709
1228,0.25248295,0.007974336941905184,0.29481566656956065
2044,0.2886682,0.0033054253231465684,0.29466444134670655
314,0.2606723,0.006859250523372343,0.29438096198674124
1825,0.2130057,0.012951726876329103,0.29418362374587526
1244,0.25758708,0.007219201549945302,0.2941325001412399
585,0.19878554,0.014757673991151308,0.294045284421554
116,0.24912912,0.008255864162954932,0.2937932517278209
455,0.21165247,0.013064080470754094,0.29376259160601337
1899,0.15821156,0.019898469179076197,0.29356789440285225
368,0.20590472,0.013720049501598731,0.2931995412280406
2388,0.20907342,0.013299833366173675,0.2931084125701357
345,0.22824492,0.010804255665572634,0.29287806956269435
1485,0.27146104,0.005243787279517034,0.29280455169653186
1889,0.09706221,0.02762742610660535,0.29271974171325743
136,0.22414157,0.011299012594775743,0.29265743630901453
1407,0.2340135,0.010027779425334579,0.292633469813619
1882,0.2447908,0.008635673634857205,0.2925779491661742
152,0.2727785,0.0050356846730075094,0.29253781636092957
211,0.23894788,0.009367721593864524,0.29245258341242697
389,0.2511077,0.00779685525584054,0.29238867865300106
909,0.14591424,0.021286625790437382,0.29225844589321837
1693,0.2696399,0.005358849350696255,0.2919902307597653
438,0.21855026,0.011906489641186294,0.29189971459034963
342,0.24955082,0.007923518427180191,0.29188648091456965
1498,0.26981068,0.00531788236500396,0.29185975842663253
2314,0.21817344,0.011943282233389436,0.29182022773177074
1792,0.22659297,0.010847224798663815,0.29171853258680386
1259,0.25643957,0.006973582261035401,0.29143894989663777
1692,0.24776138,0.008085917115527558,0.29142452372447447
1696,0.21733159,0.01199022043756138,0.29140094586379756
322,0.24370795,0.008600803521867921,0.29138580513006745
2237,0.22473158,0.011017382255598666,0.2912464254871386
20,0.17222606,0.017756049908067804,0.2912189724387074
1773,0.20416608,0.0136474497713403,0.29117158008268273
487,0.17388897,0.0174666681533265,0.2906991930809602
1297,0.29886523,0.0014129170645637795,0.2906683180372586
112,0.20784953,0.013077299317474604,0.29050584386317957
73,0.23376143,0.009746518576244225,0.2904837928857448
147,0.26524645,0.0056920976972224,0.29040725660758726
2156,0.23614067,0.009425699993084152,0.2903790525633714
2106,0.23614067,0.009425699993084152,0.2903790525633714
2275,0.23614067,0.009425699993084152,0.2903790525633714
1026,0.1903007,0.015277334515975086,0.29013876055833276
983,0.22223406,0.011171222085474709,0.29010254834037247
2391,0.18158394,0.01638341241522,0.2900475032200451
1242,0.17934343,0.016670661054029486,0.2900442490904815
129,0.19257742,0.014963133661947084,0.2899891379351899
1209,0.21887529,0.011574281122568194,0.28990878375712437
439,0.25338942,0.0071134894221153095,0.2897131421719264
572,0.21326509,0.012264797489336673,0.28970359910204113
1617,0.2615463,0.00606365593440674,0.2896971127394557
1567,0.2615463,0.00606365593440674,0.2896971127394557
1660,0.2615463,0.00606365593440674,0.2896971127394557
1078,0.20015466,0.013943499681169633,0.2896698857128401
436,0.24291018,0.008428608882479207,0.28950334911235615
486,0.24291018,0.008428608882479207,0.28950334911235615
440,0.18812594,0.015456643142709375,0.28945354186306005
2412,0.1562823,0.019476454735380278,0.28897719353468754
1700,0.24491242,0.008082920806776117,0.28889631475991784
1410,0.2107685,0.012466711006507512,0.28889004740497415
1549,0.3077559,0.0,0.28880950808525085
595,0.23451336,0.009373866938107947,0.2885914200621016
1556,0.23320547,0.00953941749512825,0.2885749298891777
1606,0.23320544,0.00953941749512825,0.2885749000868553
1045,0.16777079,0.017938727296262936,0.2885495233302054
263,0.21607688,0.011731480420744119,0.28852309468546
1356,0.21223149,0.0122072045039141,0.28839907070222387
1944,0.18611303,0.015524640923440428,0.28814783327791066
2136,0.3069595,0.0,0.2881085276603699
2086,0.3069595,0.0,0.2881085276603699
2255,0.3069595,0.0,0.2881085276603699
1306,0.2376543,0.008891657830871029,0.2880509273792187
1305,0.2376543,0.008891657830871029,0.2880509273792187
1463,0.24980696,0.007298726300333715,0.28782949544599873
1470,0.21491143,0.011756312259027648,0.28766745602761795
375,0.2869866,0.0024470885853826972,0.28730111129290303
1668,0.2220964,0.010775126134057057,0.2872664576673992
1624,0.2220964,0.010775126134057057,0.2872664576673992
1574,0.2220964,0.010775126134057057,0.2872664576673992
1004,0.18692586,0.015290142799415589,0.28725600440244925
1719,0.2372837,0.008788578631851368,0.2870182171907134
163,0.26405552,0.005333054431837904,0.28689804120795226
1322,0.23123696,0.00952779184594612,0.28676255343111373
1148,0.20910108,0.012348064784562476,0.286609149428942
1092,0.19194964,0.01454320408340569,0.2865582836849692
1108,0.1992648,0.01358672992368172,0.2864412556047366
969,0.19793384,0.013735650536036965,0.2862904853539271
2149,0.200523,0.013395167423856111,0.28623573513526573
2099,0.200523,0.013395167423856111,0.28623573513526573
2268,0.200523,0.013395167423856111,0.28623573513526573
280,0.24987589,0.007041271144350018,0.28612552803015967
1541,0.23921229,0.008394635108093811,0.2860155961784435
951,0.24964605,0.007035066475167713,0.28588070192316334
1372,0.23443758,0.008986631334489395,0.28587053848627864
359,0.20733455,0.012450206182240561,0.28575433896795055
208,0.24832436,0.007171176556941324,0.28565026197593746
1258,0.2352997,0.008792681197025061,0.28530001024127216
961,0.21068652,0.011947156614565538,0.2852567598154171
1144,0.20847532,0.01222079163156069,0.28518600423174323
1143,0.20847532,0.01222079163156069,0.28518600423174323
1142,0.20847532,0.01222079163156069,0.28518600423174323
1952,0.1815173,0.015663057173051793,0.28505139015969855
33,0.23788477,0.008414694030582807,0.2849846091638171
1237,0.30337238,0.0,0.2849511504173279
1818,0.2711122,0.004122287591420731,0.2848105334411094
1172,0.1499157,0.019657891707587596,0.28461688638714294
1017,0.1920707,0.014241334270918442,0.28459577072797027
2036,0.20083976,0.013112357854391203,0.2845761220094939
1254,0.30294186,0.0,0.28457218408584595
925,0.18672876,0.014922155662346871,0.2845602587308181
2174,0.2675557,0.004483964033089909,0.28415909428355424
2073,0.2675557,0.004483964033089909,0.28415909428355424
2242,0.2675557,0.004483964033089909,0.28415909428355424
2123,0.2675557,0.004483964033089909,0.28415909428355424
916,0.18655716,0.01488491776564807,0.28415398517484947
920,0.21057953,0.011780003381515788,0.2840168855044206
975,0.21057953,0.011780003381515788,0.2840168855044206
1377,0.23560454,0.008542661729142751,0.283854641177997
1112,0.17020054,0.016907981665992756,0.2836232925502862
2005,0.17913595,0.01575174419651998,0.2835631954746732
2316,0.22257435,0.010171698935458127,0.28355116125777663
1769,0.24337086,0.00747565316661242,0.2833771208381878
1869,0.24337086,0.00747565316661242,0.2833771208381878
306,0.25652468,0.005734114512192,0.2830183183421487
1976,0.23811403,0.008086711638498282,0.2829383491094928
1465,0.19029899,0.01421906414462017,0.28288366106680224
2362,0.19476828,0.013632267025954839,0.2827955374507033
265,0.22452015,0.009779307705532458,0.2825743344335849
1803,0.214113,0.011099024138258654,0.2824594990116022
1121,0.15861379,0.018216187598906777,0.2823912789379734
338,0.23238921,0.008728475731016672,0.28229811164645663
75,0.2674778,0.004178070975821869,0.2819938719200808
2157,0.2073216,0.011899492525718735,0.28196824698907236
2066,0.2073216,0.011899492525718735,0.28196824698907236
2276,0.2073216,0.011899492525718735,0.28196824698907236
2107,0.2073216,0.011899492525718735,0.28196824698907236
1784,0.22518033,0.009584730113959144,0.2818217495509449
2033,0.25152677,0.006189458087914054,0.2817401613643717
1011,0.24231438,0.007324796284404121,0.28141319818345084
299,0.23369235,0.008420034438650645,0.28133101523811643
1313,0.2178341,0.010410773572921634,0.2810174380118798
2339,0.17574729,0.0157878209307767,0.2808277662085219
1032,0.22032341,0.01005766880505344,0.28078828959729846
1087,0.22032341,0.01005766880505344,0.28078828959729846
1458,0.25291282,0.0058725770363250735,0.28078820318311376
1702,0.23700541,0.007813359453110695,0.2800889255628592
2144,0.25929317,0.004921201639435549,0.2798832957402379
2263,0.25929317,0.004921201639435549,0.2798832957402379
2094,0.25929317,0.004921201639435549,0.2798832957402379
67,0.25860995,0.005006225239167956,0.2798646969528383
93,0.20294687,0.012152626148843182,0.27985263248660747
973,0.19515069,0.013152864972539157,0.27984623002091225
2101,0.20351644,0.012073907531768142,0.27981441528853124
2151,0.20351644,0.012073907531768142,0.27981441528853124
2270,0.20351644,0.012073907531768142,0.27981441528853124
2064,0.20351644,0.012073907531768142,0.27981441528853124
71,0.17571424,0.015609159012083203,0.2795740975235987
942,0.19073057,0.013680647406713264,0.2795731440193501
1119,0.17029789,0.01630282828391326,0.2795611417547955
2332,0.18501213,0.014397167384995732,0.2794509148708439
2004,0.20751432,0.01149520347368359,0.27936681036091615
2321,0.1828424,0.01460081816788014,0.27893696743135454
2376,0.2013306,0.012221250240164103,0.278900350956092
228,0.24845251,0.0061621288979766585,0.27884686570804706
1042,0.2260505,0.00903681046536715,0.27883214219063035
332,0.22600833,0.009002377667967396,0.2785590146779965
993,0.16983865,0.016149619890845113,0.2781067994783135
1060,0.18633279,0.013990666847819563,0.27782712508289154
1035,0.18932739,0.013604902634046493,0.27781889268450777
1036,0.19767343,0.012523976539291616,0.2777562245832078
514,0.24090101,0.006968816557781549,0.2777291944844622
413,0.250049,0.005770236176083386,0.27756598518943193
86,0.18258046,0.014433838222492713,0.2775618905374284
2434,0.29488003,0.0,0.27747613191604614
1697,0.29472172,0.0,0.27733680605888367
2292,0.24491155,0.006350720911901203,0.2770227384448119
2191,0.24491155,0.006350720911901203,0.2770227384448119
266,0.26573434,0.003644136560748547,0.276799606149054
201,0.2775755,0.002121484074619047,0.2767856834322301
1286,0.22402367,0.008988984472842045,0.2767203074274878
1354,0.2029295,0.011660510787931205,0.27646427988852507
154,0.293636,0.0,0.27638113498687744
2408,0.15885225,0.017301074786780318,0.27632882533634856
558,0.24704617,0.005957945742584357,0.27620948758144376
219,0.27327445,0.0025826628833859563,0.2761608987121373
1051,0.19932242,0.01204284246432351,0.2759098908353317
85,0.2157165,0.009915528613298485,0.27575901141264736
188,0.22147071,0.009171452620596236,0.275723852728749
1219,0.24012992,0.006767790989409808,0.2756726102121145
1902,0.13352892,0.020441391845311765,0.2755634570066128
1292,0.20397286,0.011376477267509955,0.2754358354164482
430,0.20649415,0.011033739518459616,0.2753058927471877
1064,0.15417266,0.017693274021649563,0.27489803707691884
149,0.18575867,0.013635837196009862,0.27488971437301024
1426,0.2648068,0.0034840229391947513,0.27488572334565137
1427,0.2648068,0.0034840229391947513,0.27488572334565137
1211,0.22367895,0.008733391242873508,0.27466499212089746
516,0.18741381,0.01337656287241309,0.27456947214847516
29,0.29154477,0.0,0.27454042434692383
366,0.22035407,0.009141199196967816,0.2745336245132157
1100,0.15766156,0.017189707537011625,0.2745174354722786
1435,0.2598002,0.004071743878898477,0.27450724594692105
1025,0.2024959,0.011428791703940063,0.2744943861700204
1775,0.2082707,0.01063551641576096,0.2741401262869999
178,0.21870787,0.009288535544935106,0.2740945059994448
453,0.23511003,0.007179380370638819,0.274075197337445
1187,0.2071802,0.010713924922549568,0.2737176943010971
1185,0.2071802,0.010713924922549568,0.2737176943010971
527,0.1980156,0.01188642908191834,0.27368753943671414
343,0.18062636,0.014114086421017302,0.2736502566054278
1204,0.29048023,0.0,0.2736034095287323
275,0.29048023,0.0,0.2736034095287323
1189,0.20152822,0.011420681087716118,0.27358704414232715
543,0.21757558,0.009344441893894885,0.27348104912222304
269,0.20092255,0.01142114747452663,0.2730571219991886
2056,0.20395696,0.011025028030498275,0.27301294557991984
978,0.20988251,0.010243500916026518,0.2728719046785437
1277,0.25501427,0.00441717220010222,0.2726622870580277
2354,0.19778985,0.011755561964149341,0.27259184518132984
2348,0.20142165,0.011278060372412666,0.27251569274462684
2059,0.20061979,0.01136927296409808,0.272435072206438
992,0.17011899,0.015284464552788542,0.2724236141548402
1266,0.16066906,0.016494113346468803,0.2723969112682651
226,0.23065451,0.007487332401883526,0.27226419503425586
2015,0.21111104,0.009959623485371365,0.272007504074381
566,0.24705261,0.005342456410152934,0.27199647304749053
591,0.224453,0.00822604649025644,0.27186888375961465
1202,0.2882604,0.0,0.2716495096683502
1251,0.15992472,0.01647937336803843,0.2716407064923916
1915,0.2242715,0.008186521994594513,0.2714382351560732
461,0.24356003,0.005688576121655486,0.27129467198762963
1158,0.17072919,0.015037680606354346,0.27126922399684467
1195,0.20053743,0.011199445945274942,0.2711985524660032
1991,0.15636873,0.016867376227028327,0.2711701753723959
1134,0.19802943,0.011512059481003038,0.27113371565363253
1070,0.21469253,0.009354889960782143,0.271014994341096
1367,0.21721175,0.009004760197843551,0.2708325675087625
550,0.1956841,0.011765660067622813,0.2708075785028775
1057,0.19396168,0.011983494261992213,0.27078456525284655
2009,0.2579187,0.0037229053809333295,0.2704601277307946
172,0.22433929,0.007995096818924206,0.2701858360787659
199,0.17044547,0.014913796962982699,0.27017037418220374
509,0.23461978,0.006660200805182457,0.27008512247414057
959,0.18942809,0.012429673379633032,0.2698522875435563
974,0.18942809,0.012429673379633032,0.2698522875435563
911,0.20109332,0.010897958009921375,0.2696213932903091
1021,0.17773485,0.013887451650984331,0.26955174191757786
53,0.14834784,0.017658321956515045,0.26953144156954806
1269,0.14834784,0.017658321956515045,0.26953144156954806
1061,0.120752506,0.021147611579615727,0.269158170078811
1132,0.1986582,0.011131911349236561,0.26908155453754834
2210,0.25350386,0.0040562093260717216,0.26885871449513277
1,0.20807216,0.00988258807616418,0.2688046562849981
1168,0.19548033,0.011499347639942115,0.26880285891371014
1072,0.20129803,0.010748113610362665,0.2687745170843064
2003,0.26470816,0.0025652129948591056,0.2685012169988575
2297,0.25746626,0.003462701357325495,0.2682784229110538
2196,0.25746626,0.003462701357325495,0.2682784229110538
985,0.1797893,0.01336658132566864,0.2677899314192274
1040,0.17148979,0.014428706305979786,0.2677646816185522
2379,0.16570288,0.01512837940842664,0.2674667056905752
1179,0.19035293,0.011955424083361194,0.26741574616381475
465,0.20134005,0.010539182551999487,0.26737946480429514
578,0.25382867,0.0037719095074248083,0.26719597988037563
1001,0.20812933,0.009602464697252974,0.2669349752982598
401,0.23265505,0.006380516703557302,0.2664387619897694
508,0.16775194,0.014711352238594459,0.2664119166909106
1122,0.1437096,0.01779717730459738,0.26640059129717863
262,0.20248143,0.010218725414453601,0.26618762899007975
1160,0.20449993,0.009912221793834537,0.2658634921084917
1130,0.17790264,0.013297444608675582,0.26565541064960946
903,0.2814294,0.0,0.2656368613243103
1293,0.1980668,0.010644143451411157,0.2652177614788305
1127,0.13922173,0.018187890059852486,0.2651283700838665
203,0.16845511,0.014430987882535159,0.26510918251135673
1979,0.2116496,0.00886863390637415,0.2650037116813067
30,0.22281252,0.007370471378727432,0.2645606624188279
1362,0.28017616,0.0,0.26453375816345215
473,0.18907073,0.011691220798180966,0.2644762492545114
462,0.18907073,0.011691220798180966,0.2644762492545114
350,0.19283392,0.011188085025120994,0.2643400284398286
1245,0.27980098,0.0,0.2642035186290741
371,0.20165397,0.010028468923691435,0.26415525198877643
1050,0.19092324,0.011402412450382551,0.26412729313868033
1215,0.25895962,0.0026305397968477712,0.2638890959044435
1487,0.21335736,0.008483796023727869,0.26386913165968195
1311,0.23754755,0.005355602329263678,0.26372020143094665
79,0.23754755,0.005355602329263678,0.26372020143094665
452,0.21937214,0.007674688090184116,0.2636175907773076
171,0.17712235,0.013099476728616917,0.26361169300425447
119,0.2406598,0.004934274617657919,0.26357175845307546
327,0.2145396,0.008269644423044668,0.26344191983210885
1027,0.15375598,0.016043298246745392,0.2632220376668041
117,0.19565153,0.010652931955072633,0.26315206573137107
590,0.17975008,0.012685674346304071,0.26308835878270165
2403,0.18091105,0.012528103985851417,0.2630302195111894
2304,0.1770926,0.012984160612766454,0.2627950989165201
2313,0.21846254,0.007622196460871101,0.2624571641141781
393,0.22125372,0.007240463467267819,0.2622975100866338
1177,0.19445172,0.010633239091522249,0.26196101213007683
1197,0.19445172,0.010633239091522249,0.26196101213007683
970,0.19445172,0.010632522113684416,0.261956097832238
1105,0.20399785,0.009403144052803679,0.26193224109424607
419,0.20813811,0.008871087666269189,0.26192970154533374
1596,0.27688628,0.0,0.26163798570632935
1646,0.27688628,0.0,0.26163798570632935
937,0.17870864,0.012570337584877526,0.2613811297934511
191,0.21699983,0.007627778916407301,0.2612079520618404
54,0.24071315,0.004581367411408118,0.2611998211767828
989,0.1694907,0.013719369469390565,0.26114313808546213
1824,0.2244869,0.006654549280346856,0.2611274001600505
1865,0.1364032,0.017951929934732484,0.2610301766047052
1764,0.1364032,0.017951929934732484,0.2610301766047052
234,0.2239327,0.006689192190394678,0.2608770297168437
312,0.2658239,0.0012941154867535944,0.26077095705501757
1190,0.18927273,0.01111865341255162,0.2607295678445791
1821,0.22912532,0.005978892642568682,0.2605790796731278
2324,0.14808823,0.016378130018805077,0.2605282614976288
2155,0.25159302,0.0030796427890760736,0.26048322414882746
2274,0.25159302,0.0030796427890760736,0.26048322414882746
2105,0.25159302,0.0030796427890760736,0.26048322414882746
1184,0.21951808,0.007185092653835145,0.2603902617072309
1275,0.1828017,0.011887196156496048,0.2603014662686095
140,0.23471975,0.005182253347369662,0.2600430052965271
1268,0.23471975,0.005182253347369662,0.2600430052965271
94,0.2048459,0.008933707049853763,0.259461092389974
2338,0.27433592,0.0,0.2593931555747986
1369,0.22063091,0.006886714417049986,0.25932465027902063
965,0.15697303,0.015050809392985361,0.25925098946258845
1084,0.175979,0.012603579237038398,0.25920634075664767
1128,0.20574273,0.008732233352777518,0.25886954366544734
1620,0.15590061,0.015115929850576632,0.2587533931860806
1664,0.15590061,0.015115929850576632,0.2587533931860806
1570,0.15590061,0.015115929850576632,0.2587533931860806
302,0.1955431,0.010024377076108766,0.2587483931621056
1090,0.1699905,0.013288957968776657,0.2586329455578734
17,0.22367436,0.006385056475962344,0.25856503592805835
1014,0.1899138,0.010699465136871188,0.2584206366518542
1088,0.15648112,0.01499261304015436,0.25841911792641
2000,0.21329616,0.007692703868474177,0.2583929729736697
1181,0.14150889,0.01690678766604388,0.25836062066391663
1247,0.19779634,0.009668578569633154,0.25829299957647134
50,0.19779634,0.009668578569633154,0.25829299957647134
1935,0.14669898,0.01623012586623089,0.2582909947515416
69,0.23590663,0.004767912563681254,0.2582477280426501
466,0.23198305,0.0052603423476608405,0.2581693795387334
1207,0.15341374,0.015266373640688707,0.2575956117891709
1085,0.16183372,0.014182547601134934,0.2575781552054748
2308,0.20099735,0.009098035578652769,0.2571999344449178
2017,0.24266808,0.0037362448892971373,0.2571279375176263
1366,0.21068004,0.007832674259085869,0.2570496346064749
1203,0.23344272,0.004909460630409533,0.2570491796977363
950,0.18308209,0.01128528656348663,0.25642267525541174
539,0.22362587,0.006073755049900542,0.25638864182928744
2319,0.19072196,0.01029258794985794,0.2563431772850523
2381,0.27067107,0.0,0.25616732239723206
1235,0.16536956,0.013514227739836494,0.25610962460521797
943,0.15786868,0.014393163240945266,0.2555317227339627
2383,0.20481344,0.008338761582281994,0.25535464641209893
2038,0.26964852,0.0,0.25526729226112366
174,0.21011902,0.007631642028875548,0.2551779280830771
1241,0.26945233,0.0,0.25509458780288696
344,0.25755972,0.0014793877563077091,0.25476668148313275
1198,0.17617764,0.01189612125364332,0.254532129073597
840,0.18337259,0.010908870746364076,0.25409835600786257
2413,0.22173712,0.005952899578061586,0.25389779836826504
426,0.20742497,0.007787008045001102,0.25387150921582785
432,0.17976871,0.011332200789897277,0.2538277936156059
534,0.23165412,0.004664129167308663,0.25379331019086493
535,0.23165412,0.004664129167308663,0.25379331019086493
1476,0.2396537,0.0036164181814145875,0.25365335228484726
245,0.20930381,0.007499438957748425,0.2535542185251369
528,0.2109708,0.007279659490589916,0.2535151121162959
1392,0.23620754,0.00401459752371979,0.25334923648399804
2037,0.2671539,0.0,0.25307148694992065
106,0.24171293,0.003190122106118049,0.2525439732007669
391,0.24171293,0.003190122106118049,0.2525439732007669
1080,0.24536793,0.002675298168945616,0.2522324211416318
1163,0.19073151,0.009669365380579978,0.25207989953849874
1725,0.2659903,0.0,0.2520473003387451
1927,0.17333636,0.011891262805014548,0.2519979217873514
2424,0.21505985,0.006506345797531908,0.2518138597458022
2430,0.17069979,0.012187578992291191,0.2517082205360947
1043,0.18684186,0.01010729620729639,0.2516578819959924
1422,0.21256211,0.00679483185914323,0.2515926788963086
2019,0.2455602,0.0025481120961037347,0.25152989691673594
1217,0.25814894,0.0008763262627031258,0.25115182211410236
2346,0.22486204,0.00514780333329185,0.2511300814185867
567,0.20889272,0.007193068245366946,0.25109245247229495
1116,0.18739434,0.009948461116112396,0.251055481590874
59,0.20919177,0.007101932110158457,0.25073101766860634
2046,0.2519759,0.0016067905328769352,0.2507250288228214
1494,0.25197753,0.0015190283505515895,0.2501249361122744
1173,0.23055668,0.004230238777662543,0.24985336306115594
1439,0.26325253,0.0,0.24963751435279846
1154,0.209496,0.006901076181051669,0.2496221029928223
1848,0.18167208,0.010472885073287284,0.24961323825648274
1748,0.18167208,0.010472885073287284,0.24961323825648274
2351,0.15173191,0.014316711720719143,0.24960609863891706
471,0.20355879,0.007660213398583263,0.2495994125265624
507,0.25278264,0.0012908015205149261,0.24926928200743717
353,0.18690908,0.00974529460652587,0.249235814119658
273,0.23636052,0.003356745409946353,0.24897484411423418
2333,0.18406993,0.010037388078942194,0.24873886231001657
2370,0.21604034,0.0058885877568058565,0.24844266317995295
2302,0.20980397,0.00668843950052404,0.24843571913765358
2364,0.11693592,0.018608565764535154,0.2483957210520091
1484,0.23651357,0.003243396502603029,0.2483326363736361
2402,0.20129998,0.007745065358262131,0.24819280111554826
923,0.1685276,0.011907662822447408,0.247877655683082
478,0.108290434,0.019617624162244093,0.24770220811234447
1133,0.19467771,0.008514943602085533,0.24764074122819074
913,0.20030028,0.007783709572685032,0.2475777322909164
1031,0.123153046,0.017690636643205852,0.24757639843221052
971,0.2018899,0.007565098313233853,0.24747851978453222
2414,0.12551615,0.01737194932578412,0.24747206539019123
200,0.22024646,0.005206333190443239,0.2474686181271166
388,0.17934568,0.010453670748639326,0.24743383707478603
987,0.19114986,0.008937239644261984,0.2474300127155679
1446,0.2605913,0.0,0.2472950965166092
1146,0.19102462,0.00892547168778416,0.24723911418909889
1326,0.22416899,0.00462158735015003,0.24691327664564555
1443,0.26015094,0.0,0.24690748751163483
962,0.18371204,0.009790073130901085,0.24672869476540904
1280,0.18979107,0.008971797527531373,0.24647086689629993
1192,0.16530888,0.01208689104445376,0.24627299087285048
1140,0.15358375,0.0135602209163477,0.24605096498677115
976,0.15208685,0.013747129504098022,0.24601449521609076
2045,0.20200866,0.007332862176229733,0.2459912622759444
2228,0.21008083,0.0062831008619287166,0.24590116212265628
479,0.248325,0.0013030790674460468,0.2454298098160417
469,0.19835556,0.0077114103855733486,0.24537042438713458
1272,0.21194077,0.005963447638315401,0.24534731626911965
1378,0.21129844,0.005997567024936144,0.24501579695613682
935,0.23419014,0.0029970537025312757,0.24459906259174483
1005,0.18862735,0.008832407485278112,0.2444911561145434
2420,0.15012103,0.01376108813401784,0.24437986229366762
1223,0.25709024,0.0,0.24421344697475433
984,0.14966233,0.013760291843260225,0.24397064250679504
434,0.18898593,0.008690286706984428,0.2438326556819292
433,0.18898593,0.008690286706984428,0.2438326556819292
2328,0.17056468,0.011016926753360416,0.2435654288259786
246,0.21311022,0.005545195016053302,0.2435098932600244
2048,0.25605536,0.0,0.24330253899097443
2035,0.25547856,0.0,0.24279484152793884
2410,0.1927889,0.008019918514719948,0.2425852108673461
180,0.23107347,0.0030615739293121374,0.2422980072064958
242,0.25490624,0.0,0.24229109287261963
82,0.17713249,0.009941785546604735,0.24197722324046772
407,0.21171334,0.0054988654200467165,0.24196280218275376
170,0.23761445,0.0021623498938061125,0.24189195189546236
1006,0.20586532,0.006235966432611386,0.24186758573702313
496,0.24477759,0.0012342278570105696,0.2418354420477123
130,0.2230758,0.0039597035069534395,0.24141437558614165
1471,0.20741335,0.005894245531576375,0.24088794497386215
1891,0.1856128,0.008682146213092542,0.24080781777433746
1515,0.2526734,0.0,0.2403257191181183
1438,0.1962065,0.0072067625788447155,0.240019862588653
557,0.2447886,0.000958574267325963,0.23995576235104177
2356,0.2019712,0.00645195620175482,0.23992039459848863
2322,0.20486549,0.0060686721362748376,0.23984085731097626
1000,0.16576055,0.011088201717014483,0.2398253537029013
2425,0.1752643,0.009851399355208968,0.23971331183575312
520,0.19290954,0.007555711722887072,0.23950963789689803
998,0.17466964,0.009896263639317752,0.23949740169435507
495,0.15679437,0.01218184921717186,0.23942935731742276
1383,0.19796273,0.006868967548388418,0.23925039984530566
1436,0.23086256,0.002635890236182563,0.23919463939085736
1019,0.20205607,0.006310856224777707,0.23902796895147926
1018,0.20205607,0.006310856224777707,0.23902796895147926
525,0.19318262,0.007394589556593886,0.23864564759556928
217,0.14688401,0.013327601364217406,0.23855941329221933
1113,0.19488844,0.007162371421293628,0.23855545263240702
2039,0.25058544,0.0,0.23848789930343628
1442,0.2504824,0.0,0.23839722573757172
1020,0.19526824,0.007077744952440531,0.23830969991574538
982,0.22489746,0.0032724651331217103,0.238307342047028
113,0.22489746,0.0032724651331217103,0.238307342047028
456,0.1734165,0.009848138500744954,0.23806451449695631
592,0.17754973,0.009314097096346598,0.2380421852889801
305,0.17754973,0.009314097096346598,0.2380421852889801
1524,0.24930358,0.0,0.23735961318016052
1298,0.20501247,0.0056703885057033405,0.23724032000742923
418,0.2125709,0.004697590895291024,0.23722555258440575
787,0.1803487,0.00881638600294368,0.2370944356884469
133,0.18748382,0.007880403767200467,0.23695940407225283
537,0.20336692,0.005806354427279902,0.2367238476472475
222,0.17547038,0.009376877819715896,0.23664224587756047
2028,0.21332166,0.004514872002131021,0.23663397061200867
918,0.24832036,0.0,0.23649416863918304
2382,0.16318627,0.010923799579388256,0.23643261087071335
1475,0.19913012,0.0063071230871371555,0.23642695404638245
1023,0.17617692,0.009220183879034598,0.23619013677943018
512,0.21941303,0.003639946719620997,0.2359987183797046
1499,0.18232302,0.008367188069739049,0.2357533686400246
1171,0.1573154,0.011570329881970157,0.2356965044707433
2024,0.1979084,0.006352755752378003,0.2356643715198267
386,0.18451354,0.0079898203293394,0.23509491185853462
480,0.18995754,0.007288414208084801,0.2350791714360339
1016,0.21635701,0.0038838940355548296,0.2349808651910473
1097,0.12195198,0.01599819559861189,0.23491891875942955
1308,0.2237373,0.0029224709192063065,0.23488724081989573
1161,0.11298467,0.01714363401443248,0.23487690844822945
929,0.12102415,0.01603498682927439,0.23435440467290242
352,0.17158428,0.009517265343881972,0.2341839262111131
8,0.18799117,0.007407366379922347,0.23416369180323032
278,0.24561128,0.0,0.23410964012145996
977,0.14185035,0.013315869266213785,0.23404836257326056
1472,0.18152393,0.008174320358476572,0.23372805329862323
545,0.183626,0.007885715203347458,0.23360014791984093
2375,0.16017324,0.010897134776420464,0.23359778144595295
1033,0.22552358,0.002469550841251681,0.23335513940890454
948,0.18501717,0.007665808745158941,0.23331737157065424
2337,0.18312241,0.007908299871999253,0.23331168254648008
1260,0.24468556,0.0,0.23329481482505798
964,0.17628898,0.00878189281477412,0.2332846400788238
446,0.21531762,0.0037674877310203752,0.23326812329848165
1118,0.19204447,0.006725044066854674,0.23305465471877157
282,0.24436012,0.0,0.23300835490226746
1053,0.17919478,0.008367636280163019,0.23300294458658127
1010,0.14931238,0.012197241797906586,0.23294918839627982
483,0.22895993,0.001963293266662886,0.23290983937493134
505,0.23029834,0.0017627111526704858,0.2327130836132622
1331,0.17205116,0.009239846386890842,0.23269340483118095
1755,0.17829975,0.00835569350951926,0.2321332920522141
1855,0.17829975,0.00835569350951926,0.2321332920522141
351,0.18865588,0.007023782376279525,0.23211961575520912
1081,0.21444505,0.0037097452800519356,0.23210431027962594
1170,0.22233835,0.0026185724395726704,0.231572907346575
168,0.22436911,0.0023482382220430375,0.23150747064027427
1152,0.1029466,0.017934918433213338,0.2314649780243042
348,0.16209415,0.01030682117982306,0.23124243874599237
1044,0.17013139,0.009267405176341321,0.23119250615837608
315,0.22994581,0.0015729308252326111,0.23110199259784545
2111,0.1621151,0.010273084672971455,0.23102965016680466
2181,0.1621151,0.010273084672971455,0.23102965016680466
2161,0.1621151,0.010273084672971455,0.23102965016680466
2280,0.1621151,0.010273084672971455,0.23102965016680466
1823,0.20418544,0.004862282858175016,0.2309734638903618
2010,0.19539244,0.005984324092188933,0.23092452225284654
1028,0.14226784,0.0127525970774571,0.23055506903144019
1094,0.17373595,0.008682305268624468,0.23035486422418378
953,0.2045949,0.004655090993319701,0.22991373226360495
1107,0.23012725,0.0013741621788051588,0.2298993064189263
2126,0.22725949,0.0017353387292935484,0.2298506648562167
2076,0.22725949,0.0017353387292935484,0.2298506648562167
2177,0.22725949,0.0017353387292935484,0.2298506648562167
2245,0.22725949,0.0017353387292935484,0.2298506648562167
1015,0.19830237,0.005449821593008108,0.22982227470864178
1115,0.125397,0.014778587222249433,0.2295918106527295
376,0.13847536,0.013025462876541395,0.22908718322439575
1024,0.13048175,0.01399548578266591,0.2286998979659154
1193,0.1253102,0.01453353051183123,0.22783573377791766
1263,0.20359346,0.004474008396268792,0.2277910955818313
1069,0.14818904,0.011523146314899816,0.22734004754564988
2419,0.15719472,0.0103518676864167,0.22723871032261575
489,0.19357705,0.005671264600834846,0.2271808438577315
530,0.21334474,0.0031224173450037913,0.22711015572469767
917,0.18176724,0.007160814399891235,0.22699545672440014
570,0.13867237,0.012683637161474744,0.22691765177868944
2075,0.2232533,0.0018093353918699807,0.22683158118819105
2125,0.2232533,0.0018093353918699807,0.22683158118819105
2244,0.2232533,0.0018093353918699807,0.22683158118819105
2176,0.2232533,0.0018093353918699807,0.22683158118819105
153,0.22374757,0.0017274874886597342,0.22670564982413638
1893,0.16671145,0.009047076191664382,0.2266720876364839
1008,0.12667565,0.014180326802899962,0.22661669361725686
324,0.1618212,0.00966673002486793,0.22661489983807348
1370,0.23684862,0.0,0.22639672458171844
303,0.18036368,0.00722955394235738,0.22623119960764781
1029,0.17506409,0.007805749210360345,0.22551581383939714
1186,0.13785738,0.01257231780092119,0.2254372916264743
1188,0.13785738,0.01257231780092119,0.2254372916264743
1675,0.23554854,0.0,0.22525238990783691
1631,0.23554854,0.0,0.22525238990783691
1581,0.23554854,0.0,0.22525238990783691
424,0.18655837,0.006264666228639639,0.22507025522764973
1328,0.1527532,0.010602557338948146,0.22504754441457753
1970,0.119333744,0.014892555589622283,0.22503607519832253
901,0.14185175,0.011964201775290152,0.22478502202990078
556,0.19612917,0.004987393738042783,0.22473984716122625
1273,0.234914,0.0,0.22469386458396912
408,0.17804287,0.007289621042874195,0.2246001252644852
1030,0.13517596,0.012670403008464507,0.22374939073977215
2002,0.18433654,0.006332693683996162,0.22358086970870372
996,0.21398753,0.002492275137364149,0.2233568274398466
1083,0.12296261,0.014146750487722697,0.22311832840251788
990,0.15030876,0.010590730984653912,0.22281487594215477
2011,0.1978666,0.0044751733821067384,0.22275828599784328
2078,0.18097384,0.006637794129721329,0.2227122218717953
2128,0.18097384,0.006637794129721329,0.2227122218717953
2179,0.18097384,0.006637794129721329,0.2227122218717953
2247,0.18097384,0.006637794129721329,0.2227122218717953
2007,0.23230517,0.0,0.2223975509405136
1124,0.13254224,0.012751031714713222,0.22198383125796334
379,0.20594642,0.003299676814248519,0.2218130937376316
2309,0.17755121,0.006933509891625252,0.2217264995769972
547,0.18218833,0.00630805566931247,0.22152114318167349
2312,0.17926434,0.006661020029371988,0.22136671209936104
915,0.17374955,0.007323063659997527,0.22105035302362913
385,0.20545325,0.003206785831013739,0.22074231614390574
16,0.23005228,0.0,0.22041454911231995
963,0.2300395,0.0,0.22040331363677979
301,0.16404617,0.008458573807162278,0.22029239004612183
1728,0.20433186,0.0032590704770683442,0.22011363179732488
1091,0.1356531,0.012069225752222724,0.22004878569157393
1046,0.14508691,0.01083284351717554,0.2198780816546913
230,0.21251084,0.0020912429557668776,0.21930829559360623
2435,0.17165214,0.007271724715705488,0.21885231690258514
1178,0.14495516,0.010641456538374824,0.21845030439875462
1284,0.2156728,0.0015405843088075741,0.21831714443067132
2365,0.15119073,0.009818091407931974,0.21829538301349014
1584,0.14790186,0.010229714616027343,0.218221845726449
1634,0.14790186,0.010229714616027343,0.218221845726449
1678,0.14790186,0.010229714616027343,0.218221845726449
1456,0.20685405,0.0026571376570494283,0.21820790824838682
1063,0.15611714,0.009169721407062872,0.21818757380268902
1059,0.15690322,0.009067735456415732,0.21818046387681211
354,0.19530612,0.004125603711140298,0.21810853021677892
941,0.15261836,0.009606917332903904,0.2181045571241949
569,0.1529235,0.009540838327084526,0.21792021800623385
931,0.1045517,0.015683174121708866,0.21744391767025922
919,0.13428748,0.011842569278061208,0.21729322350268523
921,0.195959,0.003870878838038126,0.21693726241453454
341,0.16061835,0.00836336275584464,0.21662262378883296
2020,0.18078275,0.005744712705707534,0.2164226882893959
2317,0.1395411,0.011034149366018155,0.21637642733765794
192,0.19936877,0.0033394000235485817,0.21629569654502748
488,0.16353661,0.007898615521829213,0.2160058230202923
491,0.16267559,0.007894340752624995,0.21521864990839645
1761,0.21060076,0.001738018739016215,0.21520597859615279
1861,0.21060076,0.001738018739016215,0.21520597859615279
2411,0.19715768,0.003406999496404651,0.21481282489158227
988,0.19103658,0.004192066385875707,0.21480601964941695
957,0.118446745,0.01348439559643375,0.21460354152731068
476,0.17925812,0.005646596255106243,0.21440819643298778
1310,0.17645961,0.0059945483320560985,0.21432985764804782
1098,0.14870608,0.009546953698822856,0.21424995661116247
2377,0.15471497,0.008735876597942721,0.21397973308995202
1478,0.16423959,0.007510489794601425,0.2139642937886163
544,0.16567005,0.007270585691803257,0.21357905040517686
1413,0.22197719,0.0,0.21330684423446655
1164,0.1341613,0.011212711221022985,0.21286500229451955
1238,0.22100358,0.0,0.21244986355304718
2390,0.15315436,0.008698079244504633,0.21234699953990308
1709,0.22062534,0.0,0.21211694180965424
77,0.13909876,0.010462192161104927,0.21206677512227018
1182,0.13909876,0.010462192161104927,0.21206677512227018
2349,0.13791177,0.010598868692504286,0.21195878626447875
1174,0.15685698,0.008152090855844413,0.21186375757051665
2347,0.12823398,0.011803317643103899,0.21169588796949576
955,0.15220907,0.008687079566984258,0.2114395695915041
1049,0.114946306,0.013419508072008493,0.2110776923135005
297,0.16133188,0.007447601675070277,0.2109738832202035
1544,0.21866745,0.0,0.21039359271526337
339,0.18643554,0.0040996191325985785,0.21012250179750397
1012,0.11510513,0.013136886175713361,0.2092803526013402
1710,0.21729785,0.0,0.2091880738735199
506,0.18624729,0.003967267093439961,0.20904965059127964
1457,0.19968817,0.0021431601777086866,0.20837758905139217
1150,0.11559187,0.012801815845797152,0.20741214227936883
928,0.1166943,0.012651709424181319,0.20735364890182972
546,0.17207955,0.005507983208897033,0.2071395032585152
2384,0.10738788,0.013797003933842356,0.20701216707149656
2303,0.17206119,0.005405407895458412,0.20642028035416604
2326,0.16301155,0.0065292269062329706,0.20615762232152024
1009,0.15875359,0.006944687539410105,0.20525740028086303
1156,0.15875359,0.006944687539410105,0.20525740028086303
405,0.19249895,0.0025767877469090516,0.2050217802698597
2361,0.16005881,0.006726090288134404,0.20490794428103085
1145,0.21205226,0.0,0.20457087457180023
1535,0.21195489,0.0,0.20448517799377441
1109,0.17196265,0.005116197297364196,0.20435123811562905
1939,0.1257742,0.010997916117615743,0.20401040900924833
1176,0.13818559,0.009378639871554986,0.2038361400017477
2334,0.16955198,0.005128893990338387,0.2023163978328201
1225,0.16564,0.005620468943915985,0.20224239745967842
2052,0.16970491,0.005098275208955003,0.2022411332683521
582,0.1824558,0.003459660718554439,0.20223312936633528
1089,0.104434446,0.013450416948109098,0.20203698431059205
2360,0.09219712,0.015017781394947118,0.20200865404728113
1199,0.104983784,0.013336151020050388,0.20173731242390303
1303,0.20881335,0.0,0.2017199844121933
441,0.18253234,0.00334676240608344,0.2015266866395111
1183,0.120521076,0.01130560550711815,0.20149555320281243
1169,0.122049816,0.01108871226185499,0.2013545317056898
549,0.14865872,0.007609234906899022,0.2009267974247651
381,0.18827622,0.002488909728482031,0.20070257704236474
1999,0.13189985,0.00967195333698196,0.20031382284090876
954,0.12909153,0.009881698733436148,0.1992795772024261
374,0.116153814,0.011539783578994902,0.19925657038010625
2387,0.15334325,0.006715029976106474,0.19892108264313663
1430,0.181692,0.0030512837872072353,0.19876175805481017
1037,0.10856967,0.012404700825681809,0.1985092860054007
577,0.16148062,0.005589837920871112,0.19837135070351045
1074,0.13011003,0.009594086751141328,0.19820471548936336
1373,0.20446472,0.0,0.19789230823516846
61,0.1456857,0.007528410487164202,0.19775594457807272
1167,0.17081468,0.004289021038110914,0.19767117230782957
1166,0.09605379,0.013797727981127682,0.19704083220766883
362,0.12879553,0.00954217026492447,0.19669183989041908
2195,0.17147717,0.0038614713407042808,0.1953237952643274
2296,0.17147717,0.0038614713407042808,0.1953237952643274
298,0.20145953,0.0,0.1952471286058426
1971,0.20143121,0.0,0.19522221386432648
542,0.184348,0.0021185728068369254,0.19470659899533801
1236,0.13812532,0.007896114833917691,0.1936215779579051
2016,0.19826388,0.0,0.19243431091308594
2366,0.13074659,0.008579084014546667,0.1918079987970165
2407,0.18085863,0.00210516112963344,0.19154332005603833
2006,0.17534648,0.002705484184030451,0.19080622649021106
46,0.15153585,0.00571583900222844,0.1904815663442937
42,0.15153585,0.00571583900222844,0.1904815663442937
1231,0.14598751,0.0063699519119179305,0.19008131454858007
2363,0.14557807,0.006370615485713332,0.18972546332066514
2057,0.19454296,0.0,0.18915913999080658
2421,0.095947534,0.01263217653547477,0.18895840875174036
310,0.1423314,0.006663750785245986,0.18887695163324725
1068,0.11157109,0.010486140437003945,0.18800097725327716
1441,0.1925489,0.0,0.18740396201610565
2336,0.13641585,0.007169588144014761,0.18713715597858488
1997,0.14264435,0.0063297398183736475,0.1868630270594111
318,0.12487243,0.008611927174738434,0.18686266223708628
1240,0.17520836,0.0020090412608153073,0.18591111505624675
1790,0.19012013,0.0,0.1852661520242691
1175,0.15470266,0.00450212883430965,0.18495001486011164
576,0.12992716,0.0076380728041644304,0.18463687415330254
1039,0.14721958,0.005379455674235877,0.18437674804994866
939,0.14563543,0.005578101476793223,0.18434391182021076
1106,0.120984666,0.008743450968874699,0.1843421286225856
1200,0.12509792,0.0080909826048461,0.18349048100202722
1936,0.0929527,0.012194445473879656,0.1833220446065194
1340,0.18744844,0.0,0.18291452527046204
1075,0.18710272,0.0,0.18261022865772247
1459,0.18700707,0.0,0.18252603709697723
1345,0.17689346,0.0012342278570105702,0.18208361850321003
960,0.12040931,0.008475793646405117,0.18200112529037893
1194,0.12040931,0.008475793646405117,0.18200112529037893
1191,0.13336991,0.006671895903503157,0.18104483519125092
564,0.16056234,0.0031333209168116186,0.18072564810777295
2169,0.15676105,0.003530383454791855,0.18010129586651413
2119,0.15676105,0.003530383454791855,0.18010129586651413
2288,0.15676105,0.003530383454791855,0.18010129586651413
2323,0.0946604,0.011409968629595495,0.17944823590938117
1071,0.08874452,0.011955986084714104,0.17798355889577522
2043,0.18176201,0.0,0.17790931463241577
1980,0.18151921,0.0,0.1776956021785736
1994,0.18111746,0.0,0.1773419827222824
1611,0.17903475,0.0,0.1755087822675705
1654,0.17903475,0.0,0.1755087822675705
1561,0.17903475,0.0,0.1755087822675705
966,0.07557166,0.013278180894013739,0.1754513378202902
1065,0.119192705,0.007642070013015249,0.1752157732697453
2395,0.12682824,0.006436229161629087,0.17367152964036803
1103,0.13323067,0.0053530837697485616,0.17188289245561056
2027,0.1742005,0.0,0.17125365138053894
1162,0.08909487,0.010798840721161825,0.170360651489667
239,0.11719145,0.0071610504511823905,0.1701572658416439
501,0.117587745,0.007043698212128378,0.1697017333151183
194,0.17243356,0.0,0.16969837248325348
1099,0.100560114,0.009228866340086423,0.16969149552559473
1545,0.17194965,0.0,0.16927245259284973
1129,0.101413056,0.009038207412697018,0.16913544940980552
2343,0.10295021,0.008662323367091338,0.16791208163109503
1765,0.1690956,0.0,0.16676031053066254
1864,0.1690956,0.0,0.16676031053066254
1735,0.10208244,0.008574767274754449,0.16654813746492486
568,0.14785214,0.002143710109453587,0.16275512039614481
1159,0.11187813,0.006739208717120005,0.16258908114019707
1819,0.10888563,0.006985265322452887,0.16164159456544344
912,0.099658236,0.008044164854080351,0.16077750430180787
1992,0.16031596,0.0,0.1590324342250824
2368,0.11581774,0.005622045677827448,0.1583994896214771
1147,0.0904464,0.0088034394872899,0.1578734240981276
1807,0.15892948,0.0,0.15781205892562866
1157,0.084369704,0.009493825322998884,0.15725672836132099
1371,0.1405221,0.0022579989496351424,0.15708654253027834
904,0.1405221,0.0022579989496351424,0.15708654253027834
905,0.1405221,0.0022579989496351424,0.15708654253027834
947,0.152937,0.000579742928911177,0.1565111147517524
2367,0.08065756,0.009858340802727256,0.15648773231509422
956,0.12271285,0.004388229035527608,0.15601179249606034
599,0.12879407,0.0034977059343102765,0.15526068925165884
1073,0.1161535,0.004280085530228365,0.14949699782764195
1007,0.14549941,0.0,0.14599086344242096
2311,0.072002016,0.009338165430645615,0.14530373374551522
933,0.06153854,0.010648209589162471,0.145073026615615
1525,0.14390868,0.0,0.14459069073200226
2058,0.10735568,0.004500148847169197,0.14326147208394047
78,0.112156466,0.00377955285818309,0.14254804606364047
1963,0.05903799,0.010473714141855724,0.14167601184248074
2386,0.10136655,0.0046578174977406645,0.1390705185849853
1982,0.13074823,0.0,0.13300682604312897
1973,0.12335807,0.0,0.12650197744369507
1557,0.1229157,0.0,0.12611261010169983
1607,0.1229157,0.0,0.12611261010169983
1511,0.122426964,0.0,0.12568242847919464
1800,0.12157642,0.0,0.12493376433849335
2398,0.08927787,0.00381303940375446,0.12263976723344769
1139,0.09381841,0.003047893474501227,0.12139191218586623
1138,0.09381841,0.003047893474501227,0.12139191218586623
1066,0.068918236,0.006126294510507146,0.12057462203583973
1538,0.115624964,0.0,0.1196952760219574
1528,0.106120005,0.0,0.11132898926734924
1517,0.10389397,0.0,0.10936962068080902
1686,0.10389397,0.0,0.10936962068080902
1568,0.09955767,0.0,0.1055527925491333
1618,0.09955767,0.0,0.1055527925491333
1661,0.09955767,0.0,0.1055527925491333
1551,0.092633724,0.0,0.09945832192897797
1747,0.059895225,0.0,0.07064179331064224
1847,0.05989521,0.0,0.07064177840948105
1637,0.055729285,0.0,0.06697492301464081
1590,0.055729285,0.0,0.06697492301464081
1673,0.055729285,0.0,0.06697492301464081
1694,0.055729285,0.0,0.06697492301464081
1560,0.055729285,0.0,0.06697492301464081
1628,0.055729285,0.0,0.06697492301464081
1648,0.055729285,0.0,0.06697492301464081
1760,0.055729285,0.0,0.06697492301464081
1540,0.055729285,0.0,0.06697492301464081
1629,0.055729292,0.0,0.06697492301464081
1585,0.055729285,0.0,0.06697492301464081
1580,0.055729285,0.0,0.06697492301464081
1518,0.055729285,0.0,0.06697492301464081
1582,0.055729285,0.0,0.06697492301464081
1766,0.055729285,0.0,0.06697492301464081
1688,0.055729285,0.0,0.06697492301464081
1650,0.055729285,0.0,0.06697492301464081
1703,0.055729285,0.0,0.06697492301464081
1866,0.055729285,0.0,0.06697492301464081
1729,0.055729285,0.0,0.06697492301464081
1627,0.055729285,0.0,0.06697492301464081
1873,0.055729285,0.0,0.06697492301464081
1652,0.055729285,0.0,0.06697492301464081
1643,0.055729285,0.0,0.06697492301464081
1682,0.055729285,0.0,0.06697492301464081
1593,0.055729285,0.0,0.06697492301464081
1521,0.055729285,0.0,0.06697492301464081
1514,0.055729285,0.0,0.06697492301464081
1610,0.055729285,0.0,0.06697492301464081
1708,0.055729285,0.0,0.06697492301464081
1662,0.055729285,0.0,0.06697492301464081
1573,0.055729285,0.0,0.06697492301464081
1801,0.055729285,0.0,0.06697492301464081
1838,0.055729285,0.0,0.06697492301464081
1791,0.055729285,0.0,0.06697492301464081
1863,0.055729285,0.0,0.06697492301464081
1601,0.055729285,0.0,0.06697492301464081
1635,0.055729285,0.0,0.06697492301464081
1651,0.055729285,0.0,0.06697492301464081
1527,0.055729285,0.0,0.06697492301464081
1531,0.055729285,0.0,0.06697492301464081
1622,0.055729285,0.0,0.06697492301464081
1759,0.055729285,0.0,0.06697492301464081
1623,0.055729285,0.0,0.06697492301464081
1645,0.055729285,0.0,0.06697492301464081
1704,0.055729285,0.0,0.06697492301464081
1870,0.055729285,0.0,0.06697492301464081
1812,0.055729285,0.0,0.06697492301464081
1505,0.055729285,0.0,0.06697492301464081
1630,0.055729285,0.0,0.06697492301464081
1690,0.055729285,0.0,0.06697492301464081
1707,0.055729285,0.0,0.06697492301464081
1679,0.055729285,0.0,0.06697492301464081
1859,0.055729285,0.0,0.06697492301464081
1510,0.055729285,0.0,0.06697492301464081
1632,0.055729285,0.0,0.06697492301464081
1828,0.055729285,0.0,0.06697492301464081
1522,0.055729285,0.0,0.06697492301464081
1600,0.055729285,0.0,0.06697492301464081
1509,0.055729285,0.0,0.06697492301464081
1667,0.055729285,0.0,0.06697492301464081
1656,0.055729285,0.0,0.06697492301464081
1827,0.055729285,0.0,0.06697492301464081
1774,0.055729285,0.0,0.06697492301464081
1598,0.055729285,0.0,0.06697492301464081
1644,0.055729285,0.0,0.06697492301464081
1530,0.055729285,0.0,0.06697492301464081
1665,0.055729285,0.0,0.06697492301464081
1594,0.055729285,0.0,0.06697492301464081
1835,0.055729285,0.0,0.06697492301464081
1571,0.055729285,0.0,0.06697492301464081
1763,0.055729285,0.0,0.06697492301464081
1860,0.055729285,0.0,0.06697492301464081
1657,0.055729285,0.0,0.06697492301464081
1564,0.055729285,0.0,0.06697492301464081
1797,0.055729285,0.0,0.06697492301464081
1614,0.055729285,0.0,0.06697492301464081
1733,0.055729285,0.0,0.06697492301464081
1534,0.055729285,0.0,0.06697492301464081
1653,0.055729285,0.0,0.06697492301464081
1526,0.055729285,0.0,0.06697492301464081
1740,0.055729285,0.0,0.06697492301464081
1587,0.055729285,0.0,0.06697492301464081
1796,0.055729285,0.0,0.06697492301464081
1778,0.055729285,0.0,0.06697492301464081
1689,0.055729285,0.0,0.06697492301464081
1674,0.055729285,0.0,0.06697492301464081
1572,0.055729285,0.0,0.06697492301464081
1671,0.055729285,0.0,0.06697492301464081
1793,0.055729285,0.0,0.06697492301464081
1613,0.055729285,0.0,0.06697492301464081
1563,0.055729285,0.0,0.06697492301464081
1677,0.055729285,0.0,0.06697492301464081
1532,0.055729285,0.0,0.06697492301464081
1676,0.055729285,0.0,0.06697492301464081
1640,0.055729285,0.0,0.06697492301464081
1841,0.055729285,0.0,0.06697492301464081
1672,0.055729285,0.0,0.06697492301464081
1520,0.055729285,0.0,0.06697492301464081
1681,0.055729285,0.0,0.06697492301464081
1588,0.055729285,0.0,0.06697492301464081
1770,0.055729285,0.0,0.06697492301464081
1684,0.055729285,0.0,0.06697492301464081
1516,0.055729285,0.0,0.06697492301464081
1583,0.055729255,0.0,0.06697489321231842
1701,0.055729255,0.0,0.06697489321231842
1507,0.055729255,0.0,0.06697489321231842
1579,0.055729255,0.0,0.06697489321231842
1602,0.055729255,0.0,0.06697489321231842
1506,0.055729255,0.0,0.06697489321231842
1813,0.055729255,0.0,0.06697489321231842
1789,0.055729255,0.0,0.06697489321231842
1552,0.055729255,0.0,0.06697489321231842
1621,0.055729255,0.0,0.06697489321231842
1513,0.055729255,0.0,0.06697489321231842
1666,0.055729255,0.0,0.06697489321231842
1577,0.055729255,0.0,0.06697489321231842
1633,0.055729255,0.0,0.06697489321231842
1840,0.055729255,0.0,0.06697489321231842
1742,0.055729255,0.0,0.06697489321231842
1731,0.055729255,0.0,0.06697489321231842
1794,0.055729255,0.0,0.06697489321231842
1533,0.055729255,0.0,0.06697489321231842
1578,0.055729255,0.0,0.06697489321231842
1638,0.055729255,0.0,0.06697489321231842
1822,0.055729255,0.0,0.06697489321231842
1595,0.055729255,0.0,0.06697489321231842
1548,0.055729255,0.0,0.06697489321231842
1805,0.05349829,0.0,0.06501118838787079
1717,0.04143338,0.0,0.05439161881804466
2041,-0.02036102,0.004265665481037204,0.02923765498533869
